HotelID,Name Hotel,Location,Descriptions,Rating
1,Bebe Homestay Phu Quoc,Phú Quốc,"Nằm trên đảo Phú Quốc, Bebe Homestay Phu Quoc cung cấp chỗ nghỉ với quán bar, sảnh khách chung, vườn, WiFi miễn phí và tầm nhìn ra vườn. Homestay này có chỗ đỗ xe riêng miễn phí và bếp chung. Phòng nghỉ tại đây có khu vực ghế ngồi, khu vực ăn uống và bếp đi kèm máy rửa bát, lò vi sóng cùng tủ lạnh. Khách lưu trú tại homestay này có thể thưởng thức bữa sáng à la carte hoặc kiểu Á. Bebe Homestay Phu Quoc có sân hiên để khách thư giãn. Chùa Sùng Hưng nằm trong bán kính 7 km từ chỗ nghỉ trong khi Sòng bạc Corona cách đó 15 km. Sân bay gần nhất là sân bay quốc tế Phú Quốc, cách Bebe Homestay Phu Quoc 10 km.",8.1
8,Little Hanoi Hotel,Hà Nội,"Nằm đối diện Hồ Hoàn Kiếm trong Khu Phố Cổ, Little Diamond Hotel 2 cung cấp các phòng nghỉ lắp máy điều hòa với Wi-Fi miễn phí và nhà hàng. Khách sạn cách các điểm tham quan địa phương bao gồm Nhà hát Múa rối Nước và chợ đêm cuối tuần chưa đầy 10 phút đi bộ. Ga Hà Nội cách đó 2 km trong khi du khách đi 35 km là tới Sân bay quốc tế Nội Bài. Được trang bị sàn gỗ và hệ thống sưởi, mỗi phòng tại đây đều đi kèm truyền hình cáp cùng tủ lạnh mini. Phòng tắm riêng có bồn tắm, tiện nghi vòi sen nước nóng và đồ vệ sinh cá nhân. Phòng giữ hành lý, dịch vụ đưa đón sân bay và dịch vụ giặt là cũng được cung cấp cho khách. Khách cũng có thể thuê xe máy và xe đạp tại đây. Đội ngũ nhân viên của khách sạn cũng có thể hỗ trợ khách thông tin du lịch và dịch vụ đặt chỗ. Bữa sáng được phục vụ ngay trong phòng nghỉ của khách theo yêu cầu hoặc tại nhà hàng trong nhà của khách sạn (mở cửa từ 07:00-11:00).",5.5
10,Lantana Boutique Hoi An Hotel,Hội An,"Lantana Boutique Hoi An Hotel nằm trong bán kính chỉ 600 m từ Phố Cổ Hội An và có hồ bơi trong nhà. Khách sạn cung cấp chỗ ở hiện đại, trang nhã và có trung tâm thể dục. Du khách có thể sử dụng Wi-Fi miễn phí ở tất cả các khu vực và chỗ đỗ xe miễn phí ngay trong khuôn viên. Tọa lạc tại một vị trí thuận tiện, khách sạn cách Chùa Cầu Nhật Bản 400 m và Hội Quán Phúc Kiến 1 km. Sân bay Đà Nẵng cách đó khoảng 30 km. Các phòng nghỉ máy lạnh được bài trí trang nhã tại đây có sàn lát gạch, tủ quần áo, két an toàn cá nhân, TV truyền hình cáp màn hình phẳng và khu vực tiếp khách. Ngoài ra còn được trang bị ấm đun nước điện và minibar. Phòng tắm riêng đi kèm bồn tắm, máy sấy tóc và tiện nghi vòi sen. Tại Lantana Hoi An Boutique Hotel, du khách có thể tận hưởng dịch vụ mát-xa thư giãn tại spa hoặc thuê xe đạp/xe hơi để khám phá vùng lân cận. Nhân viên thân thiện tại quầy lễ tân 24 giờ có thể hỗ trợ du khách với các dịch vụ thu đổi ngoại tệ, giặt là và đặt tour du lịch. Khách sạn có nhà hàng, nơi du khách có thể thưởng thức tuyển chọn các món ăn địa phương và quốc tế ngon miệng. Đồ uống sau bữa ăn được phục vụ tại quầy bar.",7.3
14,Pistachio Hotel Sapa,Sa Pa,"Nằm ở thị xã Sa Pa, cách Ga cáp treo Fansipan Legend 4,6 km, Pistachio Hotel Sapa cung cấp chỗ nghỉ với nhà hàng, chỗ đỗ xe riêng miễn phí, hồ bơi ngoài trời và trung tâm thể dục. Trong số các tiện nghi của chỗ nghỉ này có dịch vụ phòng, sảnh khách chung và WiFi miễn phí trong toàn bộ khuôn viên. Chỗ nghỉ có hồ bơi trong nhà, nhân viên giải trí và lễ tân 24 giờ. Khách sạn cung cấp phòng nghỉ có máy điều hòa, bàn làm việc, ấm đun nước, minibar, két an toàn, TV màn hình phẳng và phòng tắm riêng với vòi xịt/chậu rửa vệ sinh. Tại Pistachio Hotel Sapa, mỗi phòng đều có ga trải giường và khăn tắm. Chỗ nghỉ phục vụ bữa sáng buffet hàng ngày. Pistachio Hotel Sapa có sân hiên. Các điểm tham quan nổi tiếng gần khách sạn bao gồm Hồ Sa Pa, Nhà thờ Đá Sa Pa và Bến xe Sa Pa. Sân bay gần nhất là sân bay Điện Biên Phủ, nằm trong bán kính 267 km từ Pistachio Hotel Sapa, và chỗ nghỉ cung cấp dịch vụ đưa đón sân bay với một khoản phụ phí.",7.6
20,Dalat Shalala~,Đà Lạt,"Chỗ nghỉ này có dịch vụ phòng và sân hiên. Chỗ nghỉ cung cấp WiFi miễn phí và có thể thu xếp chỗ đỗ xe riêng cho khách với một khoản phụ phí. Phòng nghỉ tại hostel được bố trí tủ để quần áo, TV màn hình phẳng, phòng tắm riêng, ga trải giường, khăn tắm và ấm đun nước. Một số phòng có ban công trong khi các phòng còn lại nhìn ra quang cảnh thành phố. Dalat Shalala~ nằm trong bán kính 2,6 km từ Vườn hoa Đà Lạt và 7 km từ Thiền viện Trúc Lâm. Sân bay gần nhất là sân bay Liên Khương, cách chỗ nghỉ 30 km.",5.7
24,Quynh Mai Resort,Phú Quốc,"Tọa lạc trên đảo Phú Quốc, Quynh Mai Resort có nhà hàng, hồ bơi ngoài trời, sảnh khách chung và vườn. Trong số các tiện nghi của chỗ nghỉ này có dịch vụ phòng, bàn đặt tour và WiFi miễn phí trong toàn bộ khuôn viên. Chỗ nghỉ có lễ tân 24 giờ, bếp chung và dịch vụ thu đổi ngoại tệ cho khách. Mỗi phòng nghỉ tại Quynh Mai Resort đều được trang bị bàn làm việc, TV màn hình phẳng, phòng tắm riêng, ga trải giường, khăn tắm, máy điều hòa và tủ để quần áo. Chỗ nghỉ phục vụ bữa sáng kiểu lục địa và tự chọn hàng ngày. Quynh Mai Resort có sân hiên tắm nắng. Resort nằm cách Bãi Dài 2 m và Chùa Sùng Hưng 7 km.",7.3
25,Q' Garden Homestay Villa,Huế,"Nằm cách Cầu Tràng Tiền 2,9 km, Q' Garden Homestay Villa có quầy bar, sảnh khách chung cũng như chỗ nghỉ gắn máy điều hòa với sân trong và WiFi miễn phí. Mỗi căn tại đây đều có bếp với lò vi sóng cùng tủ lạnh, két an toàn, TV truyền hình vệ tinh màn hình phẳng, tiện nghi ủi, bàn làm việc và khu vực ghế ngồi đi kèm ghế sofa. Một số căn được bố trí phòng tắm riêng với vòi xịt/chậu rửa vệ sinh, dép đi trong phòng, máy sấy tóc và đồ vệ sinh cá nhân miễn phí. Nhà nghỉ B&B này có sân chơi cho trẻ em. Chỗ nghỉ có vườn với tiện nghi BBQ và du khách có thể đi bộ đường dài ở khu vực gần đó. Chùa Chiêu Ứng và Chợ Đông Ba đều nằm trong bán kính 3,2 km từ Q' Garden Homestay Villa. Sân bay gần nhất là sân bay Phú Bài, cách đó 15 km, và chỗ nghỉ cung cấp dịch vụ đưa đón sân bay với một khoản phụ phí.",7.0
26,The Sóng Vũng Tàu Homestay - Vũng Tàu Land,Vũng Tàu,"Tọa lạc tại thành phố Vũng Tàu, The Sóng Vũng Tàu Homestay - Vũng Tàu Land có nhà hàng, lễ tân 24 giờ, quầy bar, khu vườn, hồ bơi ngoài trời mở cửa quanh năm, sân chơi cho trẻ em và tầm nhìn ra hồ. Trong khuôn viên chỗ nghỉ này có công viên nước và quầy bar thức ăn nhẹ. Mỗi căn tại đây đều được bố trí ghế sofa, khu vực ghế ngồi, TV màn hình phẳng với các kênh truyền hình cáp, bếp đầy đủ tiện nghi với khu vực ăn uống, két an toàn và phòng tắm riêng đi kèm dép đi trong phòng. Tủ lạnh, lò nướng, bếp nấu và ấm đun nước cũng được cung cấp sẵn. Khu vực chăm sóc sức khỏe tại căn hộ có trung tâm thể dục, phòng tắm hammam và phòng xông hơi khô. The Sóng Vũng Tàu Homestay - Vũng Tàu Land có sân hiên tắm nắng cùng sảnh khách chung. Chỗ nghỉ nằm cách Bãi Sau 600 m và Bãi Dứa 2 km. Sân bay gần nhất là sân bay Vũng Tàu, nằm cách The Sóng Vũng Tàu Homestay - Vũng Tàu Land 4 km.",6.2
30,Mi Lan Boutique Resort,Vũng Tàu,"Tọa lạc tại thành phố Vũng Tàu, cách Bãi Dứa 500 m, Mi Lan Boutique Resort có vườn, sân hiên và tầm nhìn ra vườn. Chỗ nghỉ này nằm trong bán kính khoảng 1,4 km từ Mũi Nghinh Phong, 3,6 km từ Bạch Dinh và 5 km từ Ngọn hải đăng Vũng Tàu. Khách sạn có tầm nhìn ra hồ bơi, hồ bơi ngoài trời mở cửa quanh năm, lễ tân 24 giờ và WiFi miễn phí. Mỗi phòng nghỉ tại Mi Lan Boutique Resort đều được bố trí máy điều hòa, tủ để quần áo, sân trong nhìn ra hồ nước, phòng tắm riêng, TV màn hình phẳng, ga trải giường và khăn tắm. Một số phòng có ban công. Các phòng được trang bị ấm đun nước và khu vực ghế ngồi. Các điểm tham quan nổi tiếng gần Mi Lan Boutique Resort bao gồm Bãi Sau, Bãi Trước và Tượng Chúa Kitô Vua. Sân bay gần nhất là sân bay quốc tế Tân Sơn Nhất, cách khách sạn 109 km.",6.3
37,The Pier Phu Quoc Resort,Phú Quốc,"Nằm trên đảo Phú Quốc, cách Chùa Sùng Hưng 9 km, The Pier Phu Quoc Resort cung cấp chỗ nghỉ với nhà hàng, chỗ đỗ xe riêng miễn phí, hồ bơi ngoài trời và quán bar. Mỗi phòng nghỉ tại resort 3 sao này đều có tầm nhìn ra biển và du khách có thể sử dụng khu vườn cũng như khu vực bãi biển riêng. Chỗ nghỉ cung cấp dịch vụ lễ tân 24 giờ, dịch vụ phòng và dịch vụ thu đổi ngoại tệ cho khách. Phòng nghỉ tại resort có máy điều hòa, bàn làm việc, TV màn hình phẳng, két an toàn, phòng tắm riêng, ga trải giường, khăn tắm và sân trong nhìn ra hồ bơi.  The Pier Phu Quoc Resort phục vụ bữa sáng buffet hàng ngày. Chỗ nghỉ có sân hiên. Sòng bạc Corona và công viên giải trí Vinpearl Land Phú Quốc đều nằm trong bán kính 25 km từ The Pier Phu Quoc Resort.",6.9
43,DalatCenter - Stunning Landscape from Center,Đà Lạt,"Tọa lạc tại khu Hồ Xuân Hương thuộc thành phố Đà Lạt, gần Quảng trường Lâm Viên, DalatCenter - Stunning Landscape from Center có WiFi miễn phí và máy giặt. Căn hộ này nằm cách Vườn hoa Đà Lạt 2,3 km và Hồ Tuyền Lâm 5 km. Căn hộ này được bố trí 2 phòng ngủ, TV và bếp. Khăn tắm và ga trải giường được cung cấp cho khách. Các điểm tham quan nổi tiếng gần căn hộ bao gồm Hồ Xuân Hương, Công viên Yersin và Biệt thự Hằng Nga (Ngôi nhà điên). Sân bay gần nhất là sân bay Liên Khương, nằm trong bán kính 30 km từ DalatCenter - Stunning Landscape from Center.",8.2
44,Nhà Mình Homestay,Đà Lạt,"Tọa lạc tại thành phố Đà Lạt, cách Quảng trường Lâm Viên 2,8 km và Hồ Xuân Hương 2,9 km, Nhà Mình Homestay cung cấp chỗ nghỉ với khu vườn cũng như chỗ đỗ xe riêng miễn phí cho khách lái xe. Khách sạn này có các phòng gia đình và sân hiên. Chỗ nghỉ cung cấp dịch vụ lễ tân 24 giờ và dịch vụ phòng cho khách. Tất cả phòng nghỉ tại đây đều được bố trí phòng tắm riêng, dép và ga trải giường. Khách nghỉ tại motel có thể thưởng thức bữa sáng à la carte hoặc bữa sáng kiểu Mỹ. Công viên Yersin và Vườn hoa Đà Lạt nằm cách Nhà Mình Homestay lần lượt 3 km và 3,6 km. Sân bay gần nhất là sân bay Liên Khương, cách đó 21 km, và chỗ nghỉ cung cấp dịch vụ đưa đón sân bay với một khoản phụ phí.",5.9
49,Thanh Bình Hotel,Vũng Tàu,"Chỗ nghỉ này nằm gần một số điểm tham quan nổi tiếng, cách Bến tàu Cánh ngầm 1,3 km, trung tâm thương mại Lam Sơn square 1,6 km và Sân vận động Lam Sơn 1,9 km. Chỗ nghỉ có lễ tân 24 giờ và dịch vụ thu đổi ngoại tệ cho khách. Tất cả phòng nghỉ tại đây đều được trang bị máy điều hòa, TV truyền hình vệ tinh màn hình phẳng, tủ lạnh, ấm đun nước, vòi sen, dép và bàn làm việc. Các phòng có phòng tắm riêng, máy sấy tóc và ga trải giường. Các điểm tham quan nổi tiếng gần khách sạn bao gồm Bãi Sau, Bãi Dứa và Tượng Chúa Ki-tô Vua. Sân bay gần nhất là sân bay quốc tế Tân Sơn Nhất, nằm trong bán kính 109 km từ Thanh Bình Hotel, và chỗ nghỉ cung cấp dịch vụ đưa đón sân bay với một khoản phụ phí.",7.3
50,Sapa Tatu Homestay,Sa Pa,"Tọa lạc tại thị trấn Sa Pa, Sapa Tatu Homestay có nhà hàng, lễ tân 24 giờ, quầy bar, vườn, sân hiên và tầm nhìn ra vườn. Chỗ nghỉ này cung cấp WiFi miễn phí. Chỗ nghỉ được bố trí phòng tắm riêng đầy đủ tiện nghi với vòi sen và dép đi trong phòng. Nhà nghỉ B&B này phục vụ bữa sáng kiểu lục địa hoặc bữa sáng à la carte. Sapa Tatu Homestay cung cấp dịch vụ cho thuê xe đạp và xe hơi trong khi du khách có thể đi xe đạp trong khu vực gần đó. Các điểm tham quan nổi tiếng gần chỗ nghỉ bao gồm trung tâm thương mại Sun Plaza, Hồ Sa Pa và Quảng trường Trung tâm Sa Pa.",8.0
53,Pullman Vung Tau,Vũng Tàu,"Mỗi chỗ nghỉ tại khách sạn 5 sao này đều có tầm nhìn ra quang cảnh thành phố và du khách có thể thư giãn ở quầy bar cũng như khu vườn. Chỗ nghỉ cung cấp dịch vụ lễ tân 24 giờ, dịch vụ phòng và dịch vụ thu đổi ngoại tệ cho khách. Mỗi phòng nghỉ tại khách sạn đều được trang bị máy điều hòa, khu vực ghế ngồi, TV màn hình phẳng với các kênh truyền hình vệ tinh, két an toàn và phòng tắm riêng với vòi sen, áo choàng tắm cùng dép đi trong phòng. Pullman Vung Tau cung cấp một số phòng nhìn ra hồ và tất cả các phòng đều có ấm đun nước. Các phòng được trang bị ga trải giường và khăn tắm. Pullman Vung Tau phục vụ bữa sáng kiểu lục địa và bữa sáng buffet hằng ngày. Khách sạn cung cấp chỗ nghỉ 5 sao với phòng xông hơi khô và sân hiên tắm nắng. Pullman Vung Tau nằm cách Khu du lịch sinh thái và văn hóa Hồ Mây 3,7 km trong khi Bạch Dinh cách đó 4,1 km. Sân bay gần nhất là sân bay Vũng Tàu, cách đó 4 km, và chỗ nghỉ cung cấp dịch vụ đưa đón sân bay với một khoản phụ phí.",6.7
57,La Casa Resort,Phú Quốc,"Tọa lạc tại đảo Phú Quốc, cách Bãi biển Ông Lang 600 m, La Casa Resort có dịch vụ nhận phòng/trả phòng cấp tốc, phòng nghỉ không gây dị ứng, hồ bơi ngoài trời, WiFi miễn phí trong toàn bộ khuôn viên và quầy bar. Mỗi phòng nghỉ tại resort 3 sao này đều có tầm nhìn ra vườn. Du khách có thể thư giãn trong vườn và trên sân hiên. Chỗ nghỉ cung cấp dịch vụ lễ tân 24 giờ, dịch vụ phòng và dịch vụ thu đổi ngoại tệ cho khách. Phòng nghỉ tại resort được trang bị máy điều hòa, khu vực ghế ngồi, TV truyền hình vệ tinh màn hình phẳng, két an toàn và phòng tắm riêng với vòi xịt/chậu rửa vệ sinh, dép đi trong phòng cùng máy sấy tóc. La Casa Resort cung cấp một số phòng có sân trong và mỗi phòng đều có ấm đun nước. Tất cả các phòng đều được bố trí ga trải giường và khăn tắm. Đi xe đạp là hoạt động được ưa chuộng trong khu vực và La Casa Resort cũng cung cấp dịch vụ cho thuê xe hơi. Resort nằm cách Chùa Sùng Hưng 9 km và Sòng bạc Corona 14 km.",6.3
68,Le Home,Huế,"Nằm cách Lăng Tự Đức 2,1 km, chỗ nghỉ này cũng có bếp chung. Nhà nghỉ B&B lắp máy điều hòa này được bố trí 2 phòng ngủ, phòng khách, bếp đầy đủ tiện nghi với tủ lạnh và ấm đun nước cũng như 1 phòng tắm đi kèm chậu rửa vệ sinh (bidet) cùng vòi sen. Nhà nghỉ B&B này phục vụ bữa sáng kiểu Á hàng ngày. Le Home có sân hiên. Tử Cấm Thành nằm trong bán kính 5 km từ chỗ nghỉ trong khi Cầu Tràng Tiền cách đó 6 km. Sân bay gần nhất là sân bay Phú Bài, cách Le Home 19 km.",9.5
70,M&C Hotel Nha Trang,Nha Trang,"M&C Hotel Nha Trang cung cấp phòng nghỉ gắn máy điều hòa với TV truyền hình cáp màn hình phẳng tại khu Bãi biển Nha Trang thuộc thành phố Nha Trang. Chỗ nghỉ này nằm trong bán kính khoảng 1,8 km từ Quảng trường 2/4, 1,9 km từ Tháp Trầm Hương và 2,9 km từ Viện Hải dương học. Chỗ nghỉ cung cấp phòng giữ hành lý và WiFi miễn phí trong toàn bộ khuôn viên. Tất cả phòng nghỉ tại khách sạn đều được trang bị bàn làm việc và tủ để quần áo. Trong số các điểm tham quan nổi tiếng gần M&C Hotel Nha Trang có Bãi biển Nha Trang, quán Sailing Club và Trung tâm Thuyền buồm Việt Nam. Sân bay gần nhất là sân bay quốc tế Cam Ranh, cách chỗ nghỉ 35 km.",8.0
71,Hanoi La Castela Hotel,Hà Nội,"Nằm ở thành phố Hà Nội, cách Nhà hát múa rối nước Thăng Long 600 m, Hanoi La Castela Hotel cung cấp WiFi miễn phí, dịch vụ nhận phòng/trả phòng cấp tốc và dịch vụ tiền sảnh. Khách sạn này nằm cách các điểm tham quan như Chợ Đồng Xuân, Bảo tàng Mỹ thuật Việt Nam và trung tâm thương mại Tràng Tiền Plaza một quãng ngắn. Nơi đây cung cấp dịch vụ lễ tân 24 giờ, dịch vụ phòng và dịch vụ thu đổi ngoại tệ cho khách. Phòng nghỉ gắn máy điều hòa tại Hanoi La Castela Hotel có bàn làm việc, ấm đun nước, tủ lạnh, minibar, két an toàn, TV màn hình phẳng và phòng tắm riêng với vòi xịt/chậu rửa vệ sinh. Các phòng được trang bị ga trải giường và khăn tắm. Chỗ nghỉ phục vụ bữa sáng à la carte hằng ngày. Khu vực này nổi tiếng với hoạt động đi xe đạp và du khách có thể thuê xe đạp/xe hơi tại Hanoi La Castela Hotel. Trong số các điểm tham quan nổi tiếng gần khách sạn có Nhà Thờ Lớn, Hồ Hoàn Kiếm và Ô Quan Chưởng. Sân bay gần nhất là sân bay quốc tế Nội Bài, nằm trong bán kính 25 km từ Hanoi La Castela Hotel, và chỗ nghỉ cung cấp dịch vụ đưa đón sân bay với một khoản phụ phí.",7.6
72,Phú Quốc Hotel,Phú Quốc,"Chỗ nghỉ còn có phòng gia đình và sân hiên tắm nắng. Chỗ nghỉ cung cấp dịch vụ lễ tân 24 giờ, dịch vụ phòng và dịch vụ thu đổi ngoại tệ cho khách. Mỗi phòng nghỉ tại khách sạn đều có TV màn hình phẳng, phòng tắm riêng và ban công nhìn ra khu vườn. Các điểm tham quan nổi tiếng gần Phu Quoc Hotel bao gồm Chùa Sùng Hưng, Nhà thùng Nước mắm và Trung tâm Lặn biển Coco. Sân bay gần nhất là sân bay quốc tế Phú Quốc, cách chỗ nghỉ 6 km.",5.0
74,Colorful Home Stay Phú Quốc,Phú Quốc,"Tọa lạc ở đảo Phú Quốc, cách Chùa Sùng Hưng 10 km, Colorful Home Stay Phú Quốc cung cấp chỗ nghỉ với sảnh khách chung, chỗ đỗ xe riêng miễn phí, khu vườn và tiện nghi BBQ. Khách sạn này có các phòng gia đình và sân hiên tắm nắng. Chỗ nghỉ cũng có bếp chung, dịch vụ phòng và dịch vụ thu đổi ngoại tệ cho khách. Phòng nghỉ tại Colorful Home Stay Phú Quốc được bố trí khu vực ghế ngồi, TV truyền hình cáp màn hình phẳng và phòng tắm riêng với đồ vệ sinh cá nhân miễn phí cùng chậu rửa vệ sinh (bidet). Các phòng còn có máy điều hòa và bàn làm việc. Đi bộ đường dài và đạp xe là các hoạt động được ưa chuộng trong khu vực trong khi du khách cũng có thể thuê xe hơi tại chỗ nghỉ. Sòng bạc Corona nằm trong bán kính 31 km từ Colorful Home Stay Phú Quốc trong khi công viên giải trí Vinpearl Land Phú Quốc cách đó 32 km.",8.0
77,NHÀ NGHỈ HOA PHÁT,Phú Quốc,"Tọa lạc tại đảo Phú Quốc, cách Bãi Dài 200 m và Chùa Sùng Hưng 90 m, NHÀ NGHỈ HOA PHÁT cung cấp chỗ nghỉ với khu vườn và WiFi miễn phí cũng như chỗ đỗ xe riêng miễn phí cho khách lái xe. Chỗ nghỉ này có các phòng gia đình và sân hiên. Công viên giải trí Vinpearl Land Phú Quốc và Sòng bạc Corona đều nằm trong bán kính 21 km từ chỗ nghỉ. Mỗi phòng nghỉ tại nhà khách đều được trang bị tủ để quần áo, TV màn hình phẳng và phòng tắm riêng. Các điểm tham quan nổi tiếng gần NHÀ NGHỈ HOA PHÁT bao gồm Chợ đêm Phú Quốc, Dinh Cậu và Trung tâm Lặn biển Coco. Sân bay gần nhất là sân bay quốc tế Phú Quốc, cách chỗ nghỉ 6 km.",7.3
89,A&EM Phan Boi Chau,TP. Hồ Chí Minh,"Chỗ nghỉ này tọa lạc ngay tại trung tâm Thành phố Hồ Chí Minh, đối diện với Chợ Bến Thành. Chỗ nghỉ cung cấp dịch vụ mát-xa và phòng nghỉ hiện đại với truy cập Internet miễn phí. Phòng nghỉ không hút thuốc tại đây có sàn lát gạch, minibar, TV truyền hình cáp màn hình phẳng và két an toàn cá nhân. Phòng tắm riêng được trang bị máy sấy tóc và đồ vệ sinh cá nhân miễn phí. A&Em - Phan Boi Chau nằm trong bán kính 10 phút lái xe từ các điểm tham quan như Nhà thờ Đức Bà, Nhà Hát Lớn Sài Gòn và Bảo tàng Chứng tích Chiến tranh. Ga tàu Sài Gòn nằm cách chỗ nghỉ 15 phút lái xe trong khi sân bay quốc tế Tân Sơn Nhất cách đó 25 phút lái xe. Nhân viên tại quầy lễ tân 24 giờ có thể hỗ trợ khách với các dịch vụ sắp xếp việc đi lại, giữ hành lý, thu đổi ngoại tệ hoặc đưa đón. Chỗ nghỉ cũng có trung tâm dịch vụ doanh nhân. Nhà hàng của A&Em phục vụ tiệc tự chọn vào bữa sáng.",5.1
90,Grand Hotel Vung Tau,Vũng Tàu,"Được xây dựng cách đây hơn 1 thế kỷ, Grand Hotel Vung Tau tọa lạc tại thành phố cảng Vũng Tàu. Nằm bên trong tòa nhà giàu tính di sản đã được phục chế, khách sạn này cung cấp các phòng có Wi-Fi miễn phí. Các phòng rộng rãi và hiện đại tại đây được trang bị máy lạnh cũng như truyền hình cáp/vệ tinh. Phòng còn bao gồm các tiện nghi khác như tủ lạnh và két an toàn. Phòng tắm riêng có đồ dùng vệ sinh cá nhân miễn phí, máy sấy tóc và vòi sen. Grand Hotel Vung Tau cách Thành phố Hồ Chí Minh khoảng 125 km. Khách có thể rèn luyện sức khỏe ở trung tâm thể dục của khách sạn và sau đó thư giãn bằng liệu pháp mát-xa. Các tiện nghi giải trí khác gồm có sân tennis, phòng xông hơi khô và phòng hát karaoke. Khách lái xe được đỗ xe miễn phí trong bãi đậu xe công cộng. Các món ăn Việt Nam truyền thống và ẩm thực quốc tế được phục vụ tại Le Gran Restaurant. Khách sẽ có dịp lắng nghe những bản nhạc cổ điển và thưởng thức cocktail cũng như món ăn nhẹ ở The Grand Lounge Bar. Dịch vụ phòng được cung cấp 24/24.",6.0
95,Asagari Dalat,Đà Lạt,"Nhà nghỉ dưỡng có phòng xông hơi khô. Khách nghỉ tại Asagari Dalat có thể thư giãn trên sân hiên. Công viên Yersin nằm trong bán kính 2,8 km từ chỗ nghỉ trong khi Thiền viện Trúc Lâm cách đó 3,8 km. Sân bay gần nhất là sân bay Liên Khương, cách Asagari Dalat 28 km.",6.0
96,Phu House,Phú Quốc,"Với sự pha trộn giữa kiến ​​trúc truyền thống và các tiện nghi hiện đại, Phu House chỉ cách trung tâm mua sắm Long Beach Centre 200 m. Nằm trên con phố chính Trần Hưng Đạo, chỗ nghỉ có cửa sổ mái đón nhiều ánh sáng mặt trời tự nhiên. Quý khách có thể dùng bữa tại nhà hàng hay đơn giản là thưởng thức ly đồ uống tùy chọn tại quầy bar trong khuôn viên. Với ánh đèn ấm áp, các phòng nghỉ tại đây toát lên vẻ đẹp mộc mạc. Mỗi phòng đều có máy điều hòa và TV màn hình phẳng. Phòng tắm riêng đi kèm góc tắm vòi sen. Quý khách có thể truy cập Wi-Fi miễn phí trong toàn bộ khuôn viên nơi này. Quý khách có thể thưởng thức các bữa ăn và đồ uống có cồn miễn phí trong khi thưởng ngoạn quang cảnh hoàng hôn ở nhà hàng trên tầng mái. Lễ tân 24 giờ cung cấp dịch vụ thu đổi ngoại tệ, sắp xếp tour du lịch, đặt vé cũng như trợ giúp đặc biệt. Quý khách có thể thưởng ngoạn cảnh hoàng hôn trên mái nhà hoặc chơi bida và bóng bàn ngay trong khuôn viên. Chỗ nghỉ cũng cho khách thuê xe hơi để khám phá khu vực.",6.1
101,Downtown Retro Serviced Apartment,TP. Hồ Chí Minh,"Cung cấp dịch vụ cho thuê xe đạp miễn phí và tiện nghi BBQ, Downtown Retro Serviced Apartment nằm ở Thành phố Hồ Chí Minh, không xa Bảo tàng Chứng tích chiến tranh và Công viên Tao Đàn. Chỗ nghỉ có máy điều hòa và phòng xông hơi khô. Chỗ nghỉ bao gồm phòng khách, khu vực phòng ăn và phòng tắm riêng với vòi sen. Một số chỗ nghỉ có sân hiên và/hoặc ban công, trong khi tất cả đều được trang bị bếp với lò nướng. Chỗ nghỉ cung cấp bữa sáng kiểu lục địa tự phục vụ hàng ngày với tuyển chọn bánh mì, mứt, mì ăn liền và trái cây tươi địa phương. Khách sạn căn hộ này cung cấp dịch vụ giặt là cùng các tiện nghi phục vụ doanh nhân như fax và photocopy. Du khách có thể thư giãn trong vườn của chỗ nghỉ. Dịch vụ phòng hàng ngày và dịch vụ dọn dẹp cũng được cung cấp cho khách. Du khách có thể dễ dàng tìm thấy các cửa hàng tiện lợi và siêu thị gần chỗ nghỉ. Downtown Retro Serviced Apartment cách Dinh Thống Nhất 900 m. Sân bay gần nhất là sân bay quốc tế Tân Sơn Nhất, cách đó 6 km.",6.5
105,Full House Hostel,TP. Hồ Chí Minh,"Chỗ nghỉ này cũng có dịch vụ phòng và sân chơi cho trẻ em. Nơi đây cung cấp dịch vụ lễ tân 24 giờ và chương trình giải trí buổi tối. Mỗi phòng nghỉ tại hostel đều có tủ để quần áo, TV màn hình phẳng, phòng tắm riêng, ga trải giường và khăn tắm. Các phòng được trang bị tủ lạnh. Full House Hostel có sân hiên. Các điểm tham quan nổi tiếng gần chỗ nghỉ bao gồm Bảo tàng Mỹ thuật, Bảo tàng Thành phố Hồ Chí Minh và Công viên Tao Đàn. Sân bay gần nhất là sân bay quốc tế Tân Sơn Nhất, cách Full House Hostel 13 km, và chỗ nghỉ cung cấp dịch vụ đưa đón sân bay với một khoản phụ phí.",8.0
107,December Hoi An Villa,Hội An,"Tọa lạc tại thành phố Hội An, December Hoi An Villa cung cấp chỗ nghỉ với WiFi miễn phí, hồ bơi, nhà hàng, xe đạp cho khách sử dụng miễn phí và tầm nhìn ra hồ bơi. Tất cả các căn tại đây đều được bố trí khu vực ghế ngồi, TV truyền hình vệ tinh màn hình phẳng và phòng tắm riêng đi kèm dép đi trong phòng, vòi xịt/chậu rửa vệ sinh cùng vòi sen. Một số căn còn được bố trí bếp với tủ lạnh và bếp nấu ăn. Biệt thự phục vụ bữa sáng kiểu Mỹ và kiểu Á hàng ngày. Trong khuôn viên December Hoi An Villa có sân hiên tắm nắng và du khách có thể đạp xe trong khu vực gần đó. Bảo tàng Lịch sử Hội An và Làng Thanh Hà đều nằm cách chỗ nghỉ 2,5 km. Sân bay gần nhất là sân bay quốc tế Đà Nẵng, nằm trong bán kính 25 km từ December Hoi An Villa, và chỗ nghỉ cung cấp dịch vụ đưa đón sân bay với một khoản phụ phí.",7.6
108,Li’s homestay,Vũng Tàu,"Tọa lạc ở thành phố Vũng Tàu, Li’s homestay có chỗ nghỉ, quán bar, sảnh khách chung, vườn, khu vực bãi biển riêng, tiện nghi BBQ và tầm nhìn ra biển. Chỗ nghỉ này cung cấp miễn phí WiFi và chỗ đỗ xe riêng trong khuôn viên. Với tầm nhìn ra hồ nước/vườn, mỗi căn tại đây đều được bố trí bếp, TV truyền hình cáp màn hình phẳng và đầu đĩa DVD, bàn làm việc, máy giặt cũng như phòng tắm riêng đi kèm vòi xịt/chậu rửa vệ sinh cùng máy sấy tóc. Để thêm phần thuận tiện cho du khách, chỗ nghỉ có thể cung cấp khăn tắm và ga trải giường với một khoản phụ phí. Căn hộ có sân hiên tắm nắng. Các điểm tham quan nổi tiếng gần Li’s homestay bao gồm Bãi Sau, Bãi Dứa và Bãi Trước. Sân bay gần nhất là sân bay quốc tế Tân Sơn Nhất, cách chỗ nghỉ 72 km.",8.0
109,OYO 1028 Flower House Apartment,Nha Trang,"Tọa lạc tại vị trí thuận tiện ở khu Bãi biển Phạm Văn Đồng thuộc thành phố Nha Trang, OYO 1028 Flower House Apartment nằm cách Bãi đá Hòn Chồng 100 m, Hòn Chồng 1,7 km và Tháp Bà Po Nagar 2,2 km. Trong số các tiện nghi của chỗ nghỉ này có lễ tân 24 giờ, dịch vụ phòng và WiFi miễn phí trong toàn bộ khuôn viên. Khách sạn có thể bố trí chỗ đỗ xe riêng cho khách với một khoản phụ phí. Trung tâm Suối khoáng nóng Tháp Bà và Chợ Đầm đều nằm trong bán kính 3,7 km từ khách sạn. Sân bay gần nhất là sân bay quốc tế Cam Ranh, cách OYO 1028 Flower House Apartment 30 km.",7.4
117,Hi You Hotel,Vũng Tàu,"Tọa lạc ở thành phố Vũng Tàu, cách Bãi Sau 2,3 m, Hi You Hotel cung cấp chỗ nghỉ với WiFi miễn phí và chỗ đỗ xe riêng miễn phí. Khách sạn 2 sao này có dịch vụ phòng và bàn đặt tour. Khách sạn có lễ tân 24 giờ, bếp chung và dịch vụ thu đổi ngoại tệ cho khách. Tất cả phòng nghỉ tại đây đều được trang bị máy điều hòa, TV truyền hình vệ tinh màn hình phẳng, ấm đun nước, vòi xịt/chậu rửa vệ sinh, dép đi trong phòng và bàn làm việc. Tất cả các phòng đều có phòng tắm riêng, máy sấy tóc và ga trải giường. Khách sạn có sân hiên tắm nắng. Bạch Dinh và Mũi Nghinh Phong đều cách Hi You Hotel 8 km. Sân bay gần nhất là sân bay quốc tế Tân Sơn Nhất, cách đó 103 km và khách sạn cung cấp dịch vụ đưa đón sân bay với một khoản phụ phí.",6.0
121,Golden River Hotel,Hội An,"Golden River Hotel nằm chỉ một vài bước chân từ phố cổ Hội An và cung cấp chỗ ở thoải mái, hồ bơi trong nhà và Wi-Fi miễn phí. Ngay trong khuôn viên khách sạn còn có nhà hàng. Khách sạn nằm khoảng 4 km từ bãi biển cộng cộng Cửa Đại và 3 km từ bãi biển công cộng An Bàng. Ngay trong khuôn viên khách sạn có chỗ đậu xe riêng miễn phí. Khách sạn có dịch vụ cho thuê xe đạp cho những khách muốn tự mình khám phá khu vực. Các phòng nghỉ của khách sạn Golden River được trang bị máy lạnh đầy đủ và truyền hình cáp màn hình phẳng, minibar và khu vực tiếp khách. Các phòng đều có phòng tắm riêng với đồ vệ sinh cá nhân miễn phí. Nhà hàng trong nhà phục vụ bữa sáng tự chọn hàng ngày. Ngoài ra còn có một số quán cà phê và quán ăn địa phương nằm trong khoảng cách đi bộ của khách sạn.",7.1
123,Bắp và Bơ Homestay,Đà Lạt,"Các điểm tham quan nổi tiếng gần homestay này bao gồm Vườn hoa Đà Lạt, Biệt thự Hằng Nga (Ngôi nhà điên) và Dinh Bảo Đại. Sân bay gần nhất là sân bay Liên Khương, cách Bắp và Bơ Homestay 23 km.",9.0
128,Duc Vuong Saigon Hotel - Bui Vien,TP. Hồ Chí Minh,"Duc Vuong Saigon Hotel - Bui Vien nằm trong Khu Tây Ba lô nhộn nhịp ở Quận 1, cách Công viên 23/9 chỉ 400 m. Khách sạn này có WiFi miễn phí ở các khu vực chung, sân hiên, quán bar và nhà hàng trong khuôn viên. Chợ Bến Thành và Bảo tàng Mỹ thuật Hồ Chí Minh đều nằm trong bán kính 1 km từ chỗ nghỉ trong khi Dinh Thống Nhất và Nhà thờ Đức Bà cách đó lần lượt 1,4 km và 1,8 km. Sân bay gần nhất là sân bay quốc tế Tân Sơn Nhất, cách Duc Vuong Saigon Hotel - Bui Vien 8 km. Tất cả phòng nghỉ không hút thuốc tại đây được trang bị TV màn hình phẳng, minibar và tủ lạnh. Phòng tắm riêng trong mỗi phòng đi kèm tiện nghi vòi sen, đồ vệ sinh cá nhân miễn phí và máy sấy tóc. Một số phòng có cửa sổ lớn và/hoặc tầm nhìn. Một số phòng được bố trí khu vực ghế ngồi, bàn làm việc và/hoặc ghế sofa. Khách sạn cung cấp dịch vụ lễ tân 24 giờ, nơi nhân viên có thể hỗ trợ khách với phòng giữ hành lý và các dịch vụ tiền sảnh khác. Dịch vụ cho thuê xe đạp/xe hơi và đưa đón sân bay có thể được bố trí theo yêu cầu, với một khoản phụ phí.",6.8
129,Hung Anh Hotel,Đà Nẵng,"Nằm ở thành phố Đà Nẵng, cách Bãi biển Mỹ Khê 200 m, Hung Anh Hotel cung cấp chỗ nghỉ với nhà hàng, chỗ đỗ xe riêng miễn phí, hồ bơi ngoài trời và trung tâm thể dục. Trong số các tiện nghi của chỗ nghỉ này có dịch vụ phòng, sảnh khách chung và WiFi miễn phí trong toàn bộ khuôn viên. Chỗ nghỉ cung cấp dịch vụ lễ tân 24 giờ, bếp chung và dịch vụ thu đổi ngoại tệ cho khách. Tất cả phòng nghỉ tại Hung Anh Hotel đều được trang bị máy điều hòa, TV truyền hình vệ tinh màn hình phẳng, tủ lạnh, ấm đun nước, vòi xịt/chậu rửa vệ sinh, dép và tủ để quần áo. Các phòng có phòng tắm riêng, vòi sen, máy sấy tóc, ga trải giường và khăn tắm. Một số phòng được bố trí két an toàn.  Chỗ nghỉ phục vụ bữa sáng kiểu lục địa và bữa sáng buffet hằng ngày. Hung Anh Hotel có sân hiên. Đi bộ đường dài là hoạt động phổ biến trong khu vực và du khách cũng có thể thuê xe đạp/xe hơi tại khách sạn. Hung Anh Hotel nằm trong bán kính 2 km từ Bãi biển Bắc Mỹ An và 2,1 km từ Cầu khóa Tình yêu. Sân bay gần nhất là sân bay quốc tế Đà Nẵng, cách đó 6 km, và chỗ nghỉ cung cấp dịch vụ đưa đón sân bay với một khoản phụ phí.",7.6
130,The Samson - Beach Boutique Hotel,Đà Nẵng,"Tọa lạc tại thành phố Đà Nẵng, cách Bãi biển Mỹ Khê 500 m và Bãi biển Bắc Mỹ An 2,1 km, The Samson - Beach Boutique Hotel cung cấp chỗ nghỉ với vườn và WiFi miễn phí cũng như chỗ đỗ xe riêng miễn phí cho khách lái xe. Chỗ nghỉ này có các phòng gia đình và sân hiên. Chỗ nghỉ cung cấp dịch vụ lễ tân 24 giờ, dịch vụ phòng và dịch vụ thu đổi ngoại tệ cho khách. Tất cả phòng nghỉ tại đây đều được trang bị máy điều hòa, TV truyền hình vệ tinh màn hình phẳng, tủ lạnh, ấm đun nước, vòi sen, dép và bàn làm việc. Một số phòng còn được bố trí khu vực bếp nấu ăn. Các phòng có phòng tắm riêng, máy sấy tóc và ga trải giường. Cầu khóa Tình yêu nằm trong bán kính 1,6 km từ khách sạn trong khi Bảo tàng Chăm cách đó 2,2 km. Sân bay gần nhất là sân bay quốc tế Đà Nẵng, cách The Samson - Beach Boutique Hotel 6 km.",7.2
137,Khách sạn LiLac Hotel Đà Lạt,Đà Lạt,"Tọa lạc tại thành phố Đà Lạt, cách Vườn hoa Đà Lạt 700 m và Hồ Xuân Hương 1,4 km, Khách sạn LiLac Hotel Đà Lạt cung cấp chỗ nghỉ với khu vườn và WiFi miễn phí trong toàn bộ khuôn viên cũng như chỗ đỗ xe riêng miễn phí cho khách lái xe. Mỗi chỗ nghỉ tại khách sạn 3 sao này đều có tầm nhìn ra khu vườn và du khách có thể thư giãn trên sân hiên. Chỗ nghỉ cung cấp dịch vụ lễ tân 24 giờ, dịch vụ phòng và tổ chức các tour du lịch cho khách. Phòng nghỉ tại khách sạn được trang bị TV truyền hình cáp màn hình phẳng, minibar, ấm đun nước, vòi sen, áo choàng tắm và bàn làm việc. Các phòng được bố trí két an toàn và phòng tắm riêng với dép. Một số phòng còn có ban công.  Khách sạn LiLac Hotel Đà Lạt nằm trong bán kính 1,5 km từ Công viên Yersin và 1,7 km từ Quảng trường Lâm Viên. Sân bay gần nhất là sân bay Liên Khương, cách chỗ nghỉ 24 km.",6.8
141,Hanoi La Siesta Hotel Trendy,Hà Nội,"Nằm ở quận Hoàn Kiếm thuộc thành phố Hà Nội, cách Nhà Thờ Lớn Hà Nội 500 m, Hanoi La Siesta Hotel Trendy là khách sạn boutique sang trọng đến từng chi tiết có Wi-Fi miễn phí và nhà hàng Red Bean cho tầm nhìn ra toàn cảnh Khu Phố Cổ. Trong khuôn viên nơi này cũng có spa. Mỗi phòng nghỉ tại khách sạn này đều được trang bị máy lạnh và TV truyền hình cáp màn hình phẳng. Tất cả các phòng đi kèm phòng tắm riêng với vòi sen. Khách sạn có lễ tân 24 giờ. Tại đây còn có hầm rượu và quầy bar bán xì gà cũng như thư viện/sảnh khách, giúp du khách thư giãn. Đền Ngọc Sơn cách Hanoi La Siesta Hotel Trendy 700 m trong khi Chợ Đồng Xuân cách khách sạn 800 m. Sân bay gần nhất là Sân bay Quốc tế Nội Bài, cách Hanoi La Siesta Hotel Trendy 21 km.",8.2
143,Caravelle Saigon,TP. Hồ Chí Minh,"Kể từ khi mở cửa vào Đêm Giáng sinh năm 1959, Caravelle Sai Gon được biết đến là một phần quan trọng ở thành phố tuyệt vời này. Tọa lạc ngay giữa trung tâm thành phố, khách sạn nằm cách các địa danh và địa điểm mang tính biểu tượng như Nhà Hát Lớn, Nhà thờ Đức Bà, Đường Đồng Khởi lịch sử, phố đi bộ Nguyễn Huệ và Chợ Bến Thành huyền thoại một quãng đi bộ ngắn. Các khu mua sắm hiện đại, Vincom Center và Saigon Centre, nằm ngay gần đó. Tuy điều quan trọng nhất tạo nên tên tuổi của Caravelle Sai Gon là tính lịch sử nhưng phòng nghỉ của khách sạn này lại hiện đại và sang trọng, khiến nơi đây trở thành địa điểm lý tưởng để du khách có những trải nghiệm khó quên tại một trong những thành phố sôi động nhất thế giới.",6.6
145,Cẩm Tú Cầu 27 Lê Hồng Phong,Đà Lạt,"Tọa lạc tại thành phố Đà Lạt, cách Quảng trường Lâm Viên 2,5 km, Cẩm Tú Cầu 27 Lê Hồng Phong cung cấp chỗ nghỉ với quầy bar, chỗ đỗ xe riêng miễn phí và sảnh khách chung. Chỗ nghỉ này có các phòng gia đình và sân hiên tắm nắng. Chỗ nghỉ cung cấp bếp chung, dịch vụ phòng và dịch vụ thu đổi ngoại tệ cho khách. WiFi được cung cấp miễn phí cho tất cả các khách trong khi một số phòng còn có ban công. Khách sạn nằm trong bán kính 2,6 km từ Hồ Xuân Hương và 2,8 km từ Công viên Yersin. Sân bay gần nhất là sân bay Liên Khương, cách Cẩm Tú Cầu 27 Lê Hồng Phong 30 km, và chỗ nghỉ cung cấp dịch vụ đưa đón sân bay với một khoản phụ phí.",6.7
151,Saclo Villa and Hostel,Hội An,"Tọa lạc ở thành phố Hội An, ""Pho Hoi Ancient Town Beauty Boutique Villa Hotel"" có nhà hàng, xe đạp cho khách sử dụng miễn phí, hồ bơi ngoài trời và quán bar. Khách sạn này có các phòng gia đình và sân hiên. Chỗ nghỉ cung cấp dịch vụ lễ tân 24 giờ, dịch vụ đưa đón sân bay, dịch vụ phòng và WiFi miễn phí. Tất cả phòng nghỉ của khách sạn đều được trang bị máy điều hòa, truyền hình cáp màn hình phẳng, ấm đun nước, chậu rửa vệ sinh (bidet), máy sấy tóc và bàn làm việc. Mỗi phòng còn có tủ để quần áo và phòng tắm riêng. Khách nghỉ tại Pho Hoi Ancient Town có thể thưởng thức bữa sáng kiểu lục địa. Đi xe đạp là hoạt động được ưa chuộng trong khu vực và chỗ nghỉ cũng cho thuê xe đạp/xe hơi. ""Pho Hoi Ancient Town Beauty Boutique Villa Hotel"" cung cấp dịch vụ giặt hấp cũng như các tiện nghi phục vụ doanh nhân như máy fax và máy photocopy. Các điểm tham quan nổi tiếng gần khách sạn bao gồm Hội quán Triều Châu, Bảo tàng Lịch sử Hội An và Hội quán Hải Nam. Sân bay gần nhất là sân bay quốc tế Đà Nẵng, cách Pho Hoi Ancient Town 24 km.",8.1
152,Riverlife Homestay,Hội An,"Các bữa ăn được phục vụ tại nhà hàng trong khi chỗ đỗ xe riêng miễn phí cũng có sẵn. Riverlife Homestay cách Chùa Cầu Nhật Bản 500 m và cách Hội Quán Quảng Đông Trung Quốc 600 m. Sân bay Quốc tế Đà Nẵng cách nơi nghỉ này 23 km. Mỗi phòng nghỉ tại đây đều có truyền hình cáp màn hình phẳng, bàn làm việc và minibar. Các phòng còn có khu vực tiếp khách và phòng tắm riêng với vòi sen cùng máy sấy tóc. Khách có thể sử dụng khu vườn, sân hiên và lễ tân 24 giờ. Các tiện nghi khác bao gồm dịch vụ đặt vé, bàn đặt tour và dịch vụ thu đổi ngoại tệ.",8.3
156,Moonlight Bay Panorama Ocean View,Nha Trang,"Tọa lạc tại thành phố Nha Trang, cách Bãi biển Nha Trang 200 m, Moonlight Bay Panorama Ocean View có hồ bơi trong nhà cũng như chỗ nghỉ gắn máy điều hòa với WiFi miễn phí. Chỗ nghỉ này cung cấp chỗ đỗ xe riêng ngay trong khuôn viên. Mỗi căn tại đây đều có ban công nhìn ra quang cảnh thành phố, TV truyền hình vệ tinh màn hình phẳng, khu vực ghế ngồi, bếp đầy đủ tiện nghi và phòng tắm riêng với vòi sen, áo choàng tắm cùng dép đi trong phòng. Các căn còn được trang bị lò vi sóng, tủ lạnh, bếp nấu ăn và ấm đun nước. Khách sạn căn hộ này phục vụ bữa sáng kiểu lục địa hoặc bữa sáng buffet. Moonlight Bay Panorama Ocean View có sân hiên và khu vườn. Các điểm tham quan nổi tiếng gần chỗ nghỉ bao gồm Quảng trường 2/4, Tháp Trầm Hương và Trung tâm Thuyền buồm Việt Nam. Sân bay gần nhất là sân bay quốc tế Cam Ranh, nằm trong bán kính 26 km từ Moonlight Bay Panorama Ocean View.",8.5
158,Hotel Hoai Anh,Vũng Tàu,"Khách sạn 1 sao này cung cấp dịch vụ phòng và dịch vụ tiền sảnh. Chỗ nghỉ có lễ tân 24 giờ và bếp chung cho khách sử dụng. Phòng nghỉ tại Hotel Hoai Anh được bố trí máy điều hòa, khu vực ghế ngồi, TV truyền hình vệ tinh màn hình phẳng, bếp, khu vực ăn uống, ấm đun nước và phòng tắm riêng với dép, vòi xịt/chậu rửa vệ sinh cùng vòi sen. Một số phòng có ban công trong khi các phòng còn lại nhìn ra quang cảnh thành phố. Mỗi phòng đều được trang bị ga trải giường và khăn tắm. Chỗ nghỉ có sân hiên. Các điểm tham quan nổi tiếng gần Hotel Hoai Anh bao gồm Mũi Nghinh Phong, Tượng Chúa Kitô Vua và Công viên Thỏ Trắng. Sân bay gần nhất là sân bay Vũng Tàu, nằm trong bán kính 7 km từ khách sạn, và chỗ nghỉ cung cấp dịch vụ đưa đón sân bay với một khoản phụ phí.",7.5
159,Tai Tri Guest House,Phú Quốc,"Tọa lạc tại thành phố Phú Quốc, cách Bãi Dài 350 m và Chùa Sùng Hưng 2,8 km, Tai Tri Guest House cung cấp chỗ nghỉ với sảnh khách chung và WiFi miễn phí. Chỗ nghỉ này có các phòng gia đình và sân hiên tắm nắng, lễ tân 24 giờ, bếp chung cũng như phòng giữ hành lý cho khách. Phòng nghỉ tại nhà khách này được trang bị máy điều hòa, TV truyền hình cáp màn hình phẳng, tủ lạnh, ấm đun nước, vòi sen, dép và bàn làm việc. Các phòng còn có phòng tắm riêng với đồ vệ sinh cá nhân miễn phí. Sòng bạc Corona và công viên giải trí Vinpearl Land Phú Quốc đều nằm cách Tai Tri Guest House 24 km.",7.1
167,Timeless Apartment,Nha Trang,"Timeless Apartment là chỗ ở tự phục vụ tại thành phố Nha Trang chỉ cách bãi biển công cộng Nha Trang 50 m. Căn hộ có bếp nhỏ và tiện nghi vòi sen nước nóng. Du khách cũng có thể truy cập Wi-Fi miễn phí tại đây. Căn hộ được trang trí đẹp mắt và đi kèm Smart TV, máy lạnh cùng khu vực tiếp khách ấm cúng. Ngoài ra còn có bếp nhỏ với tủ lạnh. Phòng tắm được trang bị đồ vệ sinh cá nhân miễn phí. Một số căn hộ có ban công riêng. Dịch vụ giặt là được cung cấp theo yêu cầu của khách. Trong bán kính 5 phút đi bộ từ nơi nghỉ này có 1 chợ địa phương, một số siêu thị và các lựa chọn ăn uống. Tiện nghi nấu ăn được cung cấp với một khoản phụ phí. Nếu du khách muốn tham quan khu vực xung quanh, hãy đến Quảng trường 2/4 nằm cách nơi nghỉ này 300 m và Trung tâm Thuyền buồm Việt Nam cách đó 400 m. Sân bay Nha Trang nằm trong bán kính 27 km từ chỗ ở này trong khi du khách đi 700 m là tới Chợ Mới. Tại đây cung cấp chỗ đỗ xe với một khoản phụ phí.",7.0
170,ViViAnHotel,Đà Nẵng,"Khách sạn này cũng có dịch vụ phòng, sân hiên, lễ tân 24 giờ, bếp chung và dịch vụ đặt vé cho khách. Phòng nghỉ của khách sạn được trang bị máy điều hòa, truyền hình cáp màn hình phẳng, tủ lạnh, ấm đun nước, chậu rửa vệ sinh (bidet), máy sấy tóc và bàn làm việc. Các phòng còn có phòng tắm riêng với vòi sen và đồ vệ sinh cá nhân miễn phí. Du khách có thể thuê xe đạp/xe hơi tại khách sạn và đi xe đạp cũng như đi bộ đường dài là các hoạt động được ưa chuộng trong khu vực. ViViAnHotel nằm trong bán kính 2,6 km từ Cầu Sông Hàn và 3,2 km từ Trung tâm thương mại Indochina Riverside. Sân bay gần nhất là sân bay quốc tế Đà Nẵng, cách chỗ nghỉ 8 km.",6.0
174,Victory Villa 471 - Biệt Thự Hồ Bơi Gần Biển,Vũng Tàu,"Chỗ nghỉ này có hồ bơi riêng và chỗ đỗ xe riêng miễn phí. Biệt thự này có 4 phòng ngủ, TV màn hình phẳng, bếp đầy đủ tiện nghi, máy giặt và 4 phòng tắm với bể sục. Victory Villa 471 - Biệt Thự Hồ Bơi Gần Biển có bồn nước nóng và sân hiên. Các điểm tham quan nổi tiếng gần chỗ nghỉ bao gồm Bãi Sau, Bãi Dứa và Bãi Trước. Sân bay gần nhất là sân bay quốc tế Tân Sơn Nhất, cách Victory Villa 471 - Biệt Thự Hồ Bơi Gần Biển 72 km.",8.0
179,Red Flower Cottages Homestay,Hội An,"Nằm cách Bãi biển An Bàng 100 m, Red Flower Cottages Homestay có chỗ nghỉ với xe đạp cho khách sử dụng miễn phí, vườn và bếp chung để tạo thuận tiện cho khách. Chỗ nghỉ này cung cấp WiFi miễn phí trong toàn bộ khuôn viên. Các căn tại đây có sân trong, máy điều hòa, TV màn hình phẳng và phòng tắm riêng đi kèm vòi sen cùng dép đi trong phòng. Một số căn có khu vực ăn uống và/hoặc ban công. Homestay này phục vụ bữa sáng à la carte và bữa sáng kiểu Anh/Ailen hàng ngày. Red Flower Cottages Homestay cũng có sân hiên. Chỗ nghỉ cung cấp dịch vụ cho thuê xe hơi. Du khách có thể đi xe đạp gần đó. Red Flower Cottages Homestay cách Bãi biển Hà My 300 m và Bãi biển Cửa Đại 2,2 km. Sân bay gần nhất là sân bay quốc tế Đà Nẵng, nằm trong bán kính 24 km từ homestay, và chỗ nghỉ cung cấp dịch vụ đưa đón sân bay với một khoản phụ phí.",8.9
185,Chez Tram Homestay,Hà Nội,"Bảo tàng Phòng không - Không quân Việt Nam cách đó 1,5 km. Tất cả các phòng nghỉ tại đây đều được trang bị truyền hình cáp màn hình phẳng và bếp nhỏ với lò vi sóng cùng máy nướng bánh mỳ. Trong phòng còn có tủ lạnh, ấm đun nước và phòng tắm riêng với vòi sen, dép và máy sấy tóc. Ga trải giường cũng được cung cấp cho khách. Chỗ nghỉ cũng cung cấp dịch vụ giao hàng tạp hóa. Du khách có thể sử dụng chung máy giặt và máy sấy quần áo. Chez Tram Homestay cách Chùa Quán Sứ 1,6 km và Văn Miếu Quốc Tử Giám 1,9 km. Sân bay gần nhất là sân bay quốc tế Nội Bài, cách chỗ nghỉ 23 km.",7.3
186,ÊMM Hotel Hoi An,Hội An,"Khách sạn cung cấp các phòng nghỉ tiêu chuẩn 4 sao ở thành phố Hội An. Những mảng màu vẫn là nét đặc trưng của thương hiệu EMM của khách sạn và khách sạn còn có hồ bơi ngoài trời quanh năm. Khách có thể dùng bữa tại nhà hàng trong nhà hay nhâm nhi đồ uống tại quầy bar. Khách sạn cách Phố cổ Hội An chỉ 200 m và Bãi biển Cửa Đại 15 phút lái xe. Các điểm tham quan gần đó gồm Chùa Cầu Nhật Bản và vườn rau Trà Quế. Tất cả các phòng đều được trang bị Wi-Fi miễn phí và truyền hình cáp. Các phòng còn có minibar và tủ lạnh. Phòng tắm riêng đi kèm bồn tắm, đồ vệ sinh cá nhân và máy sấy tóc. Khách có thể đến lễ tân 24 giờ để thu xếp dịch vụ thu đổi ngoại tệ, bố trí tour, dịch vụ trợ giúp đặc biệt và đặt vé. Khách lưu trú tại khách sạn cũng được hưởng đặc quyền đỗ xe miễn phí. Khách sạn cung cấp chỗ để hành lý. Nhà hàng ÊMM Hotel Hoi An Restaurant chuyên các món ăn địa phương, châu Á và phương Tây. Quý khách có thể thưởng thức vài loại đồ uống tại Pool Bar, nơi cũng phục vụ các bữa ăn nhẹ.",7.1
187,Homestay Vũng Tàu,Vũng Tàu,"Tọa lạc tại thành phố Vũng Tàu, cách Bãi Trước 2,1 km, Homestay Vũng Tàu cung cấp chỗ nghỉ với xe máy cho khách sử dụng miễn phí, WiFi miễn phí, lễ tân 24 giờ và bếp chung. Biệt thự này có sảnh khách chung, vườn cũng như tiện nghi BBQ. Biệt thự có sân trong và tầm nhìn ra vườn, 4 phòng ngủ, phòng khách, truyền hình cáp màn hình phẳng, bếp đầy đủ tiện nghi cũng như 3 phòng tắm đi kèm chậu rửa vệ sinh (bidet) cùng vòi sen. Để thêm phần thuận tiện cho du khách, chỗ nghỉ có thể cung cấp khăn tắm và ga trải giường với một khoản phụ phí. Biệt thự có sân chơi cho trẻ em và sân hiên. Homestay Vũng Tàu nằm trong bán kính 3,4 km từ Bạch Dinh và 5 km từ Khu du lịch sinh thái Hồ Mây. Sân bay gần nhất là sân bay quốc tế Tân Sơn Nhất, cách đó 108 km, và chỗ nghỉ cung cấp dịch vụ đưa đón sân bay với một khoản phụ phí.",8.5
190,Nha Trang Apartment - Unit 3706,Nha Trang,"Nha Trang Apartment - Unit 3706 cung cấp chỗ nghỉ tại thành phố Nha Trang, cách Trung tâm Thuyền buồm Việt Nam 400 m. Căn hộ cho khách tầm nhìn ra biển và núi. Căn hộ có 1 phòng ngủ, bếp đầy đủ tiện nghi với lò vi sóng và 1 phòng tắm với chậu rửa vệ sinh (bidet) cùng vòi sen. TV màn hình phẳng cũng được trang bị. Căn hộ cách quán Sailing Club 500 m và Quảng trường 2/4 chừng 600 m. Sân bay gần nhất là sân bay quốc tế Cam Ranh, cách đó 37 km.",8.0
192,Tung Trang Hotel,Hà Nội,"Nằm trong Khu phố Cổ lịch sử của thành phố Hà Nội, Tung Trang Hotel cách Hồ Hoàn Kiếm 5 phút đi bộ. Khách sạn có nhà hàng và các phòng với truyền hình cáp. Du khách được sử dụng Wi-Fi miễn phí và chỗ đỗ xe miễn phí. Từ Hotel Tung Trang, quý khách chỉ cần đi bộ 10 phút là tới Nhà hát Lớn và Chợ Đồng Xuân sôi động. Văn Miếu, Ga Tàu Hà Nội và Lăng Chủ tịch Hồ Chí Minh đều nằm trong bán kính 15 phút lái xe từ khách sạn. Các phòng nghỉ đi kèm với đồ đạc bằng gỗ và nội thất theo phong cách truyền thống của Việt Nam. Mỗi phòng đều được trang bị minibar và phòng tắm riêng với vòi sen. Khách sạn cung cấp dịch vụ cho thuê xe hơi và xe đạp tại quầy lễ tân 24/24. Dịch vụ đặt vé và thu đổi ngoại tệ cũng được cung cấp nhằm đem lại tiện lợi cho khách. Nằm ở tầng trệt, phòng ăn phục vụ bữa sáng hàng ngày với một loạt đồ uống và món ăn địa phương. Dịch vụ ăn uống tại phòng cũng được cung cấp theo yêu cầu.",6.7
198,Sepon Blue Hotel,Đà Nẵng,"Tọa lạc tại thành phố Đà Nẵng, Sepon Blue Hotel có nhà hàng, hồ bơi ngoài trời, quầy bar và sảnh khách chung. Chỗ nghỉ còn có phòng gia đình và sân hiên. Chỗ nghỉ cung cấp dịch vụ lễ tân 24 giờ, dịch vụ phòng và dịch vụ thu đổi ngoại tệ cho khách. Phòng nghỉ tại khách sạn được trang bị máy điều hòa, TV truyền hình vệ tinh màn hình phẳng, tủ lạnh, ấm đun nước, vòi xịt/chậu rửa vệ sinh, dép, bàn làm việc và két an toàn. Một số phòng nhìn ra quang cảnh biển. Tất cả các phòng đều được bố trí ga trải giường và khăn tắm. Sepon Blue Hotel phục vụ bữa sáng buffet hoặc kiểu Mỹ. Chỗ nghỉ nằm cách Bãi biển Mỹ Khê 350 m và Bãi biển Bắc Mỹ An 2 km. Sân bay gần nhất là sân bay quốc tế Đà Nẵng, nằm trong bán kính 6 km từ Sepon Blue Hotel, và chỗ nghỉ cung cấp dịch vụ đưa đón sân bay với một khoản phụ phí.",6.8
200,Hanoi Sky Hotel,Hà Nội,"Nằm trong Khu Phố cổ Hà Nội, Hanoi Sky Hotel cách Chợ Đồng Xuân và chợ đêm cuối tuần 10 phút đi bộ. Khách sạn có Wi-Fi miễn phí, bàn đặt tour và nhà hàng. Hanoi Sky Hotel cách những địa điểm thu hút khách du lịch như Hồ Hoàn Kiếm, Nhà hát Múa rối Nước, và Lăng Chủ tịch Hồ Chí Minh khoảng 7 phút đi bộ. Nơi đây cách Ga Hà Nội 5 phút lái xe và Sân bay Quốc tế Nội Bài cách đó 35 phút lái xe. Các phòng máy lạnh cách âm đi kèm TV màn hình phẳng 32-inch, két an toàn và phòng tắm riêng. Phòng cũng có sàn gỗ với cửa sổ nhìn ra các đường phố của Hà Nội. Du khách có thể thuê xe đạp hoặc xe hơi để khám phá Hà Nội. Dịch vụ đặt vé, giặt thường và giặt hấp cũng như giữ hành lý được cung cấp tại đây. Tại sảnh đợi có các máy vi tính với kết nối Internet miễn phí. Nhà hàng phục vụ các món ăn Phương Tây vào bữa trưa và tối. Tại đây cũng có dịch vụ phòng 24/24.",7.0
201,Abogo Resort Villas Ocean Da Nang,Đà Nẵng,"Nằm ở thành phố Đà Nẵng, Abogo Resort Villas Ocean Da Nang có nhà hàng, lễ tân 24 giờ, quầy bar, vườn, hồ bơi ngoài trời mở cửa quanh năm, sân chơi cho trẻ em và tầm nhìn ra dòng sông. Trong khuôn viên chỗ nghỉ có sân chơi bowling, sòng bạc và quán bar thức ăn nhẹ. Mỗi căn tại đây đều có tầm nhìn ra hồ nước/hồ bơi, bếp, TV truyền hình vệ tinh màn hình phẳng và đầu đĩa Blu-ray, bàn làm việc, máy giặt cũng như phòng tắm riêng đi kèm bể sục cùng áo choàng tắm. Tất cả các căn được bố trí máy điều hòa cũng như khu vực tiếp khách và/hoặc ăn uống. Biệt thự phục vụ bữa sáng kiểu lục địa hàng ngày. Trong thời gian lưu trú tại Abogo Resort Villas Ocean Da Nang, du khách có thể tùy ý sử dụng tiện nghi chăm sóc sức khỏe và spa bao gồm bồn tắm nước suối nóng và phòng tắm hammam. Chỗ nghỉ có dịch vụ văn phòng, phòng tập thể dục và dịch vụ ủi cũng như chỗ đỗ xe riêng miễn phí. Du khách có thể đi bộ đường dài, trượt tuyết và chơi golf trong khu vực. Ngay trong khuôn viên có công viên nước cho khách tùy nghi sử dụng. Các điểm tham quan nổi tiếng gần chỗ nghỉ bao gồm Bãi biển Tân Trà, Bãi biển Non Nước và sân golf Montgomerie Links. Sân bay gần nhất là sân bay quốc tế Đà Nẵng, cách Abogo Resort Villas Ocean Da Nang 16 km, và chỗ nghỉ cung cấp dịch vụ đưa đón sân bay miễn phí.",7.2
203,Athenia Boutique Hotel & Spa,Hội An,"Nằm tại thành phố Hội An, cách Bãi biển An Bàng 300 m, Athenia Boutique Hotel & Spa cung cấp chỗ nghỉ với nhà hàng, chỗ đỗ xe riêng miễn phí, xe đạp cho khách sử dụng miễn phí và hồ bơi ngoài trời. Trong số nhiều tiện nghi của chỗ nghỉ này có quầy bar, sảnh khách chung và khu vườn. Nơi đây cung cấp dịch vụ lễ tân 24 giờ, dịch vụ phòng và dịch vụ thu đổi ngoại tệ cho khách. Phòng nghỉ gắn máy điều hòa tại Athenia Boutique Hotel & Spa có bàn làm việc, ấm đun nước, minibar, két an toàn, TV màn hình phẳng, ban công và phòng tắm riêng với vòi xịt/chậu rửa vệ sinh. Một số phòng được bố trí khu vực bếp ăn với tủ lạnh. Mỗi phòng đều được trang bị ga trải giường và khăn tắm. Chỗ nghỉ phục vụ bữa sáng kiểu lục địa hoặc bữa sáng buffet. Athenia Boutique Hotel & Spa có sân hiên. Đi bộ đường dài và đi xe đạp là các hoạt động được ưa chuộng trong khu vực trong khi du khách cũng có thể thuê xe hơi tại khách sạn. Du khách có thể sử dụng dịch vụ văn phòng hoặc thư giãn tại quầy bar thức ăn nhẹ. Athenia Boutique Hotel & Spa nằm trong bán kính chưa đến 1 km từ Bãi biển Cửa Đại và 20 phút đi bộ từ Bãi biển Hà My. Sân bay gần nhất là sân bay quốc tế Đà Nẵng, cách đó 26 km, và chỗ nghỉ cung cấp dịch vụ đưa đón sân bay với một khoản phụ phí.",8.6
208,Ben Thanh Retreats Hotel,TP. Hồ Chí Minh,"Tọa lạc tại Thành phố Hồ Chí Minh, cách Chợ ẩm thực đường phố Bến Thành chưa đầy 1 km, Ben Thanh Retreats Hotel có dịch vụ nhận phòng/trả phòng cấp tốc, phòng không gây dị ứng, nhà hàng, sảnh khách chung và WiFi miễn phí trong toàn bộ khuôn viên. Chỗ nghỉ này cũng có dịch vụ phòng và sân hiên. Khách sạn có lễ tân 24 giờ, bếp chung và dịch vụ thu đổi ngoại tệ cho khách. Mỗi phòng nghỉ tại khách sạn đều có máy điều hoà, khu vực ghế ngồi, TV truyền hình cáp màn hình phẳng, két an toàn, phòng tắm riêng đi kèm vòi sen, dép đi trong phòng và máy sấy tóc. Mỗi phòng đều có ấm đun nước, một số phòng còn có ban công và các phòng khác cũng có tầm nhìn ra quang cảnh thành phố. Các phòng nghỉ tại Bến Thành Retreats đều có ga trải giường và khăn tắm. Chỗ nghỉ phục vụ bữa sáng à la carte hằng ngày. Các điểm tham quan nổi tiếng gần Ben Thanh Retreats Hotel gồm có Công viên Tao Đàn, Bảo tàng Thành phố Hồ Chí Minh và Bảo tàng Mỹ thuật. Sân bay gần nhất là sân bay quốc tế Tân Sơn Nhất, cách đó 12 km và khách sạn cung cấp dịch vụ đưa đón sân bay với một khoản phụ phí.",7.7
220,Summer Taste Homestay,TP. Hồ Chí Minh,"Một số căn tại đây có sân trong và/hoặc ban công nhìn ra vườn. Trong số các điểm tham quan nổi tiếng gần homestay này có Công viên Tao Đàn, Bảo tàng Thành phố Hồ Chí Minh và trung tâm thương mại Takashimaya Việt Nam. Sân bay gần nhất là sân bay quốc tế Tân Sơn Nhất, cách Summer Taste Homestay 13 km.",6.9
228,Highland Bungalow,Phú Quốc,"Tọa lạc tại đảo Phú Quốc, nằm trong bán kính 400 m từ Bãi Dài và 1,8 km từ Chùa Sùng Hưng, Highland Bungalow cung cấp chỗ nghỉ với vườn và WiFi miễn phí trong toàn bộ khuôn viên cũng như chỗ đỗ xe riêng miễn phí cho khách lái xe. Nhà khách này nằm cách Sòng bạc Corona 23 km, công viên giải trí Vinpearl Land Phú Quốc 23 km và Bảo tàng Cội Nguồn 1 km. Chỗ nghỉ có lễ tân 24 giờ, bếp chung và tổ chức các tour du lịch cho khách. Tất cả phòng nghỉ của Highland Bungalow đều có khu vực ghế ngồi, truyền hình cáp màn hình phẳng và phòng tắm riêng đi kèm máy sấy tóc cùng vòi sen. Các phòng còn được trang bị máy điều hòa và tủ để quần áo. Chợ đêm Phú Quốc nằm cách chỗ nghỉ 1,9 km trong khi Dinh Cậu cách đó 2,2 km. Sân bay gần nhất là sân bay quốc tế Phú Quốc, nằm trong bán kính 4 km từ Highland Bungalow.",7.8
229,Grand Mercure Danang,Đà Nẵng,"Ngoài 3 nhà hàng và quầy bar, khách sạn còn có spa, hồ bơi ngoài trời cũng như tiện nghi tập thể dục. Truyền hình cáp màn hình phẳng 32 inch, máy pha trà/cà phê và bồn tắm là tiêu chuẩn trong các phòng đi kèm máy điều hòa. Từ cửa sổ cỡ lớn của các phòng nghỉ được chiếu sáng ấm áp, du khách có thể thưởng ngoạn tầm nhìn ngoạn mục ra cảnh đại dương, núi non hoặc sông nước. Grand Mercure Danang cung cấp chỗ đỗ xe miễn phí. Khách sạn cách sân bay quốc tế Đà Nẵng 10 phút lái xe, trung tâm mua sắm Indochina Mall cách đó 3 km và ga Đà Nẵng cũng như Phố Cổ Hội An 4 km. Xe đưa đón đến trung tâm mua sắm của thành phố và bãi biển Mỹ Khê cũng được cung cấp miễn phí. Để thư giãn, du khách có thể khám phá thành phố Đà Nẵng bằng xe đạp hoặc chơi tennis. Khách sạn còn có trung tâm dịch vụ doanh nhân và dịch vụ sắp xếp các chuyến tham quan nhằm tạo thêm thuận tiện cho khách. Nhà hàng La Rive Gauche đầy phong cách tại đây phục vụ ăn uống cả ngày với bữa sáng tự chọn thịnh soạn. Du khách có thể thưởng thức món Dim Sum tại nhà hàng The Golden Dragon trong khi quán Nirvana là nơi lý tưởng để nhâm nhi đồ uống sau bữa ăn. Các nhà hàng The Veranda Grill phục vụ bít tết và hải sản nướng.",7.9
235,Thao Dien Boutique Hotel,TP. Hồ Chí Minh,"Với trung tâm spa và hồ bơi ngoài trời mở cửa quanh năm, Thao Dien Boutique Hotel tọa lạc tại Quận 2 Thành phố Hồ Chí Minh, cách Chùa Phật Ngọc 5 km. Trong khách sạn còn có quầy bar. Wi-Fi toàn khách sạn và chỗ đỗ xe riêng trong khuôn viên đều được cung cấp miễn phí. Mỗi phòng nghỉ tại khách sạn này đều được trang bị máy lạnh và truyền hình cáp màn hình phẳng. Một số phòng có khu vực tiếp khách để tạo sự thuận tiện cho khách. Du khách sẽ tìm thấy ấm đun nước trong phòng. Tất cả các phòng nghỉ đều có phòng tắm riêng. Ngoài ra phòng còn được cung cấp áo choàng tắm và dép. Nơi nghỉ này cung cấp quầy lễ tân 24 giờ, dịch vụ giặt hấp, dịch vụ phòng và tiệm làm tóc. Thao Dien Boutique Hotel cách Nhà thờ Đức Bà cũng như Bưu điện Trung tâm 6 km. Sân bay gần nhất là Sân bay Quốc tế Tân Sơn Nhất, cách Thao Dien Boutique Hotel 9 km.",6.6
242,Long Hostel,TP. Hồ Chí Minh,"Nằm trên đường Phạm Ngũ Lão, Quận 1, nhà trọ cung cấp bữa sáng hàng ngày từ 07:00 - 09:30. Du khách được sử dụng miễn phí trung tâm dịch vụ doanh nhân tại đây. Chợ Bến Thành nằm trong bán kính khoảng 1 km từ Long Hostel. Những địa điểm tham quan ở địa phương bao gồm Nhà thờ Đức Bà và Dinh Thống Nhất đều cách nhà trọ 10 phút lái xe. Sân bay Quốc tế Tân Sơn Nhất cách nơi nghỉ 25 phút lái xe. Tất cả các phòng tại đây đều được trang bị máy lạnh và truyền hình cáp. Một số phòng chọn lọc có phòng tắm riêng với vòi sen cùng nhà vệ sinh. Những phòng ngủ tập thể cung cấp cho khách khăn tắm miễn phí và sử dụng phòng tắm chung cũng như nhà vệ sinh chung. Các dịch vụ giặt là và đưa đón sân bay được cung cấp với một khoản phụ phí. Long Hostel có chỗ để hành lý miễn phí.",7.9
243,Ninh Giang Hotel,Vũng Tàu,"Tọa lạc tại Phường Thắng Tam, NINH GIANG HOTEL có sân hiên. Tất cả phòng nghỉ tại đây đều được trang bị TV truyền hình cáp màn hình phẳng và phòng tắm riêng. Chỗ nghỉ cung cấp dịch vụ lễ tân 24 giờ và dịch vụ phòng cho khách. Phòng nghỉ tại khách sạn được trang bị ấm đun nước. Tất cả các phòng của NINH GIANG HOTEL đều có máy điều hòa và tủ để quần áo. Chỗ nghỉ nằm cách thành phố Vũng Tàu 1,1 km và khu du lịch Hồ Tràm 38 km. Sân bay gần nhất là sân bay quốc tế Tân Sơn Nhất, nằm trong bán kính 71 km từ NINH GIANG HOTEL.",9.0
251,Homestead Seaview Phú Quốc Hotel,Phú Quốc,"Nằm trên đảo Phú Quốc, Homestead Seaview Phú Quốc Hotel có nhà hàng, hồ bơi ngoài trời, sảnh khách chung và khu vườn. Chỗ nghỉ này cũng có các phòng gia đình và sân hiên. Chỗ nghỉ cung cấp dịch vụ lễ tân 24 giờ, máy ATM và dịch vụ thu đổi ngoại tệ cho khách. Phòng nghỉ của khách sạn được trang bị máy điều hòa, TV màn hình phẳng với truyền hình vệ tinh, tủ lạnh, ấm đun nước, vòi sen, máy sấy tóc và bàn làm việc. Các phòng còn có tủ để quần áo và phòng tắm riêng. Homestead Seaview Phú Quốc Hotel phục vụ bữa sáng tự chọn hoặc bữa sáng à la carte. Đi xe đạp là hoạt động được ưa chuộng trong khu vực và du khách cũng có thể thuê xe hơi tại chỗ nghỉ. Homestead Seaview Phú Quốc Hotel nằm cách Chùa Sùng Hưng 4 km và Sòng bạc Corona 26 km.",6.8
260,HomeStay Phố Không Nắng,Đà Lạt,"HomeStay Phố Không Nắng nằm ở thành phố Đà Lạt, gần Vườn hoa Đà Lạt, Hồ Xuân Hương và Quảng trường Lâm Viên. Chỗ nghỉ này có WiFi miễn phí, quầy bar và khu vườn. Một số căn tại đây được bố trí phòng tắm riêng với vòi xịt/chậu rửa vệ sinh, dép đi trong phòng, máy sấy tóc và đồ vệ sinh cá nhân miễn phí. Homestay này có sân hiên để khách thư giãn. HomeStay Phố Không Nắng nằm cách Công viên Yersin 1,6 km và Thiền viện Trúc Lâm 6 km. Sân bay gần nhất là sân bay Liên Khương, nằm trong bán kính 24 km từ chỗ nghỉ.",6.7
265,Aiden Saigon Hotel,TP. Hồ Chí Minh,"Tọa lạc tại Thành phố Hồ Chí Minh, cách Công viên Văn hóa Đầm Sen 3,9 km, Aiden Saigon Hotel cung cấp chỗ nghỉ với nhà hàng, chỗ đỗ xe riêng, hồ bơi ngoài trời và trung tâm thể dục. Khách sạn 3 sao này có lễ tân 24 giờ, dịch vụ phòng và Wi-Fi miễn phí. Khách sạn cung cấp các phòng gia đình. Phòng nghỉ gắn máy điều hòa của khách sạn được trang bị bàn làm việc, ấm đun nước, tủ lạnh, minibar, két an toàn, TV màn hình phẳng và phòng tắm riêng với vòi sen. Tại Aiden Saigon Hotel, các phòng còn đi kèm ga trải giường và khăn tắm. Du khách lưu trú tại chỗ nghỉ có thể thưởng thức bữa sáng buffet. Aiden Saigon Hotel cung cấp chỗ nghỉ 3 sao với bể sục và sân hiên. Khách sạn nằm cách Chùa Giác Lâm 5,6 km và Bảo tàng Chứng tích Chiến tranh 9,4 km. Sân bay gần nhất là sân bay quốc tế Tân Sơn Nhất, nằm cách Aiden Saigon Hotel 12 km.",7.3
266,Luxury Old Quarter Hotel & Gym,Hà Nội,"Nằm gần Hồ Hoàn Kiếm, Luxury Old Quarter Hotel & Gym cung cấp chỗ nghỉ với trung tâm thể dục và truy cập Wi-Fi miễn phí trong toàn khuôn viên. Khách sạn cách Chợ Đồng Xuân, Đền Ngọc Sơn và Tử Cấm Thành 500 m. Nằm trong bán kính khoảng 21 km từ Sân bay Quốc tế Nội Bài, chỗ nghỉ cung cấp dịch vụ đưa đón sân bay với một khoản chi phí. Các phòng máy lạnh được trang bị TV truyền hình cáp màn hình phẳng, két an toàn laptop và ấm đun nước. Phòng tắm riêng đi kèm áo choàng tắm và dép. Nhân viên lễ tân 24 giờ có thể hỗ trợ khách với dịch vụ thu đổi ngoại tệ, giữ hành lý và đặt vé. Du khách có thể thưởng thức bữa sáng kiểu lục địa tại nhà hàng trong khuôn viên.",8.4
271,VENTANA NHA TRANG HOTEL,Nha Trang,"Tọa lạc tại thành phố Nha Trang, VENTANA NHA TRANG HOTEL có nhà hàng, hồ bơi ngoài trời, trung tâm thể dục và quán bar. Trong số các tiện nghi của chỗ nghỉ này có sảnh khách chung, phòng giữ hành lý và WiFi miễn phí trong toàn bộ khuôn viên. Nơi đây cung cấp dịch vụ lễ tân 24 giờ, dịch vụ phòng và dịch vụ thu đổi ngoại tệ cho khách. Tất cả phòng nghỉ tại khách sạn có máy điều hòa, khu vực ghế ngồi, TV truyền hình cáp màn hình phẳng, két an toàn cũng như phòng tắm riêng đi kèm vòi sen, áo choàng tắm và dép. Mỗi phòng đều được trang bị bàn làm việc và ấm đun nước. VENTANA NHA TRANG HOTEL cung cấp chỗ nghỉ 4 sao với phòng xông hơi khô và sân hiên. Các điểm tham quan nổi tiếng gần chỗ nghỉ bao gồm Bãi biển Nha Trang, Quảng trường 2/4 và Tháp Trầm Hương. Sân bay gần nhất là sân bay quốc tế Cam Ranh, nằm trong bán kính 37 km từ VENTANA NHA TRANG HOTEL, và chỗ nghỉ cung cấp dịch vụ đưa đón sân bay với một khoản phụ phí.",7.1
273,Cactusland Apartment,TP. Hồ Chí Minh,"Nằm cách Chợ Tân Định 2,3 km, Cactusland Apartment có chỗ nghỉ với sảnh khách chung, sân hiên và lễ tân 24 giờ để tạo thuận tiện cho du khách. Khách sạn căn hộ này cung cấp miễn phí cả WiFi lẫn chỗ đỗ xe riêng. Chỗ nghỉ có máy điều hòa, bếp đầy đủ tiện nghi, TV màn hình phẳng và phòng tắm riêng với vòi sen, dép đi trong phòng cùng máy sấy tóc. Các căn còn được trang bị lò vi sóng, tủ lạnh, minibar và ấm đun nước. Cactusland Apartment nằm trong bán kính 3,2 km từ Bảo tàng Chứng tích Chiến tranh và 3,3 km từ Dinh Thống Nhất. Sân bay gần nhất là sân bay quốc tế Tân Sơn Nhất, cách đó 9 km, và chỗ nghỉ cung cấp dịch vụ đưa đón sân bay với một khoản phụ phí.",7.2
274,Hai Trieu Hotel,Đà Nẵng,"Tọa lạc tại thành phố Đà Nẵng, Hai Trieu Hotel có nhà hàng, hồ bơi ngoài trời, trung tâm thể dục và quầy bar. Chỗ nghỉ này có các phòng gia đình và sân hiên. Chỗ nghỉ cung cấp dịch vụ lễ tân 24 giờ, dịch vụ phòng và dịch vụ thu đổi ngoại tệ cho khách. Các phòng nghỉ tại khách sạn được trang bị máy điều hòa, bàn làm việc, ấm đun nước, tủ lạnh, minibar, két an toàn, TV màn hình phẳng và phòng tắm riêng với vòi xịt/chậu rửa vệ sinh. Mỗi phòng nghỉ tại Hai Trieu Hotel đều được trang bị ga trải giường và khăn tắm. Khách nghỉ tại khách sạn có thể thưởng thức bữa sáng buffet hoặc bữa sáng à la carte. Hai Trieu Hotel cách Bãi biển Mỹ Khê 700 m và Cầu Sông Hàn 1,9 km. Sân bay gần nhất là sân bay quốc tế Đà Nẵng, cách đó 7 km, và khách sạn cung cấp dịch vụ đưa đón sân bay với một khoản phụ phí.",7.3
276,Phuc Thanh Luxury Hotel,Đà Nẵng,"Tọa lạc tại thành phố Đà Nẵng, cách Bãi biển Mỹ Khê 400 m, Phuc Thanh Luxury Hotel cung cấp chỗ nghỉ với quầy bar, chỗ đỗ xe riêng miễn phí, sảnh khách chung và sân hiên. Trong số các tiện nghi tại chỗ nghỉ này có dịch vụ phòng, dịch vụ tiền sảnh và WiFi miễn phí trong toàn bộ khuôn viên. Chỗ nghỉ có lễ tân 24 giờ, khu vực bếp chung và dịch vụ thu đổi ngoại tệ cho khách. Phòng nghỉ tại đây được trang bị máy điều hòa, TV truyền hình vệ tinh màn hình phẳng, tủ lạnh, ấm đun nước, vòi xịt/chậu rửa vệ sinh, dép và tủ để quần áo. Mỗi phòng đều có phòng tắm riêng, máy sấy tóc và ga trải giường. Du khách có thể thuê xe đạp và xe hơi tại khách sạn và đi bộ đường dài và đạp xe là các hoạt động phổ biến trong khu vực. Phuc Thanh Luxury Hotel cách Bãi biển Bắc Mỹ An 1,1 km và Cầu khóa Tình yêu 2,9 km. Sân bay gần nhất là sân bay quốc tế Đà Nẵng, cách đó 7 km, và chỗ nghỉ cung cấp dịch vụ đưa đón sân bay với một khoản phụ phí.",7.1
278,La Castle,Vũng Tàu,"Tọa lạc tại thành phố Vũng Tàu, cách Bãi Sau 200 m, La Castle cung cấp chỗ nghỉ với nhà hàng, chỗ đỗ xe riêng miễn phí, sảnh khách chung và vườn. Chỗ nghỉ này có các phòng gia đình và sân hiên tắm nắng. Nơi đây cung cấp dịch vụ lễ tân 24 giờ, dịch vụ đưa đón sân bay, dịch vụ phòng và WiFi miễn phí trong toàn bộ khuôn viên. Các điểm tham quan nổi tiếng gần khách sạn bao gồm Mũi Nghinh Phong, Tượng Chúa Kitô Vua và Công viên Thỏ Trắng. Sân bay gần nhất là sân bay Vũng Tàu, nằm trong bán kính 6 km từ La Castle.",6.8
283,Dốc Garden Homestay - Apartment & Coffee,Đà Lạt,"Tọa lạc tại thành phố Đà Lạt, Dốc Garden Homestay - Apartment & Coffee có chỗ nghỉ, xe đạp cho khách sử dụng miễn phí, quầy bar, sảnh khách chung, khu vườn và sân hiên. Căn hộ cung cấp Wi-Fi lẫn chỗ đỗ xe riêng miễn phí. Một số căn tại đây được trang bị TV màn hình phẳng với các kênh truyền hình vệ tinh,bếp đầy đủ tiện nghi cùng lò vi sóng cũng như phòng tắm riêng đi kèm vòi xịt/chậu rửa vệ sinh và dép đi trong phòng. Khách nghỉ tại Dốc Garden Homestay - Apartment & Coffee có thể thưởng thức bữa sáng à la carte hoặc bữa sáng kiểu Á. Chỗ nghỉ có sân chơi cho trẻ em. Dốc Garden Homestay - Apartment & Coffee cung cấp dịch vụ cho thuê xe hơi. Căn hộ nằm cách Vườn Hoa Đà Lạt 2,1 km và Hồ Xuân Hương 2,8 km. Sân bay gần nhất là sân bay Liên Khương, cách Dốc Garden Homestay - Apartment & Coffee 32 km và chỗ nghỉ cung cấp dịch vụ đưa đón sân bay trả phí.",6.8
286,The Wind Boutique Resort - Spa Inclusive,Vũng Tàu,"Nằm tại thành phố Vũng Tàu, cách Tượng Chúa Ki-tô Vua 1,1 km, The Wind Boutique Resort - Spa Inclusive có 2 hồ bơi ngoài trời, tầm nhìn ra cảnh núi non, khu vườn nhiệt đới với thác nước, ao cá và nhiều khu vực tiếp khách cho khách thư giãn với ly đồ uống. Tất cả các suite tại đây đều được bố trí phòng khách với TV, phòng ngủ riêng cũng như phòng tắm riêng với áo choàng tắm và dép. Một số phòng còn có ban công, khu vườn riêng, bể sục trong nhà/ngoài trời hoặc bếp. Resort cung cấp dịch vụ đưa khách đi miễn phí đến các bãi biển và cửa hiệu gần đó. Các tiện nghi khác trong khuôn viên bao gồm bể sục, phòng xông hơi ướt, phòng xông hơi khô, phòng tập thể dục, tiện nghi chơi bi-da, phòng vui chơi cho trẻ em, phòng trò chơi board game và tiện nghi chơi bóng bàn. Có nhiều quán bar và nhà hàng địa phương nằm gần resort. The Wind Boutique Resort - Spa Inclusive cách Bãi Trước 1,1 km, Bãi Sau 1,8 km và sân bay quốc tế Tân Sơn Nhất 71 km.",6.6
289,An Bang beach Chay Villas,Hội An,"Tọa lạc tại thành phố Hội An, cách Bãi biển An Bàng 300 m và Bãi biển Hà My 550 m, An Bang beach Chay Villas cung cấp chỗ nghỉ với WiFi miễn phí, máy điều hòa, hồ bơi ngoài trời và sảnh khách chung. Mỗi căn tại đây đều có ban công nhìn ra vườn, TV truyền hình vệ tinh màn hình phẳng, khu vực ghế ngồi, khu vực bếp ăn đầy đủ tiện nghi và phòng tắm riêng với bồn nước nóng, áo choàng tắm cùng dép đi trong phòng. Các căn còn được trang bị lò vi sóng, tủ lạnh, lò nướng và ấm đun nước. Khách nghỉ tại biệt thự có thể thưởng thức bữa sáng à la carte và bữa sáng kiểu Mỹ. An Bang beach Chay Villas có sân hiên tắm nắng. Khách lưu trú tại chỗ nghỉ có thể đi xe đạp ở khu vực gần đó hoặc thư giãn trong vườn. An Bàng beach Chay Villas nằm cách bãi biển Cửa Đại 2,1 km trong khi Bảo tàng Lịch sử Hội An cách đó 5 km. Sân bay gần nhất là sân bay quốc tế Đà Nẵng, nằm trong bán kính 25 km từ biệt thự, và chỗ nghỉ cung cấp dịch vụ đưa đón sân bay với một khoản phụ phí.",7.9
296,Sapa Unique Villa,Sa Pa,"Chỗ nghỉ này có bếp chung. Căn hộ gắn máy điều hòa này được bố trí 5 phòng ngủ, TV truyền hình cáp màn hình phẳng, khu vực ăn uống và khu vực bếp ăn với lò vi sóng cùng tủ lạnh. Căn hộ cung cấp dịch vụ cho thuê xe hơi. Bến xe Sa Pa nằm trong bán kính 2,3 km từ Sapa Unique Villa trong khi Vườn hoa Hàm Rồng - Núi Hàm Rồng cách đó 2,8 km. Sân bay gần nhất là sân bay Điện Biên Phủ, cách chỗ nghỉ 270 km.",7.5
297,HANZ Happy Hotel,TP. Hồ Chí Minh,"7s Happy Hotel Quan 10 cung cấp phòng nghỉ gắn máy điều hòa ở Quận 10 thuộc Thành phố Hồ Chí Minh, cách Công viên Tao Đàn 1,9 km. Chỗ nghỉ này nằm trong bán kính khoảng 2,1 km từ Bảo tàng Chứng tích Chiến tranh, 2,3 km từ Chợ Bến Thành và 2,3 km từ Dinh Thống Nhất. Chỗ nghỉ có thể bố trí chỗ đỗ xe riêng cho khách với một khoản phụ phí. Tất cả phòng nghỉ tại khách sạn đều được trang bị ấm đun nước. Tại 7s Happy Hotel Quan 10, các phòng có bàn làm việc, TV màn hình phẳng và phòng tắm riêng. Đội ngũ nhân viên tại quầy lễ tân 24 giờ có thể nói tiếng Việt và tiếng Anh. Chợ Bến Thành và Bảo tàng Mỹ thuật đều nằm cách chỗ nghỉ 2,4 km. Sân bay gần nhất là sân bay quốc tế Tân Sơn Nhất, nằm trong bán kính 6 km từ 7s Happy Hotel Quan 10.",7.5
301,Bana Home & Spa,Hội An,"Nằm ở thành phố Hội An, cách Bãi biển Cửa Đại 2,4 km và Bãi biển An Bàng 2,6 km, Bana Home & Spa cung cấp chỗ nghỉ với WiFi miễn phí, máy điều hòa, nhà hàng và vườn. Nhà nghỉ B&B này phục vụ bữa sáng à la carte hàng ngày. Bana Home & Spa có sân hiên. Chỗ nghỉ cho thuê xe đạp và xe hơi trong khi du khách có thể đạp xe ở khu vực gần đó. Bana Home & Spa nằm trong bán kính 2,3 km từ Hội quán Triều Châu và 2,5 km từ Bảo tàng Lịch sử Hội An. Sân bay gần nhất là sân bay quốc tế Đà Nẵng, cách đó 30 km, và nhà nghỉ B&B này cung cấp dịch vụ đưa đón sân bay với một khoản phụ phí.",8.1
303,Holi Beach Hotel & Apartments,Nha Trang,"Nằm cách Bãi biển Nha Trang 150 m, Holi Beach Hotel & Apartments cung cấp chỗ nghỉ gắn máy điều hòa với ban công và WiFi miễn phí. Mỗi căn tại đây đều có ghế sofa, khu vực ghế ngồi, TV truyền hình vệ tinh màn hình phẳng, bếp đầy đủ tiện nghi với khu vực ăn uống, két an toàn và phòng tắm riêng đi kèm dép đi trong phòng. Các căn còn được trang bị lò vi sóng, tủ lạnh, bếp nấu ăn và ấm đun nước. Khách nghỉ tại căn hộ có thể thưởng thức bữa sáng buffet. Các điểm tham quan nổi tiếng gần Holi Beach Hotel & Apartments gồm có Quảng trường 2/4, Tháp Trầm Hương và Trung tâm Thuyền buồm Việt Nam. Sân bay gần nhất là sân bay quốc tế Cam Ranh, cách chỗ nghỉ 37 km, và chỗ nghỉ cung cấp dịch vụ đưa đón sân bay với một khoản phụ phí.",6.4
304,Blue Hanoi Inn Luxury Hotel,Hà Nội,"Nằm ở quận Đống Đa thuộc thành phố Hà Nội, Blue Hanoi Inn Luxury Hotel cung cấp phòng nghỉ gắn máy điều hòa với TV truyền hình vệ tinh màn hình phẳng. Trong số các tiện nghi của chỗ nghỉ này có nhà hàng, lễ tân 24 giờ, dịch vụ phòng và WiFi miễn phí. Chỗ nghỉ có sảnh khách chung, bàn đặt tour và dịch vụ thu đổi ngoại tệ cho khách. Phòng nghỉ tại khách sạn được bố trí phòng tắm riêng với áo choàng tắm và máy sấy tóc. Blue Hanoi Inn Luxury Hotel nằm cách trung tâm thương mại Vincom Center Nguyễn Chí Thanh 1,6 km và Bảo tàng Mỹ thuật Việt Nam 2,4 km. Sân bay gần nhất là sân bay quốc tế Nội Bài, cách đó 26 km, và chỗ nghỉ cung cấp dịch vụ đưa đón sân bay với một khoản phụ phí.",6.8
310,TND Hotel,Nha Trang,"TND Hotel cung cấp chỗ nghỉ ở thành phố Nha Trang, cách Bảo tàng Alexandre Yersin 200 m. Khách sạn này có hồ bơi ngoài trời và du khách có thể dùng bữa tại nhà hàng trong khuôn viên hoặc thưởng thức đồ uống tại quầy bar. Khách sạn còn có phòng xông hơi khô và trung tâm thể dục. Du khách có thể truy cập WiFi miễn phí trong toàn bộ khuôn viên chỗ nghỉ. TND Hotel nằm trong bán kính 400 m từ Bảo tàng Khánh Hòa và 500 m từ Chợ Đầm. Sân bay quốc tế Cam Ranh cách đó 28 km. Chỗ nghỉ cung cấp dịch vụ đưa đón sân bay với một khoản phụ phí. Phòng nghỉ tại đây được trang bị TV màn hình phẳng và ấm đun nước. Mỗi phòng đều được bố trí phòng tắm riêng. Dép và đồ vệ sinh cá nhân miễn phí cũng được cung cấp cho khách. Lễ tân 24 giờ của khách sạn có thể hỗ trợ du khách với các dịch vụ đặt vé, thu đổi ngoại tệ và sắp xếp tour du lịch. Nhà hàng Luciana trong khuôn viên phục vụ một loạt món ăn quốc tế và địa phương.",7.9
320,My Friends Hotel,TP. Hồ Chí Minh,"Chỗ nghỉ này có các phòng gia đình và sân hiên. Nơi đây cung cấp dịch vụ lễ tân 24 giờ, dịch vụ phòng và phòng giữ hành lý cho khách. Chợ ẩm thực đường phố Bến Thành và Công viên Tao Đàn đều nằm cách khách sạn 3,3 km. Sân bay gần nhất là sân bay quốc tế Tân Sơn Nhất, nằm trong bán kính 13 km từ My Friends Hotel, và chỗ nghỉ cung cấp dịch vụ đưa đón sân bay với một khoản phụ phí.",6.4
322,HoLo Alex House Saigon - Serviced HomeStay,TP. Hồ Chí Minh,"HoLo Alex House Saigon - Serviced HomeStay cung cấp chỗ nghỉ gắn máy điều hòa ở trung tâm Thành phố Hồ Chí Minh, cách Chợ ẩm thực đường phố Bến Thành 1,6 km, Công viên Tao Đàn 1,6 km và Bảo tàng Mỹ thuật 1,8 km. Chỗ nghỉ này cung cấp miễn phí WiFi ở tất cả các khu vực và chỗ đỗ xe riêng ngay trong khuôn viên. Tất cả các căn tại đây đều có khu vực ghế ngồi, TV truyền hình cáp màn hình phẳng, bếp đầy đủ tiện nghi, khu vực ăn uống và phòng tắm riêng đi kèm dép trong khi một số phòng có sân trong hoặc ban công. Các căn còn được trang bị lò vi sóng, tủ lạnh, minibar và ấm đun nước. Bảo tàng Thành phố Hồ Chí Minh và trung tâm thương mại Takashimaya Việt Nam đều nằm trong bán kính 1,9 km từ căn hộ. Sân bay gần nhất là sân bay quốc tế Tân Sơn Nhất, cách HoLo Alex House Saigon - Serviced HomeStay 13 km.",6.7
324,LEE HOTEL,TP. Hồ Chí Minh,"Khách sạn 1 sao này có lễ tân 24 giờ, dịch vụ phòng và WiFi miễn phí. Nhà thờ Đức Bà Sài Gòn cũng như Trung tâm Mua sắm Vincom đều cách chỗ nghỉ 6 km. Khách sạn cách Bưu điện Thành phố và Chợ Tân Định 6 km. Sân bay gần nhất là sân bay quốc tế Tân Sơn Nhất, nằm trong bán kính 14 km từ khách sạn.",5.5
325,Công Mẫn Homestay,Hội An,"Tọa lạc tại thành phố Hội An, cách Hội quán Triều Châu Trung Quốc cũng như Bảo tàng Lịch sử Hội An 22 km, Công Mẫn Homestay cung cấp chỗ nghỉ với máy điều hòa và lối dẫn ra vườn. Khách sạn căn hộ này cách Hội quán Quảng Đông 22 km và Chùa Cầu Nhật Bản 23 km. Sân bay gần nhất là sân bay quốc tế Đà Nẵng, cách Công Mẫn Homestay 37 km.",8.3
327,Rigel Hotel,Nha Trang,"Tọa lạc tại thành phố Nha Trang, Rigel Hotel có nhà hàng, hồ bơi ngoài trời, trung tâm thể dục và quán bar. Khách sạn 4 sao này có vườn và WiFi miễn phí. Chỗ nghỉ cung cấp dịch vụ lễ tân 24 giờ, dịch vụ phòng và dịch vụ thu đổi ngoại tệ cho khách. Phòng nghỉ gắn máy điều hòa tại khách sạn có bàn làm việc, ấm đun nước, minibar, két an toàn, TV màn hình phẳng và phòng tắm riêng với vòi sen. Trong phòng được trang bị tủ để quần áo. Rigel Hotel phục vụ bữa sáng kiểu lục địa hoặc bữa sáng buffet. Các điểm tham quan nổi tiếng gần chỗ nghỉ bao gồm Bãi biển Nha Trang, quán Sailing Club và Trung tâm Thuyền buồm Việt Nam. Sân bay gần nhất là sân bay quốc tế Cam Ranh, cách Rigel Hotel 35 km, và chỗ nghỉ cung cấp dịch vụ đưa đón sân bay với một khoản phụ phí.",8.0
331,Saigon Dalat Hotel,Đà Lạt,"Nằm ở trung tâm thành phố, Saigon Dalat Hotel tự hào có 4 nhà hàng, 3 quán bar, 1 hồ bơi nước nóng trong nhà, sân tennis và trung tâm thể dục. Nơi nghỉ này có lễ tân làm việc 24 giờ, bãi đỗ xe miễn phí và truy cập Wi-Fi miễn phí trong toàn khách sạn. Khách sạn cách Chợ Đà Lạt và Vườn Hoa Đà Lạt 10 phút tản bộ. Cung điện Mùa hè của vua Bảo Đại cách nơi này 15 phút tản bộ trong khi Thung lũng Tình yêu nổi tiếng cách đó 20 phút lái xe. Khách đi 30 km là tới Sân bay Liên Khương. Các phòng máy lạnh được bài trí trang nhã tại đây có sàn lát gỗ, két an toàn cá nhân, minibar, truyền hình vệ tinh màn hình phẳng và khu vực tiếp khách. Phòng tắm riêng lát đá cẩm thạch đi kèm với vòi sen/bồn tắm, máy sấy tóc và đồ vệ sinh cá nhân miễn phí. Saigon Dalat Hotel có trung tâm dịch vụ doanh nhân và cho thuê các phòng họp hoặc sảnh tổ chức hội nghị. Bàn đặt tour có thể giúp khách sắp xếp việc đi tham quan và đặt vé. Các dịch vụ giữ hành lý, thu đổi ngoại tệ và giặt là cũng được cung cấp để tạo sự thuận tiện cho du khách. Cả 2 nhà hàng Orchid Restaurant và Tulip Restaurant đều phục vụ hàng loạt món ăn Tây trong khi Le Moulin Rouge cung cấp ẩm thực ngon miệng của Châu Á cùng tầm nhìn ra Đường Hoàng Văn Thụ. Nhiều món ăn nhẹ, rượu vang và cocktail phong phú có tại Moonlight Bar cũng như Camellia Bar & Café.",7.3
342,CODI SEA Hotel & Travel,Đà Nẵng,"Tọa lạc tại thành phố Đà Nẵng, cách Bãi biển Mỹ Khê 300 m, CODI SEA Hotel & Travel có dịch vụ tiền sảnh, phòng nghỉ không gây dị ứng, sảnh khách chung, WiFi miễn phí trong toàn bộ khuôn viên và khu vườn. Khách sạn 2 sao này có dịch vụ phòng và bàn đặt tour. Nơi đây cung cấp dịch vụ lễ tân 24 giờ, bếp chung và dịch vụ thu đổi ngoại tệ cho khách. Tất cả phòng nghỉ tại CODI SEA Hotel & Travel rooms đều được trang bị máy điều hòa, TV truyền hình vệ tinh màn hình phẳng, tủ lạnh, ấm đun nước, vòi xịt/chậu rửa vệ sinh, dép, bàn làm việc, phòng tắm riêng và tủ để quần áo. Một số phòng có sân trong và tầm nhìn ra quang cảnh biển. Các phòng đi kèm ga trải giường và khăn tắm. Chỗ nghỉ phục vụ bữa sáng à la carte hoặc bữa sáng kiểu Á. CODI SEA Hotel & Travel có sân hiên. Đi xe đạp là hoạt động được ưa chuộng trong khu vực và du khách có thể thuê xe đạp/xe hơi tại khách sạn. CODI SEA Hotel & Travel nằm cách Bãi biển Bắc Mỹ An 2,4 km và Cầu khóa Tình yêu 2,1 km. Sân bay gần nhất là sân bay quốc tế Đà Nẵng, cách đó 6 km, và chỗ nghỉ cung cấp dịch vụ đưa đón sân bay với một khoản phụ phí.",7.5
348,Golden Rooster Hotel,Hà Nội,"Tự hào có quán bar và điểm ăn uống trong khuôn viên, Golden Rooster Hotel tọa lạc ở trung tâm thành phố Hà Nội, cách Chợ Đồng Xuân 4 phút đi bộ. Khách sạn còn có lễ tân làm việc 24 giờ và Wi-Fi miễn phí. Các phòng nghỉ tại Golden Rooster Hotel được trang bị TV màn hình phẳng và khu vực ghế ngồi. Một số phòng có phòng tắm riêng và tầm nhìn ra quang cảnh thành phố. Bữa sáng tự chọn hoặc gọi món được phục vụ hàng ngày tại khách sạn này. Các điểm tham quan nổi tiếng gần khách sạn gồm Nhà thờ Lớn, Hồ Hoàn Kiếm và Bảo tàng Mỹ thuật Việt Nam. Sân bay gần nhất là sân bay quốc tế Nội Bài, cách Golden Rooster Hotel 20 km.",7.9
355,Ten Dollars,Nha Trang,"Khách sạn này có các phòng gia đình và sân hiên. Chỗ nghỉ cũng cung cấp dịch vụ lễ tân 24 giờ, dịch vụ phòng và dịch vụ thu đổi ngoại tệ cho khách. Trong số các điểm tham quan nổi tiếng gần khách sạn có quán Sailing Club, Trung tâm Thuyền buồm Việt Nam và Quảng trường 2/4. Sân bay gần nhất là sân bay quốc tế Cam Ranh, cách đó 36 km, và Ten Dollars cung cấp dịch vụ đưa đón sân bay với một khoản phụ phí.",8.0
357,VUTA HOTEL CN2,Vũng Tàu,"Trong số các điểm tham quan nổi tiếng gần chỗ nghỉ này có Ngọn hải đăng Vũng Tàu, Tượng Chúa Kitô Vua và Bến tàu Cánh ngầm. Khách sạn nằm trong bán kính 3,3 km từ Khu du lịch sinh thái & văn hóa Hồ Mây và 2 km từ trung tâm thương mại Lam Sơn square. Đội ngũ nhân viên nói tiếng Việt và tiếng Anh tại lễ tân luôn sẵn sàng hỗ trợ khách suốt 24 giờ. Các điểm tham quan nổi tiếng gần khách sạn bao gồm Bãi Sau, Bãi Dứa và Bãi Trước. Sân bay gần nhất là sân bay quốc tế Tân Sơn Nhất, nằm trong bán kính 72 km từ VUTA HOTEL CN2.",6.8
359,Fusion Suites Da Nang,Đà Nẵng,"Nằm ở thành phố ven biển Đà Nẵng xinh đẹp, Fusion Suites Da Nang có hồ bơi ngoài trời và nhà hàng. Sở hữu nhiều bãi biển, điểm đến này hoàn hảo cho các hoạt động như bơi lội, đạp xe và dã ngoại. Du khách có thể thưởng thức các bữa ăn tại nhà hàng Fresh hoặc rèn luyện sức khỏe tại trung tâm thể dục trong khuôn viên. Chỗ nghỉ cung cấp WiFi miễn phí trong tất cả các khu vực. Phòng nghỉ tại đây có máy điều hòa, khu vực ghế ngồi và khu vực bếp ăn nhỏ đầy đủ tiện nghi với tủ lạnh cùng bàn ăn. Phòng tắm riêng được trang bị máy sấy tóc và đồ vệ sinh cá nhân miễn phí. Bữa sáng được cung cấp theo yêu cầu của khách. Nhân viên nói được nhiều thứ tiếng làm việc 24 giờ/ngày ở lễ tân để hỗ trợ khách các dịch vụ, gồm giữ hành lý, thu đổi ngoại tệ, trợ giúp đặc biệt, giặt là và sắp xếp xe đưa đón trả phí. Khách sạn nằm trong bán kính 2,4 km từ Cầu Sông Hàn và 3,5 km từ Bảo tàng Chăm. Sân bay quốc tế Đà Nẵng cách đó 8 km.",6.4
364,Serenity Villa Hotel,Hà Nội,"Serenity Villa Hotel là một khách sạn boutique 3 sao cung cấp Wi-Fi miễn phí và chỗ ở sang trọng giá cả phải chăng ở ngay giữa khu vực trung tâm thành phố Hà Nội. Hồ Hoàn Kiếm cách đó một đoạn đi bộ ngắn. Serenity VIlla cung cấp các phòng nghỉ rộng rãi, hiện đại với TV màn hình LCD. Khách sạn phục vụ bữa sáng từ 07:00-10:00 hàng ngày. Du khách có thể đạp xe quanh Khu Phố Cổ nổi tiếng hoặc đi bộ một quãng ngắn để khám phá nét đẹp kiến trúc của Hà Nội và thưởng thức hương vị đồ ăn địa phương, chợ đêm cũng như mua sắm.",6.7
378,New Mexico Hotel,Nha Trang,"Tọa lạc tại thành phố Nha Trang, cách Bãi biển Nha Trang 300 m, New Mexico Hotel cung cấp chỗ nghỉ với sảnh khách chung, chỗ đỗ xe riêng, khu vườn và sân hiên. Khách sạn 2 sao này có WiFi miễn phí, dịch vụ concierge và bàn đặt tour. Tại đây cũng cung cấp dịch vụ lễ tân 24 giờ, dịch vụ phòng và dịch vụ thu đổi ngoại tệ cho khách. Phòng nghỉ của khách sạn được trang bị máy điều hòa, TV truyền hình cáp màn hình phẳng, tủ lạnh, ấm đun nước, vòi sen, máy sấy tóc và bàn làm việc. Ngoài ra, mỗi phòng còn có phòng tắm chung với đồ vệ sinh cá nhân miễn phí cùng tủ để quần áo và phòng tắm riêng. New Mexico Hotel phục vụ bữa sáng tự chọn và kiểu Á hàng ngày. Các điểm tham quan nổi tiếng gần chỗ nghỉ bao gồm khu giải trí Sailing Club, trung tâm dịch vụ thuyền buồm Sailing Center Vietnam và Quảng trường 2/4. Sân bay gần nhất là sân bay quốc tế Cam Ranh, cách New Mexico Hotel 37 km. Chỗ nghỉ cung cấp dịch vụ đưa đón sân bay với một khoản phụ phí.",7.0
379,BB HOME - THE SÓNG CONDOTEL VŨNG TÀU,Vũng Tàu,"Tọa lạc tại thành phố Vũng Tàu, cách Bãi Sau 450 m và Bãi Trước 2,5 km, BB HOME - THE SÓNG CONDOTEL VŨNG TÀU cung cấp chỗ nghỉ có máy điều hòa và khu vườn với hồ bơi ngoài trời. Chỗ nghỉ này có chỗ đỗ xe riêng ngay trong khuôn viên. Mỗi căn tại đây đều có sân trong, khu vực bếp ăn đầy đủ tiện nghi với lò vi sóng, khu vực ghế ngồi, TV màn hình phẳng, máy giặt và phòng tắm riêng đi kèm vòi xịt/chậu rửa vệ sinh cùng máy sấy tóc. Một số căn được bố trí ban công và/hoặc sân hiên nhìn ra hồ nước. Khách nghỉ tại căn hộ có thể sử dụng phòng tập thể dục và phòng xông hơi khô. Trong khuôn viên chỗ nghỉ có khu vực bãi biển riêng. Bãi Dứa nằm trong bán kính 3 km từ BB HOME - THE SÓNG CONDOTEL VŨNG TÀU trong khi Ngọn hải đăng Vũng Tàu cách đó 2,7 km. Sân bay gần nhất là sân bay quốc tế Tân Sơn Nhất, cách chỗ nghỉ 71 km.",8.8
380,Cereja Hotel & Resort Dalat,Đà Lạt,"Tọa lạc tại thành phố Đà Lạt, cách Hồ Tuyền Lâm 3,4 km, Cereja Hotel & Resort Dalat cung cấp chỗ nghỉ với nhà hàng, chỗ đỗ xe riêng miễn phí, quán bar và sảnh khách chung. Trong số các tiện nghi tại chỗ nghỉ này có dịch vụ phòng, dịch vụ tiền sảnh và WiFi miễn phí trong toàn bộ khuôn viên. Chỗ nghỉ cung cấp dịch vụ lễ tân 24 giờ, bếp chung và dịch vụ thu đổi ngoại tệ cho khách. Resort phục vụ bữa sáng kiểu lục địa hoặc bữa sáng buffet. Cereja Hotel & Resort Dalat có sân chơi cho trẻ em. Du khách có thể thuê xe đạp/xe hơi tại chỗ nghỉ trong khi đạp xe và đi bộ đường dài là các hoạt động được ưa chuộng trong khu vực. Cereja Hotel & Resort Dalat nằm cách Thiền viện Trúc Lâm 4,1 km và Công viên Yersin Đà Lạt 8,8 km. Sân bay gần nhất là sân bay Liên Khương, cách resort 28 km và chỗ nghỉ cung cấp dịch vụ đưa đón sân bay với một khoản phụ phí.",5.8
382,8B Aparthotel,TP. Hồ Chí Minh,"Tọa lạc tại Thành phố Hồ Chí Minh, cách Chợ Tân Định 5 km, 8B Aparthotel có hồ bơi trong nhà, phòng tập thể dục cũng như chỗ nghỉ gắn máy điều hòa với WiFi miễn phí. Tất cả các căn tại đây đều được trang bị khu vực ghế ngồi, TV truyền hình cáp màn hình phẳng và phòng tắm riêng với áo choàng tắm, vòi xịt/chậu rửa vệ sinh cùng vòi sen. Một số căn còn có khu vực bếp ăn nhỏ đi kèm lò vi sóng và bếp nấu. Khách sạn căn hộ này cung cấp chỗ nghỉ 3 sao với phòng xông hơi khô. Chùa Giác Lâm và Dinh Thống Nhất đều nằm trong bán kính 5 km từ 8B Aparthotel. Sân bay gần nhất là sân bay quốc tế Tân Sơn Nhất, cách chỗ nghỉ 6 km.",6.4
389,The Yacht Villa,Đà Nẵng,"Du khách có thể thư giãn trên bãi biển riêng hay hồ bơi ngoài trời mở cửa quanh năm với các giường phơi nắng và tận hưởng tiện nghi tiệc nướng. Biệt thự có các khu vực ăn uống và sinh hoạt riêng biệt, khu vực giặt là cũng như bếp khô và ướt đầy đủ tiện nghi. Các tiện ích hiện đại bao gồm TV màn hình cong, loa bluetooth tân thời, đầu đĩa DVD và đầu đĩa giải trí. Máy pha trà/cà phê và truy cập Wi-Fi tốc độ cao miễn phí trong toàn khuôn viên cũng được cung cấp. Du khách có thể chơi tennis và bida tại nơi nghỉ đồng thời khu vực này nổi tiếng với hoạt động chơi gôn. Nơi nghỉ này có các tiện nghi thể thao dưới nước và dịch vụ cho thuê xe đạp. Sân bay gần nhất là Sân bay Quốc tế Đà Nẵng, cách The Yacht Villa 12 km. Khách có thể chơi bóng chuyền bãi biển hoặc chơi tennis. Khách cũng có thể sử dụng sân gôn, khu vực vui chơi cho trẻ em, bàn bida và trung tâm spa. Các bữa ăn được phục vụ trong nhà hàng và quán rượu của resort.",9.0
396,Blue Fingers Masteri An Phu,TP. Hồ Chí Minh,"Căn hộ này có sân trong, tầm nhìn ra vườn, khu vực ghế ngồi, TV truyền hình vệ tinh màn hình phẳng, bếp đầy đủ tiện nghi với lò vi sóng cùng tủ lạnh cũng như phòng tắm riêng đi kèm vòi xịt/chậu rửa vệ sinh và dép đi trong phòng. Để thêm phần thuận tiện cho du khách, chỗ nghỉ có thể cung cấp khăn tắm và ga trải giường với một khoản phụ phí. Blue Fingers Masteri An Phu có sân hiên. Chỗ nghỉ có vườn và sân chơi cho trẻ em. Blue Fingers Masteri An Phu nằm trong bán kính 7 km từ Bảo tàng Lịch sử Việt Nam và 8 km từ Trung tâm thương mại Union Square. Sân bay gần nhất là sân bay quốc tế Tân Sơn Nhất, cách đó 17 km, và căn hộ cung cấp dịch vụ đưa đón sân bay với một khoản phụ phí.",6.3
397,Mai DaLat Homestay,Đà Lạt,"Nằm cách Quảng trường Lâm Viên 1,9 km, Mai DaLat Homestay có sảnh khách chung, vườn và chỗ nghỉ gắn máy điều hòa với ban công cùng WiFi miễn phí. Phòng nghỉ tại đây được bố trí bếp đầy đủ tiện nghi đi kèm khu vực ăn uống, lò vi sóng, ấm đun nước và tủ lạnh. Tất cả các phòng đều có sân hiên nhìn ra quang cảnh thành phố. Du khách có thể đạp xe và đi bộ đường dài để khám phá khu vực xung quanh. Homestay này có thể thu xếp dịch vụ cho thuê xe hơi. Mai DaLat Homestay nằm trong bán kính 2 km từ Hồ Xuân Hương và 2,2 km từ Công viên Yersin. Sân bay gần nhất là sân bay Liên Khương, cách chỗ nghỉ 23 km.",6.6
402,Naomi Resort,Phú Quốc,"Chỗ nghỉ có khu vườn và bãi tắm riêng, nằm cách Chùa Sùng Hưng 22 km và công viên giải trí Vinpearl Land Phú Quốc 41 km. Chỗ nghỉ cung cấp dịch vụ lễ tân 24 giờ, dịch vụ đưa đón sân bay, dịch vụ phòng và Wi-Fi miễn phí trong toàn bộ khuôn viên. Một số phòng nghỉ tại đây được bố trí bếp với máy rửa bát, lò vi sóng và tủ lạnh. Khách nghỉ tại resort có thể thưởng thức bữa sáng kiểu lục địa hoặc bữa sáng à la carte. Naomi Resort có sân hiên. Đạp xe và câu cá là các hoạt động được ưa chuộng trong khu vực đồng thời chỗ nghỉ còn cung cấp dịch vụ cho thuê xe hơi. Naomi Resort cách sòng bạc Corona Casino 41 km và Thác Tranh 13 km. Sân bay gần nhất là sân bay quốc tế Phú Quốc, cách resort 17 km.",7.1
403,Le's Cham Hotel,Nha Trang,"Tọa lạc tại thành phố Nha Trang, Le's Cham Hotel có nhà hàng, xe đạp cho khách sử dụng miễn phí, hồ bơi ngoài trời và quán bar. Chỗ nghỉ này có các phòng gia đình và sân hiên. Nơi đây cung cấp dịch vụ lễ tân 24 giờ, dịch vụ phòng và dịch vụ thu đổi ngoại tệ cho khách. Phòng nghỉ gắn máy điều hòa tại Le's Cham Hotel có bàn làm việc, ấm đun nước, minibar, két an toàn, TV màn hình phẳng và phòng tắm riêng với vòi xịt/chậu rửa vệ sinh. Các phòng được trang bị ga trải giường và khăn tắm. Chỗ nghỉ phục vụ bữa sáng kiểu lục địa hằng ngày. Khách nghỉ tại Le's Cham Hotel có thể tham gia các hoạt động trong và xung quanh thành phố Nha Trang, như đi xe đạp. Các điểm tham quan nổi tiếng gần khách sạn bao gồm Bãi biển Nha Trang, Quảng trường 2/4 và Tháp Trầm Hương. Sân bay gần nhất là sân bay quốc tế Cam Ranh, cách Le's Cham Hotel 37 km, và chỗ nghỉ cung cấp dịch vụ đưa đón sân bay với một khoản phụ phí.",6.1
406,Sunny A Hotel,Huế,"Nằm ở trung tâm Thành phố Huế, Sunny A Hotel cung cấp chỗ ở thanh lịch và thoải mái với truy cập miễn phí Wi-Fi trong toàn bộ khuôn viên. Khách sạn có lễ tân 24 giờ, nhà hàng và cung cấp chỗ đỗ xe miễn phí gần đó. Khách sạn nằm trong bán kính chỉ 200 m từ Sông Hương và 500 m từ Cố Đô Huế. Cầu Tràng Tiền và Chợ Đông Ba đều cách chỗ nghỉ này 1 km, trong khi Sân bay Quốc tế Đà Nẵng cách đó khoảng 80 km lái xe. Các phòng nghỉ máy lạnh tại đây có sàn lát gạch, bàn làm việc, tủ quần áo, truyền hình cáp, minibar và khu vực tiếp khách. Phòng tắm riêng đi kèm tiện nghi vòi sen, máy sấy tóc và đồ vệ sinh cá nhân miễn phí. Khách lưu trú tại Sunny A Hotel có thể thuê xe đạp/xe hơi để khám phá khu vực và tham quan các thắng cảnh gần đó. Nhân viên thân thiện ở đây có thể hỗ trợ du khách với các dịch vụ giữ hành lý, giặt là và sắp xếp tour du lịch. Dịch vụ đưa đón sân bay được cung cấp kèm phụ phí. Khách sạn có nhà hàng phục vụ tuyển chọn các món ăn địa phương đầy hương vị. Các bữa ăn cũng có thể được phục vụ trong sự riêng tư ngay tại phòng của khách.",6.6
409,Quynh Chau Homestay Hội An,Hội An,"Quynh Chau Homestay Hội An cung cấp chỗ nghỉ tại thành phố Hội An, cách Chùa Cầu Nhật Bản 200 m. Trong khuôn viên nơi nghỉ có nhà hàng phục vụ khách. Mỗi phòng tại chỗ nghỉ nhà dân này đều có máy lạnh và TV màn hình phẳng. Một số phòng đi kèm khu vực tiếp khách để quý khách thư giãn sau một ngày bận rộn. Tất cả các phòng đều bao gồm phòng tắm riêng với bồn tắm. Áo choàng tắm, dép đi trong phòng và đồ vệ sinh cá nhân miễn phí cũng được cung cấp để tạo sự thoải mái cho khách. Nơi nghỉ có lễ tân làm việc 24 giờ. Chỗ nghỉ nhà dân này cũng cho thuê xe đạp. Quynh Chau Homestay Hội An cách Hội quán Quảng Châu Trung Quốc 200 m và cách Phố Cổ Hội An 100 m. Sân bay gần nhất là Sân bay Quốc tế Đà Nẵng, cách khách sạn 27 km.",8.7
410,Khanh Uyen 3 Hotel,Đà Lạt,"Tọa lạc tại thành phố Đà Lạt, cách Quảng trường Lâm Viên 1,4 km và Hồ Xuân Hương 1,7 km, Khanh Uyen 3 Hotel cung cấp chỗ nghỉ với sảnh khách chung và WiFi miễn phí cũng như chỗ đỗ xe riêng miễn phí cho khách lái xe. Chỗ nghỉ này có các phòng gia đình và sân hiên. Chỗ nghỉ cung cấp dịch vụ lễ tân 24 giờ, dịch vụ phòng và dịch vụ thu đổi ngoại tệ cho khách. Tất cả phòng nghỉ của khách sạn có tủ để quần áo, TV màn hình phẳng, phòng tắm riêng, ga trải giường và khăn tắm. Trong phòng được trang bị ấm đun nước và tủ lạnh. Một số phòng được bố trí khu vực bếp ăn với lò vi sóng và bếp nấu.  Khanh Uyen 3 Hotel nằm trong bán kính 1,8 km từ Công viên Yersin và 2,2 km từ Vườn hoa Đà Lạt. Sân bay gần nhất là sân bay Liên Khương, cách đó 29 km, và chỗ nghỉ cung cấp dịch vụ đưa đón sân bay với một khoản phụ phí.",7.9
423,Pretty House,Đà Lạt,"Tọa lạc tại thành phố Đà Lạt, cách Quảng trường Lâm Viên 2,2 km và Hồ Xuân Hương 2,4 km, Pretty House có chỗ nghỉ với quán bar, WiFi miễn phí, lễ tân 24 giờ và bếp chung. Nơi đây cung cấp dịch vụ phòng. Căn hộ được bố trí 3 phòng ngủ, 3 phòng tắm, ga trải giường, khăn tắm, TV truyền hình cáp màn hình phẳng, khu vực ăn uống, bếp đầy đủ tiện nghi và sân trong nhìn ra quang cảnh thành phố. Căn hộ có sân hiên và sảnh khách chung. Pretty House nằm trong bán kính 2,5 km từ Công viên Yersin và 3,7 km từ Vườn hoa Đà Lạt. Sân bay gần nhất là sân bay Liên Khương, cách đó 30 km, và chỗ nghỉ cung cấp dịch vụ đưa đón sân bay với một khoản phụ phí.",7.9
424,Phuong Vy Hotel,Đà Lạt,"Tọa lạc tại thành phố Đà Lạt, cách Quảng trường Lâm Viên 1,1 km và Hồ Xuân Hương 1,3 km, Phuong Vy Hotel cung cấp chỗ nghỉ với sảnh khách chung và WiFi miễn phí cũng như chỗ đỗ xe riêng miễn phí cho khách lái xe. Khách sạn này nằm trong bán kính khoảng 3 km từ Vườn hoa Đà Lạt và 6 km từ Thiền viện Trúc Lâm cũng như Hồ Tuyền Lâm. Khách sạn có các phòng gia đình. Phòng nghỉ tại khách sạn được trang bị ga trải giường và khăn tắm. Đội ngũ nhân viên nói tiếng Việt và tiếng Anh tại lễ tân luôn sẵn sàng hỗ trợ khách suốt 24 giờ. Các điểm tham quan nổi tiếng gần Phuong Vy Hotel bao gồm Công viên Yersin, Biệt thự Hằng Nga (Ngôi nhà điên) và Dinh Bảo Đại. Sân bay gần nhất là sân bay Liên Khương, cách chỗ nghỉ 29 km.",6.9
428,Anantara Hoi An Resort,Hội An,"Du khách có thể học Tiếng Việt giao tiếp hoặc đăng ký tham gia lớp yoga hàng ngày. Resort cũng tổ chức các chuyến đi thuyền dọc theo sông và các tour du lịch đi bộ đến Thánh địa Mỹ Sơn của người Chăm hay Ngũ Hành Sơn. Anantara Spa là nơi du khách có thể tận hưởng một ngày thư giãn với các liệu pháp chăm sóc sắc đẹp và mát-xa. Mỗi phòng nghỉ trang nhã gắn máy điều hòa tại đây đều có khu vực ghế ngồi, hiên riêng với tầm nhìn đẹp mắt ra quang cảnh vườn/sông, TV truyền hình vệ tinh màn hình phẳng và tiện nghi pha cà phê/trà. Nhà hàng Lanterns, nơi phục vụ bữa sáng, cung cấp ẩm thực kết hợp hảo hạng mới lạ trong khung cảnh ngoài trời. Hoi An Riverside phục vụ đồ uống ấm áp và đủ loại bánh ngọt thơm ngon trong khi The Art Space có tuyển chọn đồ ăn nhẹ và đồ uống. Anantara Hoi An Resort cách sân bay quốc tế Đà Nẵng khoảng 35 km, Kinh thành Huế 135 km và Phố cổ Hội An, Di sản thế giới được UNESCO công nhận, một quãng tản bộ ngắn.",7.1
435,Lyna's House - Hoi An,Hội An,"Nằm tại thành phố Hội An, cách Hội quán Quảng Đông 500 m và Chùa Cầu Nhật Bản 600 m, Lyna's House - Hoi An có WiFi miễn phí, máy điều hòa, nhà hàng và quán bar. Homestay này có khu vực ghế ngồi với TV màn hình phẳng cũng như phòng tắm riêng đi kèm máy sấy tóc, đồ vệ sinh cá nhân miễn phí và vòi sen. Lyna's House - Hoi An phục vụ bữa sáng kiểu lục địa hoặc bữa sáng à la carte. Chỗ nghỉ cũng có sân hiên và phòng khách chung. Các điểm tham quan nổi tiếng gần Lyna's House - Hoi An bao gồm Bảo tàng lịch sử Hội An, Hội quán Triều Châu và Đình Cẩm Phô. Sân bay gần nhất là sân bay quốc tế Đà Nẵng, nằm trong bán kính 23 km từ homestay.",8.0
437,Hoa Dao Hotel,Hà Nội,"Tọa lạc tại thành phố Hà Nội, Hoa Dao Hotel có nhà hàng, trung tâm thể dục, sảnh khách chung và khu vườn. Chỗ nghỉ này có các phòng gia đình và sân hiên. Nơi đây cung cấp dịch vụ lễ tân 24 giờ, dịch vụ phòng và dịch vụ thu đổi ngoại tệ cho khách. Tất cả phòng nghỉ tại khách sạn được trang bị máy điều hòa, TV truyền hình cáp màn hình phẳng, minibar, ấm đun nước, vòi sen, dép và bàn làm việc. Một số phòng có két an toàn. Mỗi phòng đều được bố trí phòng tắm riêng và tủ để quần áo. Hoa Dao Hotel phục vụ bữa sáng à la carte hằng ngày. Chỗ nghỉ nằm cách Hồ Tây 5 km và Bảo tàng Dân tộc học Việt Nam 6 km. Sân bay gần nhất là sân bay quốc tế Nội Bài, nằm trong bán kính 19 km từ Hoa Dao Hotel, và chỗ nghỉ cung cấp dịch vụ đưa đón sân bay với một khoản phụ phí.",4.2
441,Hoi An Memority Villas & Spa,Hội An,"Tọa lạc tại thành phố Hội An, cách Hội quán Triều Châu 800 m và Bảo tàng Lịch sử Hội An 1,1 km, Hoi An Memority Villas & Spa có xe đạp cho khách sử dụng miễn phí, hồ bơi ngoài trời, vườn và WiFi miễn phí. Chỗ nghỉ này có các phòng gia đình và sân hiên tắm nắng. Nơi đây có dịch vụ tiền sảnh, bàn đặt tour và dịch vụ thu đổi ngoại tệ cho khách. Tất cả phòng nghỉ tại Hoi An Memority Villas & Spa được bố trí khu vực ghế ngồi, TV màn hình phẳng, máy điều hòa và phòng tắm riêng với vòi sen cùng áo choàng tắm. Một số phòng có ban công. Mỗi phòng đều được trang bị bàn làm việc và ấm đun nước. Chỗ nghỉ phục vụ bữa sáng à la carte hằng ngày. Đi xe đạp là hoạt động được ưa chuộng trong khu vực và du khách có thể thuê xe hơi tại Hoi An Memority Villas & Spa. Resort nằm gần các điểm tham quan nổi tiếng như Hội quán Quảng Đông, Chùa Cầu Nhật Bản và Hội quán Hải Nam. Sân bay gần nhất là sân bay quốc tế Đà Nẵng, nằm trong bán kính 24 km từ Hoi An Memority Villas & Spa, và chỗ nghỉ cung cấp dịch vụ đưa đón sân bay với một khoản phụ phí.",8.0
444,Bazan Hotel Dalat,Đà Lạt,"Tọa lạc tại thành phố Đà Lạt, cách Công viên Yersin 1,6 km, Bazan Hotel Dalat có chỗ nghỉ với sảnh khách chung, chỗ đỗ xe riêng miễn phí và khu vườn. Khách sạn 3 sao này cung cấp dịch vụ phòng và dịch vụ tiền sảnh. Chỗ nghỉ có lễ tân 24 giờ, dịch vụ đưa đón sân bay, bếp chung và WiFi miễn phí trong toàn bộ khuôn viên. Phòng nghỉ tại khách sạn được trang bị TV màn hình phẳng, phòng tắm riêng, dép và ga trải giường. Một số phòng có tầm nhìn ra quang cảnh núi non.  Hồ Xuân Hương và Quảng trường Lâm Viên đều nằm cách Bazan Hotel Dalat 1,8 km. Sân bay gần nhất là sân bay Liên Khương, nằm trong bán kính 27 km từ chỗ nghỉ.",8.0
448,Ohana Hotel,Hà Nội,"Tọa lạc tại thành phố Hà Nội, cách trung tâm thương mại Tràng Tiền Plaza 1,5 km, Ohana Hotel có dịch vụ nhận phòng và trả phòng cấp tốc, phòng nghỉ không gây dị ứng, sảnh khách chung, WiFi miễn phí cũng như sân hiên. Khách sạn 3 sao này còn có dịch vụ concierge và bàn đặt tour. Chỗ nghỉ cung cấp dịch vụ lễ tân 24 giờ, dịch vụ phòng và dịch vụ thu đổi ngoại tệ cho khách. Phòng nghỉ tại Ohana Hotel được bố trí máy điều hòa, TV truyền hình vệ tinh màn hình phẳng, tủ lạnh, ấm đun nước, vòi xịt/chậu rửa vệ sinh, dép và bàn làm việc. Các phòng được trang bị ga trải giường, khăn tắm và phòng tắm riêng với vòi sen cùng máy sấy tóc. Một số phòng còn có sân trong.  Nhà Hát Lớn Hà Nội và Nhà Thờ Lớn đều nằm trong bán kính 2,1 km từ chỗ nghỉ. Sân bay gần nhất là sân bay quốc tế Nội Bài, cách Ohana Hotel 28 km, và chỗ nghỉ cung cấp dịch vụ đưa đón sân bay với một khoản phụ phí.",6.9
448,Ohana Hotel,TP. Hồ Chí Minh,"Ohana Hotel nằm ở Thành phố Hồ Chí Minh chỉ cách Sân bay Quốc tế Tân Sơn Nhất 8 km. Nơi đây cung cấp các phòng nghỉ được trang bị nội thất trang nhã và truy cập Internet miễn phí. Tất cả các phòng đều có máy lạnh, truyền hình cáp và khu vực tiếp khách tiện nghi. Ngoài ra còn đi kèm phòng tắm riêng, minibar và đồ vệ sinh cá nhân miễn phí. Hotel Ohana tọa lạc tại một vị trí trung tâm nằm trong bán kính 400 m từ Bảo tàng Mỹ thuật, 500 m từ Bến Nhà Rồng và 600 m từ Chợ Bến Thành nổi tiếng. Những khách lái xe có thể sử dụng tiện nghi đỗ xe miễn phí.",7.8
458,Four Points by Sheraton Danang,Đà Nẵng,"Khách sạn nằm cách Trung tâm thương mại Indochina Riverside 2,3 km. Phòng nghỉ gắn máy điều hòa tại Four Points by Sheraton Danang có TV màn hình phẳng và ban công cho tầm nhìn ra quang cảnh tuyệt đẹp trong khi một số phòng còn có khu vực ghế ngồi. Các phòng tắm riêng được trang bị máy sấy tóc và đồ vệ sinh cá nhân miễn phí. Nước đóng chai miễn phí cũng được cung cấp trong tất cả các phòng. Khách sạn phục vụ bữa sáng và cà phê mới pha hàng ngày. Du khách có thể thưởng thức ẩm thực địa phương và quốc tế tại các nhà hàng. Four Points by Sheraton Danang cũng có quầy bar, nơi du khách có thể thư giãn và tận hưởng những giây phút nghỉ ngơi. Trong khuôn viên còn có hồ bơi và trung tâm thể dục miễn phí. Khách sạn nằm cách Bảo tàng Chăm 3,1 km, Công viên Châu Á 5 km và Sân bay Quốc tế Đà Nẵng 6 km.",6.5
460,Fansipan Da Nang Hotel,Đà Nẵng,"Nằm dọc bờ biển, cách bãi biển Mỹ Khê quyến rũ 5 phút đi bộ, Fansipan Da Nang Hotel cung cấp 2 nhà hàng để khách lựa chọn ăn uống và các phòng với truyền hình cáp màn hình phẳng. Wi-Fi được cung cấp miễn phí trong toàn bộ khuôn viên khách sạn. Da Nang Fansipan Hotel cách Làng Non Nước 5 phút lái xe và cầu Sông Hàn lịch sử 5 km. Thành phố Hội An và sân bay quốc tế Đà Nẵng cách đó lần lượt 20 phút lái xe và 6 km. Tất cả các phòng không hút thuốc tại đây đều có phong cách trang trí hiện đại và sàn gỗ. Các phòng nghỉ thanh lịch đi kèm cửa sổ lớn. Mỗi phòng đều có khu vực ghế ngồi, bàn làm việc và phòng tắm với vòi sen hoặc bồn tắm. Phục vụ ăn uống suốt ngày, nhà hàng cung cấp các món đặc sản Châu Á cũng như Phương Tây. Khách sạn có quầy lễ tân 24 giờ cùng các dịch vụ cho thuê xe đạp và thu đổi ngoại tệ. Nhân viên tại bàn đặt tour có thể hỗ trợ khách đặt các chuyến tham quan và du lịch.",7.2
464,Nha Trang Lodge Hotel,Nha Trang,"Nha Trang Lodge Hotel nằm dọc theo Bãi biển Nha Trang, cách Quảng trường 2/4 chừng 50 m. Tại đây cung cấp các phòng nghỉ với truy cập Internet miễn phí và một số phòng có ban công nhìn ra bãi biển. Spa, hồ bơi và sòng bạc có tại khách sạn này. Từ Nha Trang Lodge chỉ cần lái xe 5 phút là đến Ga Nha Trang. Công viên Nước Phù Đổng cách đó 1,2 km. Các phòng tại đây được trải thảm toàn bộ và có truyền hình cáp màn hình phẳng. Mỗi phòng đều có ban công và khu vực tiếp khách. Minibar và đồ vệ sinh cá nhân trong phòng tắm cũng được trang bị. Du khách có thể thư giãn bằng cách tận hưởng 1 suất mát-xa hoặc xông hơi khô hay đến sàn nhảy để khiêu vũ. Dịch vụ thu đổi ngoại tệ và cho thuê xe hơi có sẵn tại bàn đặt tour. Trong khách sạn còn có cửa hàng lưu niệm và trung tâm dịch vụ doanh nhân. Quý khách có thể thưởng thức ẩm thực Á-Âu tại Nha Trang Lodge Restaurant. Các món ăn địa phương của Việt Nam và hải sản cũng được phục vụ tại đây.",6.9
467,Vinhomes Central Park-Nice Homes,TP. Hồ Chí Minh,"Tọa lạc tại Thành phố Hồ Chí Minh, Vinhomes Central Park-Nice Homes có nhà hàng, lễ tân 24 giờ, quầy bar, khu vườn, hồ bơi ngoài trời mở cửa quanh năm, sân chơi cho trẻ em và tầm nhìn ra hồ nước. Chỗ nghỉ này cung cấp miễn phí WiFi và chỗ đỗ xe riêng ngay trong khuôn viên. Các căn gắn máy điều hòa tại đây có phòng khách với TV màn hình phẳng, khu vực bếp ăn đi kèm lò vi sóng và tủ lạnh, máy giặt, két an toàn cũng như phòng tắm riêng với áo choàng tắm cùng dép đi trong phòng. Mỗi căn đều được bố trí khu vực tiếp khách và ăn uống. Khách sạn căn hộ này phục vụ bữa sáng kiểu Á. Khách được sử dụng thoải mái phòng tập thể dục tại Vinhomes Central Park-Nice Homes. Khách lưu trú tại chỗ nghỉ có thể chơi bóng bàn ngay trong khuôn viên hoặc đi bộ đường dài hay đi xe đạp ở khu vực xung quanh. Vinhomes Central Park-Nice Homes nằm cách Bảo tàng Lịch sử Việt Nam 3,4 km và trung tâm thương mại Diamond Plaza 4,4 km. Sân bay gần nhất là sân bay quốc tế Tân Sơn Nhất, nằm trong bán kính 15 km từ khách sạn căn hộ này, và chỗ nghỉ cung cấp dịch vụ đưa đón sân bay với một khoản phụ phí.",6.5
473,Skyline Hotel,Đà Lạt,"Nằm tại thành phố Đà Lạt, cách Quảng trường Lâm Viên 1,2 km, Skyline Hotel cung cấp chỗ nghỉ với quầy bar, chỗ đỗ xe riêng miễn phí và sảnh khách chung. Chỗ nghỉ nằm trong bán kính 3,1 km từ Vườn hoa Đà Lạt, 4,2 km từ Thiền viện Trúc Lâm và 5 km từ Hồ Tuyền Lâm. Chỗ nghỉ này cung cấp dịch vụ lễ tân 24 giờ, dịch vụ đưa đón sân bay, dịch vụ phòng và WiFi miễn phí trong toàn bộ khuôn viên. Phòng nghỉ tại khách sạn có khu vực ghế ngồi, TV truyền hình vệ tinh màn hình phẳng cũng như phòng tắm riêng đi kèm dép và vòi xịt/chậu rửa vệ sinh. Các phòng tại Skyline Hotel được trang bị ga trải giường và khăn tắm. Trong số các điểm tham quan nổi tiếng gần chỗ nghỉ có Công viên Yersin, Hồ Xuân Hương và Biệt thự Hằng Nga (Ngôi nhà điên). Sân bay gần nhất là sân bay Liên Khương, cách Skyline Hotel 22 km.",9.0
476,Norfolk Mansion - Luxury Serviced Apartment,TP. Hồ Chí Minh,"Nằm tại thành phố Hồ Chí Minh, Norfolk Mansion - Luxury Serviced Apartments cung cấp các căn hộ rộng rãi với phòng ăn, nhà bếp đầy đủ vật dụng và TV màn hình phẳng. Chỗ nghỉ còn có hồ bơi ngoài trời, trung tâm thể dục và Wi-Fi miễn phí. Norfolk Mansion - Luxury Serviced Apartments nằm trong khoảng cách đi bộ từ các địa danh nổi tiếng như Chợ Bến Thành, Dinh Thống Nhất và Nhà hát Lớn Sài Gòn. Norfolk cung cấp các căn hộ với sàn gỗ và ban công riêng. Phòng tắm riêng đi kèm tiện nghi vòi sen và bồn tắm. Bếp được hoàn chỉnh với đồ bếp, lò vi sóng và tủ lạnh. Khách có thể ngâm mình trong hồ bơi spa, chơi bida hay thư giãn ở phòng xông hơi khô. Ngoài ra tại đây còn có một thư viện để khách yên tĩnh đọc sách. Hai nhà hàng tại Norfolk Mansion - Luxury Serviced Apartments phục vụ các món ăn quốc tế cũng như Trung Hoa. Dịch vụ phòng cũng được cung cấp. Bữa sáng tự chọn kiểu lục địa được phục vụ tại khách sạn.",6.8
483,BaLi Motel Vung Tau,Vũng Tàu,"Nhà khách này cung cấp chỗ nghỉ bên bờ biển với nhiều tiện nghi như sảnh khách chung, khu vườn, sân hiên và WiFi miễn phí. Chỗ nghỉ có lễ tân 24 giờ, bếp chung và phòng giữ hành lý cho khách. Tất cả phòng nghỉ tại BaLi Motel Vung Tau có bàn làm việc, TV màn hình phẳng, máy điều hòa và phòng tắm riêng đi kèm vòi xịt/chậu rửa vệ sinh cùng dép đi trong phòng. Một số phòng còn có sân trong. Mỗi phòng đều được trang bị ga trải giường và khăn tắm. Các điểm tham quan nổi tiếng gần BaLi Motel Vung Tau bao gồm Bạch Dinh, trung tâm thương mại Lam Sơn square và Bến tàu Cánh ngầm. Sân bay gần nhất là sân bay quốc tế Tân Sơn Nhất, nằm trong bán kính 109 km từ nhà khách.",8.6
484,Dreams Hotel,Đà Nẵng,"Dreams Hotel tọa lạc ở vị trí yên tĩnh chỉ cách trung tâm thành phố Đà Nẵng 3 km. Khách sạn có trung tâm dịch vụ doanh nhân và cung cấp Wi-Fi miễn phí. Chỉ cách các lựa chọn ăn uống vài bước chân, khách sạn nằm trong bán kính 500 m từ bãi biển công cộng Bắc Mỹ An và 10 phút lái xe từ Sân bay Quốc tế Đà Nẵng. Các phòng nghỉ máy lạnh tại đây có sàn lát gạch, TV truyền hình cáp màn hình phẳng, tủ quần áo và phòng tắm riêng với nguồn nước nóng cùng máy sấy tóc. Du khách có thể đến quầy lễ tân để được hỗ trợ với các dịch vụ giữ hành lý, giặt là và đặt vé. Khách sạn còn có dịch vụ cho thuê xe đạp và xe hơi cũng như bố trí các tour du lịch.",6.9
486,Ngoc Nguyen Anh Da Lat,Đà Lạt,"Nằm tại thành phố Đà Lạt, cách Quảng trường Lâm Viên 2 km và Hồ Xuân Hương 2,2 km, Ngoc Nguyen Anh Da Lat cung cấp chỗ nghỉ với sảnh khách chung, WiFi miễn phí trong toàn bộ khuôn viên và chỗ đỗ xe riêng cho khách lái xe. Chỗ nghỉ nằm cách Công viên Yersin Đà Lạt 2,3 kmVườn hoa Đà Lạt 2,6 km và Thiền viện Trúc Lâm 7 km. Chỗ nghỉ có lễ tân 24 giờ, dịch vụ tiền sảnh và tổ chức các tour du lịch cho khách. Phòng nghỉ tại khách sạn có bố trí bàn làm việc, TV màn hình phẳng, phòng tắm riêng, ga trải giường và khăn tắm. Ngoc Nguyen Anh Da Lat có một số phòng nhìn ra quang cảnh thành phố và mỗi phòng đều đi kèm ấm đun nước. Các phòng cũng trang bị minibar. Chỗ nghỉ nằm cách Hồ Tuyền Lâm 7 km và Núi Lang Bian 10 km. Sân bay gần nhất là sân bay Liên Khương, cách Ngoc Nguyen Anh Da Lat 30 km.",6.2
487,Royal Dragon Boutique Hotel,TP. Hồ Chí Minh,"Tọa lạc tại Thành phố Hồ Chí Minh, cách Chùa Giác Lâm 3,4 km, Royal Dragon Boutique Hotel có tầm nhìn ra quang cảnh thành phố. Trong số các tiện nghi của chỗ nghỉ này có nhà hàng, lễ tân 24 giờ, dịch vụ phòng và WiFi miễn phí trong toàn bộ khuôn viên. Khách sạn cung cấp các phòng gia đình. Phòng nghỉ tại Royal Dragon Boutique Hotel có máy điều hòa, bàn làm việc, ấm đun nước, minibar, két an toàn, TV màn hình phẳng, ban công và phòng tắm riêng với vòi sen. Tất cả các phòng đều được bố trí khu vực ghế ngồi. Khách lưu trú tại chỗ nghỉ có thể thưởng thức bữa sáng kiểu lục địa. Royal Dragon Boutique Hotel nằm trong bán kính 4,4 km từ Chợ Tân Định và 5 km từ Bảo tàng Chứng tích Chiến tranh. Sân bay gần nhất là sân bay quốc tế Tân Sơn Nhất, cách khách sạn 7 km.",7.3
492,Homestay Đà Lạt Giá Rẻ - ALIDA- BBQ-Karaoke-Liên hệ-08888-21025,Đà Lạt,"Tọa lạc tại thành phố Đà Lạt, cách Thiền viện Trúc Lâm 2,4 km, Homestay Đà Lạt Giá Rẻ - ALIDA cung cấp chỗ nghỉ với nhà hàng, chỗ đỗ xe riêng miễn phí, quầy bar và khu vườn. Trong số các tiện nghi tại chỗ nghỉ này có lễ tân 24 giờ, dịch vụ phòng và WiFi miễn phí trong toàn bộ khuôn viên. Khách sạn cung cấp các phòng gia đình. Khách sạn nằm cách Hồ Tuyền Lâm 2,7 km và Quảng trường Lâm Viên 4,2 km. Sân bay gần nhất là sân bay Liên Khương, nằm trong bán kính 28 km từ Homestay Đà Lạt Giá Rẻ - ALIDA.",7.2
493,Sea’lavie Boutique Resort & Spa,Hội An,"Tọa lạc tại thành phố Hội An, cách Bãi biển An Bàng vài bước chân, Sea’lavie Boutique Resort & Spa cung cấp chỗ nghỉ với nhà hàng, chỗ đỗ xe riêng miễn phí, xe đạp cho khách sử dụng miễn phí và hồ bơi ngoài trời. Chỗ nghỉ này có quán bar, sảnh khách chung và vườn. Nơi đây cung cấp dịch vụ phòng, dịch vụ tiền sảnh và dịch vụ thu đổi ngoại tệ cho khách. Phòng nghỉ gắn máy điều hòa của resort có bàn làm việc, ấm đun nước, tủ lạnh, minibar, két an toàn, TV màn hình phẳng, sân trong và phòng tắm riêng với vòi xịt/chậu rửa vệ sinh. Một số phòng được bố trí khu vực bếp ăn với lò vi sóng, lò nướng và bếp nấu. Tại Sea’lavie Boutique Resort & Spa, các phòng được trang bị ga trải giường và khăn tắm. Chỗ nghỉ phục vụ bữa sáng kiểu lục địa hoặc bữa sáng buffet. Sea'lavie Boutique Resort & Spa có sân chơi cho trẻ em. Đi xe đạp là hoạt động được ưa chuộng trong khu vực và resort cũng cung cấp dịch vụ cho thuê xe hơi. Sea’lavie Boutique Resort & Spa nằm trong bán kính chưa đầy 1 km từ Bãi biển Cửa Đại và 19 phút đi bộ từ Bãi biển Hà Mỹ. Sân bay gần nhất là sân bay quốc tế Đà Nẵng, cách đó 26 km, và chỗ nghỉ cung cấp dịch vụ đưa đón sân bay với một khoản phụ phí.",7.1
497,Sunset Sanato Resort & Villas,Phú Quốc,"Nằm ở đảo Phú Quốc, cách Chùa Sùng Hưng 8 km, ""Sunset Sanato Resort & Villas"" cung cấp chỗ nghỉ bên bờ biển với nhiều tiện nghi như nhà hàng, hồ bơi ngoài trời và khu vườn. Resort 4 sao này có khu vực bãi biển riêng và phòng nghỉ gắn máy điều hòa với WiFi miễn phí cùng phòng tắm riêng. Chỗ nghỉ cũng cung cấp dịch vụ lễ tân 24 giờ, dịch vụ phòng và tổ chức các tour du lịch cho khách. Phòng nghỉ của ""Sunset Sanato Resort & Villas"" được trang bị tủ để quần áo, bàn làm việc và TV màn hình phẳng. Chỗ nghỉ phục vụ bữa sáng tự chọn hoặc bữa sáng kiểu Á. Du khách có thể tận hưởng nhiều hoạt động thể thao tại resort như bóng chuyền, chèo thuyền và dù lượn. Du khách cũng có cơ hội tham gia chương trình biểu diễn ca nhạc trực tiếp hoặc thưởng thức tiệc BBQ tự chọn với một khoản phụ phí. Sòng bạc Corona và công viên giải trí Vinpearl Land Phú Quốc đều nằm trong bán kính 30 km từ ""Sunset Sanato Resort & Villas"".",6.3
500,DQua Hotel and Apartment,Nha Trang,"Tọa lạc tại thành phố Nha Trang, DQua Hotel and Apartment có nhà hàng, hồ bơi ngoài trời, trung tâm thể dục và quán bar. Khách sạn 5 sao này cũng có CLB trẻ em, dịch vụ trợ giúp đặc biệt và WiFi miễn phí. Chỗ nghỉ cung cấp dịch vụ lễ tân 24 giờ, dịch vụ phòng và dịch vụ thu đổi ngoại tệ cho khách. Phòng nghỉ gắn máy điều hòa tại khách sạn được trang bị bàn làm việc, ấm đun nước, tủ lạnh, minibar, két an toàn, TV màn hình phẳng và phòng tắm riêng với bồn nước nóng. Khách nghỉ tại DQua Hotel and Apartment có thể thưởng thức bữa sáng à la carte. Chỗ nghỉ có sân hiên. Những điểm tham quan nổi tiếng gần DQua Hotel and Apartment bao gồm Bãi biển Nha Trang, Chợ Đầm và Bảo tàng Alexandre Yersin. Sân bay gần nhất là sân bay quốc tế Cam Ranh, cách khách sạn 38 km, và chỗ nghỉ cung cấp dịch vụ đưa đón sân bay với một khoản phụ phí.",7.3
502,Hanami Hotel Danang,Đà Nẵng,"Tọa lạc tại thành phố Đà Nẵng, cách Bãi biển Mỹ Khê 600 m, Hanami Hotel Danang cung cấp chỗ nghỉ với nhà hàng, chỗ đỗ xe riêng miễn phí, quán bar và vườn. Chỗ nghỉ này có các phòng gia đình và tiện nghi BBQ. Chỗ nghỉ cũng có lễ tân 24 giờ, bàn đặt tour và dịch vụ thu đổi ngoại tệ cho khách. Tất cả phòng nghỉ tại đây đều được trang bị máy điều hòa, TV truyền hình cáp màn hình phẳng, ấm đun nước, chậu rửa vệ sinh (bidet), máy sấy tóc và bàn làm việc. Các phòng còn có phòng tắm riêng với vòi sen cùng đồ vệ sinh cá nhân miễn phí và WiFi miễn phí. Tại Hanami Hotel Đà Nẵng, tất cả các phòng đều có khu vực ghế ngồi. Chỗ nghỉ phục vụ bữa sáng kiểu lục địa hàng ngày. Hanami Hotel Danang nằm trong bán kính 2,9 km từ Cầu tàu Tình yêu và 3,6 km từ Bảo tàng Chăm. Sân bay gần nhất là sân bay quốc tế Đà Nẵng, cách khách sạn 5 km, và chỗ nghỉ cung cấp dịch vụ đưa đón sân bay với một khoản phụ phí.",8.4
506,Horizon Village Dalat,Đà Lạt,"Khách sạn 3 sao này có lễ tân 24 giờ, dịch vụ phòng, khu vườn và sân hiên. Phòng nghỉ tại Horizon Village Dalat được trang bị ấm đun nước và TV màn hình phẳng. Một số phòng có ban công. Chỗ nghỉ phục vụ bữa sáng kiểu Á hằng ngày. Các điểm tham quan nổi tiếng gần Horizon Village Dalat bao gồm Công viên Yersin, Hồ Xuân Hương và Biệt thự Hằng Nga (Ngôi nhà điên). Sân bay gần nhất là sân bay Liên Khương, nằm trong bán kính 21 km từ khách sạn.",7.4
508,Hoa Mi Condotel,Đà Lạt,"Căn hộ cung cấp miễn phí cả WiFi lẫn chỗ đỗ xe riêng. Hoa Mi Condotel có sân trong, tầm nhìn ra vườn, khu vực ghế ngồi, TV truyền hình vệ tinh màn hình phẳng, khu vực bếp ăn đầy đủ tiện nghi với lò vi sóng cùng tủ lạnh cũng như phòng tắm riêng đi kèm vòi xịt/chậu rửa vệ sinh và đồ vệ sinh cá nhân miễn phí. Mỗi căn đều được bố trí ban công nhìn ra quang cảnh thành phố. Chỗ nghỉ có sân hiên tắm nắng. Hoa Mi Condotel cung cấp cả dịch vụ cho thuê xe đạp lẫn xe hơi trong khi du khách có thể chơi golf và đi xe đạp ở khu vực gần đó. Căn hộ nằm cách Hồ Xuân Hương 2,2 km và Công viên Yersin 2,3 km. Sân bay gần nhất là sân bay Liên Khương, nằm trong bán kính 22 km từ Hoa Mi Condotel, và chỗ nghỉ cung cấp dịch vụ đưa đón sân bay với một khoản phụ phí.",8.2
513,Dreamy House - Boutique Hotel,Đà Nẵng,"Tọa lạc tại vị trí lý tưởng ở khu vực Bãi biển Mỹ Khê của thành phố Đà Nẵng, Dreamy House - Boutique Hotel nằm cách Bãi biển Mỹ Khê 250 m, Bãi biển Bắc Mỹ An và Cầu Khóa Tình yêu 2,4 km. Khách sạn 2 sao này có sảnh khách chung và các phòng nghỉ trang bị máy điều hòa với Wi-Fi miễn phí cùng phòng tắm riêng. Chỗ nghỉ cung cấp dịch vụ lễ tân 24 giờ, dịch vụ phòng và dịch vụ thu đổi ngoại tệ. Tất cả phòng nghỉ tại khách sạn đều được trang bị TV màn hình phẳng với các kênh truyền hình vệ tinh, ấm đun nước trong khi một số phòng còn có bếp đi kèm lò vi sóng, tủ lạnh và minibar. Các phòng tại Dreamy House - Boutique Hote có ga trải giường cùng khăn tắm. Chỗ nghỉ cách Cầu Sông Hàn 2,4 km trong khi Trung tâm thương mại Indochina Riverside cách đó 3 km. Sân bay gần nhất là sân bay quốc tế Đà Nẵng, cách Dreamy House - Boutique Hotel 6 km.",6.1
516,Aquari Hotel,TP. Hồ Chí Minh,"Khách sạn mới xây tọa lạc tại trung tâm thành phố Sài Gòn này nằm trong bán kính chỉ 10 phút đi bộ từ các điểm tham quan như Dinh Thống Nhất, Nhà thờ Đức Bà và Chợ Bến Thành. Nơi đây cung cấp các phòng với Wi-Fi miễn phí và dịch vụ phòng 24 giờ. Dịch vụ mát-xa cũng có tại đây. Các phòng máy lạnh tại Aquari Hotel có sàn lát gạch, đồ nội thất bằng gỗ và TV màn hình LCD. Tiện nghi pha trà/cà phê và minibar cũng được trang bị trong phòng. Các phòng tắm riêng có vòi sen hoặc bồn tắm. Nằm cách Sân bay Quốc tế Tân Sơn Nhất 30 phút lái xe, khách nghỉ ở Aquari có thể kết thúc một ngày bằng việc ngâm mình trong bồn tắm nước nóng nhiều người hoặc thư giãn tại phòng xông hơi khô và phòng xông hơi ướt. Ngoài ra, khách sạn còn có phòng tập thể dục. Tại đây cũng có các tiện nghi phục vụ khách như giặt hấp và đưa đón sân bay với một khoản phụ phí. Các món ăn quốc tế cũng như Châu Á được phục vụ tại nhà hàng The Spring Restaurant cùng với tuyển chọn các loại trà, nước trái cây và cocktail. Đồ ăn nhẹ và bánh mì sandwich cũng có tại đây.",6.8
518,Muong Thanh Holiday Da Lat Hotel,Đà Lạt,"Truy cập Wi-Fi miễn phí, quầy bar và spa cũng có tại khách sạn này. Mỗi phòng nghỉ tại đây đều có TV, máy lạnh và minibar. Phòng tắm riêng đi kèm vòi sen, bồn tắm và máy sấy tóc. Ngoài ra phòng còn bao gồm khu vực tiếp khách và truyền hình cáp. Tại Muong Thanh Dalat Hotel du khách sẽ tìm thấy trung tâm thể dục và xe đạp miễn phí. Du khách có thể thư giãn với liệu pháp mát-xa tại spa. Khách sạn còn có các tiện ích như dịch vụ đặt vé, bàn đặt tour và sân chơi cho trẻ em. Nơi nghỉ này còn có chỗ đỗ xe miễn phí. Khách sạn nằm cách Hồ Xuân Hương và Chợ Đà Lạt 100 m. Vườn Hoa Đà Lạt cách khách sạn này 1,6 km trong khi Thiền viện Trúc Lâm cách đó 4,6 km. Escape Bar mở cửa từ 16:00 - 22:00 và có ban nhạc trình diễn trực tiếp.",5.6
527,Nụ Cười Xinh,Đà Lạt,"Nơi đây cung cấp các phòng nghỉ với Wi-Fi miễn phí ở tất cả các khu vực. Chỗ đỗ xe chung được cung cấp miễn phí. Với tầm nhìn toàn cảnh ra thành phố, tất cả các phòng tại đây đều có khu vực tiếp khách để thư giãn sau một ngày bận rộn. Một số phòng còn có TV màn hình phẳng và phòng tắm riêng với vòi sen. Khăn tắm và bộ khăn trải giường cũng được cung cấp. Quý khách được thưởng thức bữa sáng miễn phí và một tách cà phê vào buổi sáng. Nụ Cười Xinh có quầy lễ tân 24 giờ, bếp chung và các cửa hàng. Nơi nghỉ có thể tổ chức các chuyến đi trong ngày như đạp xe, đi bộ đường dài và tour đạp xe leo núi. Quý khách có thể tham gia nhiều hoạt động khác nhau tại khu vực xung quanh như câu cá, đi bè trên sông và chèo thuyền. Backpackers Home cách Hồ Xuân Hương 1,4 km và Vườn hoa Đà Lạt 2,1 km. Núi Lang Bian và Sân bay Liên Khương cách đó lần lượt 8 km và 22 km.",7.4
528,Jupiter Hotel,Vũng Tàu,"Jupiter Hotel cung cấp chỗ nghỉ 2 sao tại thành phố Vũng Tàu, cách Bãi Sau 750 m và Bãi Trước 2,1 km. Khách sạn 2 sao này có dịch vụ tiền sảnh và phòng giữ hành lý. Chỗ nghỉ cung cấp dịch vụ lễ tân 24 giờ, dịch vụ đưa đón sân bay, dịch vụ phòng và WiFi miễn phí trong toàn bộ khuôn viên. Mỗi phòng nghỉ tại khách sạn đều được trang bị bàn làm việc, TV màn hình phẳng và phòng tắm riêng. Các phòng tại Jupiter Hotel có máy điều hòa và tủ để quần áo. Chỗ nghỉ nằm cách Bãi Dứa 2,8 km và Bạch Dinh 3,8 km. Sân bay gần nhất là sân bay quốc tế Tân Sơn Nhất, nằm trong bán kính 107 km từ Jupiter Hotel.",7.2
544,Botanist Lab Minihotel by CIRCADIAN,TP. Hồ Chí Minh,"Chỗ nghỉ này nằm trong bán kính 2,1 km từ trung tâm thương mại Diamond Plaza, 2,3 km từ Bảo tàng Chứng tích Chiến tranh và 2,4 km từ Bưu điện Trung tâm Sài Gòn. Các điểm tham quan trong khu vực bao gồm Trung tâm mua sắm Vincom, cách chỗ nghỉ 2,6 km, hoặc Bảo tàng Thành phố Hồ Chí Minh, cách đó 2,9 km. Phòng nghỉ của quán trọ này được trang bị máy điều hòa, lò vi sóng, bếp nấu, máy pha cà phê, chậu rửa vệ sinh (bidet), máy sấy tóc và bàn làm việc. Mỗi phòng đều có khu vực ghế ngồi. ""Botanist Lab Minihotel by CIRCADIAN"" có sân hiên. Nhà thờ Đức Bà Sài Gòn và Dinh Thống Nhất đều nằm trong bán kính 2,4 km từ chỗ nghỉ. Sân bay gần nhất là sân bay quốc tế Tân Sơn Nhất, cách Botanist Lab Minihotel by CIRCADIAN 5 km.",8.3
546,Louis Villa Hoi An,Hội An,"Tọa lạc tại thành phố Hội An, Louis Villa Hoi An có nhà hàng, xe đạp cho khách sử dụng miễn phí, hồ bơi ngoài trời và quầy bar. Trong số các tiện nghi của chỗ nghỉ này còn có dịch vụ phòng, dịch vụ concierge và WiFi miễn phí trong toàn bộ khuôn viên. Chỗ nghỉ cung cấp dịch vụ lễ tân 24 giờ, bếp chung và dịch vụ thu đổi ngoại tệ cho khách. Mỗi phòng tại resort đều có bàn làm việc, TV màn hình phẳng, phòng tắm riêng, máy điều hòa và tủ để quần áo. Khách nghỉ tại đây có thể thưởng thức bữa sáng kiểu lục địa. Louis Villa Hoi An có sân hiên. Bãi biển An Bàng cách resort 2,5 km trong khi Bảo tàng Lịch sử Hội An cách đó 2,7 km. Sân bay gần nhất là sân bay quốc tế Đà Nẵng, cách Louis Villa Hoi An 21 km và chỗ nghỉ cung cấp dịch vụ đưa đón sân bay kèm phụ phí.",8.3
549,Sea Sand Hotel,Đà Nẵng,"Tọa lạc ở thành phố Đà Nẵng, nằm trong bán kính 200 m từ Bãi biển Mỹ Khê và 3,5 km từ Cầu tàu Tình yêu, Sea Sand Hotel cung cấp chỗ nghỉ với sân hiên cũng như chỗ đỗ xe riêng miễn phí cho khách lái xe. Trong số các tiện nghi của khách sạn này có lễ tân 24 giờ, dịch vụ phòng và WiFi miễn phí trong toàn bộ khuôn viên. Chỗ nghỉ không gây dị ứng và nằm cách Công viên Châu Á 3,8 km. Tất cả phòng nghỉ của khách sạn đều được bố trí máy điều hòa, khu vực ghế ngồi, truyền hình vệ tinh màn hình phẳng, bếp, khu vực ăn uống và phòng tắm riêng với máy sấy tóc, chậu rửa vệ sinh (bidet) cùng vòi sen. Các phòng cũng có bàn làm việc và ấm đun nước. Sea Sand Hotel nằm trong bán kính 4,2 km từ Bảo tàng Chăm và 5 km từ Cầu Sông Hàn. Sân bay gần nhất là sân bay quốc tế Đà Nẵng, cách chỗ nghỉ 5 km.",6.5
556,An Phuc Hotel,Vũng Tàu,"Tọa lạc tại thành phố Vũng Tàu, An Phuc Hotel nằm cách Bãi Sau chưa đầy 1 km và cách Nghinh Phong 5 km. Khách sạn 2 sao này cung cấp dịch vụ lễ tân 24 giờ và WiFi miễn phí. Khách sạn cũng cung cấp chỗ đỗ xe riêng miễn phí và dịch vụ cho thuê xe hơi cho những khách muốn khám phá khu vực xung quanh. Mỗi phòng nghỉ tại khách sạn đều được trang bị máy điều hòa, bàn làm việc, TV, phòng tắm riêng, ga trải giường, khăn tắm và sân trong nhìn ra quang cảnh thành phố. Tất cả các căn đều có tủ để quần áo. An Phuc Hotel nằm cách Bạch Dinh 5 km và cách Tượng Chúa Kitô Vua Vũng Tàu 6 km. Sân bay gần nhất là sân bay quốc tế Tân Sơn Nhất, cách đó 105 km, và chỗ nghỉ cung cấp dịch vụ đưa đón sân bay với một khoản phụ phí.",7.4
561,Mai Vang Hotel,Đà Lạt,"Khách sạn có dịch vụ lễ tân 24 giờ và chỗ đỗ xe miễn phí ngay trong khuôn viên. Khách sạn cách Hồ Xuân Hương chỉ 5 phút lái xe. Sân bay quốc tế Liên Khương cách đó khoảng 35 km. Các phòng nghỉ có sàn lát gạch và được trang bị quạt làm mát, tủ để quần áo, khu vực ghế ngồi, minibar và TV truyền hình vệ tinh màn hình phẳng. Phòng tắm riêng được bố trí bồn tắm hoặc vòi sen, máy sấy tóc và đồ vệ sinh cá nhân miễn phí. Mai Vang Hotel có dịch vụ văn phòng, nơi khách có thể sử dụng dịch vụ fax và photocopy. Khách sạn cũng có dịch vụ giặt là, các hoạt động tour du lịch và cung cấp dịch vụ đưa đón sân bay và đưa đón nói chung với một khoản phụ phí. Trong khuôn viên khách sạn có nhà hàng nơi du khách có thể thử những món ăn địa phương ngon miệng. Du khách cũng có thể lựa chọn thưởng thức bữa ăn tại phòng nghỉ của mình.",5.0
563,THANH TAI HOTEL 2,TP. Hồ Chí Minh,"Trong số các tiện nghi tại chỗ nghỉ này có lễ tân 24 giờ, dịch vụ phòng, WiFi miễn phí trong toàn bộ khuôn viên và khu vườn. Dinh Thống Nhất và Công viên Tao Đàn đều nằm trong bán kính 11 km từ khách sạn. Khách sạn nằm cách Chợ Tân Định 10 km và Bảo tàng Chứng tích Chiến tranh 11 km. Sân bay gần nhất là sân bay quốc tế Tân Sơn Nhất, nằm trong bán kính 5 km từ HANH TAI HOTEL 2.",7.5
564,Le Indochina Hotel & Beach Da Nang City,Đà Nẵng,"Tọa lạc ở nội thành Đà Nẵng và cách bãi biển Mỹ An 800 m, Le Indochina Hotel & Beach Da Nang City sở hữu hồ bơi ngoài trời cùng trung tâm spa và cung cấp WiFi miễn phí trong toàn khuôn viên. Các phòng nghỉ tại đây đều có máy lạnh, ghế sofa, tủ quần áo và két an toàn. Phòng tắm riêng được trang bị bồn tắm/vòi sen, bồn rửa vệ sinh và áo choàng tắm, dép cùng đồ vệ sinh cá nhân miễn phí. Nhân viên tại quầy lễ tân 24 giờ sẵn sàng hỗ trợ quý khách bố trí chỗ để hành lý. Chỗ nghỉ còn có bồn tắm nóng cùng phòng xông hơi khô và cũng cung cấp xe đạp miễn phí. Le Indochina Hotel & Beach Da Nang City nằm trong bán kính 3,2 km từ Cầu Khóa Tình yêu và 3,4 km từ Bảo tàng Chăm. Sân bay quốc tế Đà Nẵng cách chỗ nghỉ 5 km. Chỗ nghỉ cung cấp dịch vụ đưa đón sân bay có tính phí. Quý khách có thể thưởng thức các bữa ăn tại nhà hàng trong khuôn viên.",6.2
567,Ocean-view Home Muong Thanh Apt,Đà Nẵng,"Tọa lạc ở thành phố Đà Nẵng, gần Bãi biển Mỹ Khê, cách Bãi biển Bắc Mỹ An chưa đầy 1 km, Ocean-view Home cung cấp chỗ nghỉ với nhà hàng, xe đạp cho khách sử dụng miễn phí, khu vực bãi biển riêng, quán bar và sảnh khách chung. Chỗ nghỉ cung cấp WiFi miễn phí và dịch vụ lễ tân 24 giờ. Căn hộ được bố trí 2 phòng ngủ, 2 phòng tắm, ga trải giường, khăn tắm, TV truyền hình vệ tinh màn hình phẳng, khu vực ăn uống, bếp đầy đủ tiện nghi và ban công nhìn ra dòng sông. Để thêm phần thuận tiện cho du khách, chỗ nghỉ có thể cung cấp khăn tắm và ga trải giường với một khoản phụ phí. Căn hộ cung cấp cả dịch vụ cho thuê xe đạp lẫn xe hơi. Ocean-view Home nằm cách Cầu tàu Tình yêu 3,1 km và Bảo tàng Chăm 3,8 km. Sân bay gần nhất là sân bay quốc tế Đà Nẵng, cách đó 6 km, và chỗ nghỉ cung cấp dịch vụ đưa đón sân bay miễn phí.",7.7
570,NAM Hotel & Residences,Đà Nẵng,"Tọa lạc tại vị trí lý tưởng ở khu Bãi biển Mỹ Khê thuộc thành phố Đà Nẵng, Nam Hotel & Residences nằm cách Bãi biển Mỹ Khê chưa đầy 1 km, Bãi biển Bắc Mỹ An 2,9 km và Cầu Sông Hàn 1,3 km. Chỗ nghỉ này có các phòng gia đình và hồ bơi ngoài trời. Nơi đây cung cấp dịch vụ phòng, sảnh khách chung và dịch vụ thu đổi ngoại tệ cho khách. Phòng nghỉ tại khách sạn được bố trí máy điều hòa, khu vực ghế ngồi, TV truyền hình cáp màn hình phẳng, két an toàn và phòng tắm riêng với vòi sen, áo choàng tắm cùng dép. WiFi được cung cấp miễn phí cho tất cả các khách trong khi một số phòng còn có ban công. Tất cả các phòng đều được trang bị bàn làm việc và ấm đun nước. Khách được thoải mái sử dụng phòng xông hơi khô tại Nam Hotel & Residences. Chỗ nghỉ cung cấp chỗ đỗ xe riêng miễn phí, dịch vụ văn phòng và dịch vụ lễ tân 24 giờ. Cầu khóa Tình yêu nằm trong bán kính 1,5 km từ chỗ nghỉ trong khi Trung tâm thương mại Indochina Riverside cách đó 1,9 km. Sân bay gần nhất là sân bay quốc tế Đà Nẵng, cách Nam Hotel & Residences 6 km, và chỗ nghỉ cung cấp dịch vụ đưa đón sân bay với một khoản phụ phí.",6.6
571,Vuon Xuan Hotel,Đà Lạt,"Tọa lạc tại thành phố Đà Lạt, cách Công viên Yersin Đà Lạt 1,6 km và cách Hồ Xuân Hương 1,7 km, Vuon Xuan Hotel cung cấp chỗ nghỉ với khu vườn cũng như chỗ đỗ xe riêng miễn phí cho những khách lái xe. Khách sạn 3 sao này cung cấp dịch vụ phòng và dịch vụ tiền sảnh. Nơi đây có lễ tân 24 giờ, bếp chung và tổ chức các tour du lịch cho khách. Mỗi phòng nghỉ tại khách sạn đều có bàn làm việc, TV màn hình phẳng, phòng tắm riêng, ga trải giường, khăn tắm và sân trong nhìn ra khu vườn. Các phòng được trang bị phòng tắm chung với vòi xịt/chậu rửa vệ sinh và dép đi trong phòng, một số căn tại Vuon Xuan Hotel còn có ban công. Các căn được bố trí tủ để quần áo và ấm đun nước. Chỗ nghỉ có sân hiên. Vuon Xuan Hotel cách Quảng trường Lâm Viên 1,8 km và Vườn Hoa Đà Lạt 3,8 km. Sân bay gần nhất là sân bay Liên Khương, cách đó 27 km và khách sạn cung cấp dịch vụ đưa đón sân bay với một khoản phụ phí.",8.6
574,Anh Thư Hotel,Vũng Tàu,"Chỗ nghỉ này cũng có các phòng gia đình và sân hiên. Chỗ nghỉ cung cấp dịch vụ lễ tân 24 giờ, dịch vụ đưa đón sân bay, dịch vụ phòng và WiFi miễn phí. Tất cả phòng nghỉ tại khách sạn đều được trang bị TV màn hình phẳng. Anh Thư Hotel nằm trong bán kính 2,6 km từ Bãi Dứa và 3,4 km từ Bạch Dinh. Sân bay gần nhất là sân bay quốc tế Tân Sơn Nhất, cách chỗ nghỉ 107 km.",5.2
578,Cham Oasis Nha Trang Resort Condotel,Nha Trang,"Nép mình trong các khu vườn riêng, Cham Oasis Nha Trang Resort Condotel cung cấp chỗ nghỉ trên đảo Champa Island ở trung tâm thành phố Nha Trang. Khách sạn có hồ bơi ngoài trời nhìn ra sông và quý khách có thể dùng bữa tại nhà hàng trong khuôn viên hoặc nhâm nhi đồ uống tại quầy bar. Wi-Fi miễn phí được cung cấp trong toàn bộ khuôn viên. Cham Oasis Nha Trang Resort Condotel tọa lạc ở vị trí thuận tiện, cách Tháp Chàm Po Nagar 500 m, Chợ Đầm 1,1 km, Trung tâm Suối khoáng nóng Tháp Bà 1,6 km và sân bay gần nhất là sân bay quốc tế Cam Ranh 29 km. Khách sạn cũng cung cấp dịch vụ đưa đón kèm phụ phí. Các chỗ nghỉ tại đây được trang bị TV màn hình phẳng và đều đi kèm phòng tắm riêng với áo choàng tắm. Đối tác của khách sạn cung cấp chỗ đỗ xe riêng miễn phí trong khuôn viên. Cham Oasis Nha Trang Resort Condotel cũng có hồ bơi ngoài trời mở cửa quanh năm và quầy bar phục vụ đồ uống trong khuôn viên. Khách sạn còn cung cấp dịch vụ giao hàng tạp hóa và cho thuê xe máy. Câu cá là hoạt động nổi tiếng trong khu vực này. Nhà hàng trong khuôn viên chuyên các món ăn hải sản cũng như ẩm thực Á, Âu và Việt Nam chính thống.",6.7
579,Avanti Boutique Hotel,TP. Hồ Chí Minh,"Avanti Boutique Hotel nằm cách Dinh Thống Nhất chỉ 1 km và Chợ Bến Thành 1 phút đi bộ. Khách sạn có trung tâm thể dục, nhà hàng, quầy lễ tân 24 giờ và Wi-Fi miễn phí. Khách sạn cách sân bay quốc tế Tân Sơn Nhất khoảng 7 km và bến xe buýt trung tâm 500 m. Các điểm tham quan nổi tiếng như Bưu điện Trung tâm, Nhà hát Lớn và Nhà thờ Đức Bà chỉ cách khách sạn 1 km. Các phòng của Avanti Boutique Hotel được trang bị máy điều hòa, TV truyền hình cáp, tủ lạnh mini và tủ quần áo. Tất cả phòng đều được bố trí phòng tắm riêng. Nhà hàng trong khuôn viên phục vụ tuyển chọn các món ăn Việt Nam và phương Tây. Dịch vụ phòng cũng được cung cấp cho khách.",6.4
582,Quang Diep Motel,Vũng Tàu,"Khách sạn này có các phòng gia đình và tiện nghi BBQ. Chỗ nghỉ có lễ tân 24 giờ và dịch vụ phòng cho khách. Tất cả phòng nghỉ tại Quang Diep Motel đều có khu vực ghế ngồi, TV truyền hình cáp màn hình phẳng cũng như phòng tắm riêng đi kèm dép đi trong phòng và vòi xịt/chậu rửa vệ sinh. Các phòng còn được trang bị máy điều hòa và bàn làm việc. Chỗ nghỉ có sân hiên. Các điểm tham quan nổi tiếng gần Quang Diep Motel bao gồm Bãi Trước, Tượng Chúa Ki-tô Vua và Bến tàu Cánh ngầm. Sân bay gần nhất là sân bay quốc tế Tân Sơn Nhất, cách khách sạn 108 km.",7.4
587,CAROLINE BEACH VUNG TAU,Vũng Tàu,"Tọa lạc tại thành phố Vũng Tàu, cách Bãi Sau 400 m và Bãi Trước 2,5 km, CAROLINE BEACH VUNG TAU cung cấp chỗ nghỉ với quầy bar và WiFi miễn phí cũng như chỗ đỗ xe riêng miễn phí cho khách lái xe. Khách sạn 3 sao này có lễ tân 24 giờ và dịch vụ phòng. Khách sạn cung cấp các phòng gia đình. Tất cả phòng nghỉ tại CAROLINE BEACH VUNG TAU đều được bố trí khu vực ghế ngồi, TV truyền hình vệ tinh màn hình phẳng cũng như phòng tắm riêng đi kèm dép và vòi sen. Trong phòng được trang bị máy điều hòa và tủ lạnh. Một số phòng có ban công.  Chỗ nghỉ có sân hiên. CAROLINE BEACH VUNG TAU nằm trong bán kính 2,7 km từ Bãi Dứa và 2,3 km từ Mũi Nghinh Phong. Sân bay gần nhất là sân bay Vũng Tàu, cách khách sạn 6 km.",5.7
592,Nadine Phu Quoc Resort & Spa,Phú Quốc,"Tọa lạc trên đảo Phú Quốc, cách Bãi Dài chưa đến 1 km, Nadine Phu Quoc Resort & Spa cung cấp chỗ nghỉ với nhà hàng, chỗ đỗ xe riêng miễn phí, quán bar và sảnh khách chung. Resort 4 sao này có Wi-Fi miễn phí, khu vườn và sân hiên. Chỗ nghỉ cung cấp dịch vụ lễ tân 24 giờ, dịch vụ phòng và dịch vụ thu đổi ngoại tệ cho khách. Resort cung cấp phòng nghỉ gắn máy điều hòa với bàn làm việc, ấm đun nước, minibar, két an toàn, TV màn hình phẳng, ban công và phòng tắm riêng với vòi xịt/chậu rửa vệ sinh. Các phòng tại Nadine Phu Quoc Resort & Spa đi kèm ga trải giường và khăn tắm. Chỗ nghỉ phục vụ bữa sáng kiểu lục địa và bữa sáng buffet hàng ngày. Nadine Phu Quoc Resort & Spa có sân chơi cho trẻ em. Resort cách Chùa Sùng Hưng 3,6 km và công viên giải trí Vinpearl Land Phú Quốc 25 km. Sân bay gần nhất là sân bay quốc tế Phú Quốc, nằm trong bán kính 7 km từ Nadine Phu Quoc Resort & Spa, và chỗ nghỉ cung cấp dịch vụ đưa đón sân bay với một khoản phụ phí.",7.0
593,An Bang Sea Adventure Homestay Hoi An,Hội An,"Nằm tại thành phố Hội An, An Bang Sea Adventure Homestay Hoi An có tầm nhìn ra vườn, chỗ nghỉ, xe đạp miễn phí, phòng khách chung, vườn, khu vực bãi biển riêng và sân hiên. Du khách có thể truy cập WiFi miễn phí trong toàn bộ khuôn viên chỗ nghỉ. Tất cả phòng nghỉ tại đây đều có khu vực ghế ngồi, TV màn hình phẳng với truyền hình cáp và phòng tắm riêng với máy sấy tóc, chậu rửa vệ sinh (bidet) cùng vòi sen. Tủ lạnh và ấm đun nước cũng được trang bị. Homestay này phục vụ bữa sáng kiểu à la carte. Các điểm tham quan nổi tiếng gần An Bang Sea Adventure Homestay Hoi An bao gồm Bãi biển An Bàng, Bãi biển Hà My và Bãi biển Cửa Đại. Sân bay gần nhất là sân bay quốc tế Đà Nẵng, cách chỗ nghỉ 25 km.",8.6
597,The One Home Đà Lạt,Đà Lạt,"Nằm cách Vườn hoa Đà Lạt 2,5 km, The One Home Đà Lạt có chỗ nghỉ với sảnh khách chung, sân hiên và bếp chung để tạo thuận tiện cho khách. Homestay này cung cấp miễn phí cả WiFi lẫn chỗ đỗ xe riêng. Một số căn tại đây có khu vực ăn uống và/hoặc sân trong. The One Home Đà Lạt nằm cách Quảng trường Lâm Viên 2,6 km và Hồ Xuân Hương 2,7 km. Sân bay gần nhất là sân bay Liên Khương, nằm trong bán kính 31 km từ chỗ nghỉ.",7.9
598,Phu My Hung Bungalow,Phú Quốc,"Khách sạn này cũng có bếp chung và sân chơi cho trẻ em. Phòng nghỉ lắp máy điều hòa tại đây có tầm nhìn ra hồ nước, bàn làm việc và WiFi miễn phí. Tất cả phòng nghỉ tại khách sạn đều được bố trí ban công nhìn ra hồ bơi. Phu My Hung Bungalow có sân hiên tắm nắng. Đi bộ đường dài là hoạt động được ưa chuộng trong khu vực và du khách cũng có thể thuê xe hơi tại chỗ nghỉ. Phu My Hung Bungalow nằm cách Chùa Sùng Hưng 5 km và Sòng bạc Corona 26 km.",8.0
599,Hadana Boutique Hotel Danang,Đà Nẵng,"Hadana Boutique Hotel Danang tọa lạc tại khu Bãi biển Mỹ Khê ở thành phố Đà Nẵng, cách Cầu Sông Hàn 900 m. Khách sạn có hồ bơi ngoài trời và quầy bar ngay trong khuôn viên. Các phòng nghỉ tại đây được trang bị TV. Một số phòng đi kèm khu vực tiếp khách để thư giãn sau một ngày bận rộn. Các phòng có phòng tắm riêng. Hadana Boutique Hotel Danang cung cấp Wi-Fi miễn phí. Chỗ nghỉ có lễ tân làm việc 24 giờ. Bảo tàng Chăm và Bãi biển Mỹ An nằm trong bán kính lần lượt 1,8 km và 3,9 km từ Hadana Boutique Hotel Danang. Sân bay gần nhất là Sân bay Quốc tế Đà Nẵng, cách khách sạn 5 km.",6.9
600,Oleander Garden Homestay,Hội An,"Nằm cách Bãi biển Cửa Đại 2,7 km, Oleander Garden Homestay có khu vườn, sân hiên cũng như chỗ nghỉ gắn máy điều hòa với ban công và WiFi miễn phí. Tất cả phòng nghỉ tại đây đều được bố trí khu vực ghế ngồi, TV truyền hình cáp màn hình phẳng và phòng tắm riêng với đồ vệ sinh cá nhân miễn phí cùng vòi sen. Homestay này phục vụ bữa sáng kiểu Mỹ hoặc kiểu Á. Du khách có thể thuê xe đạp và xe hơi tại Oleander Garden Homestay. Chỗ nghỉ nằm gần các điểm tham quan nổi tiếng như Hội quán Triều Châu, Bảo tàng Lịch sử Hội An và Hội quán Hải Nam. Sân bay gần nhất là sân bay quốc tế Đà Nẵng, cách đó 29 km, và Oleander Garden Homestay cung cấp dịch vụ đưa đón sân bay với một khoản phụ phí.",8.0
602,Silk Path Grand Hue Hotel,Huế,"Tọa lạc tại thành phố Huế, cách Tử Cấm Thành 1,9 km, Silk Path Grand Hue Hotel cung cấp chỗ nghỉ với nhà hàng, chỗ đỗ xe riêng miễn phí, hồ bơi ngoài trời và trung tâm thể dục. Chỗ nghỉ này có quán bar, sảnh khách chung và khu vườn. Chỗ nghỉ cung cấp dịch vụ lễ tân 24 giờ, dịch vụ phòng và dịch vụ thu đổi ngoại tệ cho khách. Tất cả phòng nghỉ tại khách sạn đều được trang bị bàn làm việc. Khách lưu trú tại Silk Path Grand Hue Hotel có thể thưởng thức bữa sáng kiểu lục địa. Chỗ nghỉ có sân chơi cho trẻ em. Du khách có thể chơi bida và thuê xe đạp tại Silk Path Grand Hue Hotel. Chỗ nghỉ cũng có dịch vụ văn phòng và CLB trẻ em trong khuôn viên. Các điểm tham quan nổi tiếng gần khách sạn bao gồm ga Huế, Bảo tàng Hồ Chí Minh và Chùa Báo Quốc. Sân bay gần nhất là sân bay Phú Bài, nằm trong bán kính 16 km từ Silk Path Grand Hue Hotel và chỗ nghỉ cung cấp dịch vụ đưa đón sân bay với một khoản phụ phí.",6.5
603,The Blue House,Đà Lạt,"Tọa lạc tại thành phố Đà Lạt, cách Quảng trường Lâm Viên 700 m, The Blue House cung cấp chỗ nghỉ với lối dẫn ra khu vườn. Một số chỗ ở tại đây có khu vực ăn uống và/hoặc ban công. Homestay này có sân hiên. The Blue House nằm cách Công viên Yersin chưa đầy 1 km. Sân bay Liên Khương nằm trong bán kính 22 km từ chỗ nghỉ. Blue House cung cấp sân hiên cũng như chỗ nghỉ với bếp nhỏ tại thành phố Đà Lạt. Căn hô nàỵ nằm gần các điểm tham quan nổi tiếng như Quảng trường Lâm Viên, Công viên Yersin và Hồ Xuân Hương. Sân bay Liên Khương cách chỗ nghỉ 22 km.",8.0
608,The Natural Bungalow,Hội An,"Với lối thiết kế kiểu Việt Nam, tất cả phòng nghỉ tại đây đều được bố trí máy điều hòa, TV màn hình phẳng, phòng tắm riêng, quạt máy, khăn tắm và vòi sen nước nóng. Sân hiên ngoài trời, vườn và khu vực ghế ngồi ngoài trời cũng nằm trong số các tiện nghi tại The Natural Bungalow. Chỗ nghỉ còn có lễ tân 24 giờ, nước uống miễn phí và xe đạp miễn phí. Khu vực này nổi tiếng với các môn thể thao bãi biển, bao gồm bóng chuyền, bóng đá và cầu lông. Du khách có thể tìm thấy nhiều lựa chọn ăn uống ở gần đó. The Natural Bungalow cách Chùa Phước Lâm 2,8 km, Bảo tàng lịch sử Hội An 5,4 km và sân bay gần nhất là sân bay quốc tế Đà Nẵng 28 km.",7.7
609,PANORAMA CENTRAL NHA TRANG,Nha Trang,"Nằm cách Bãi biển Nha Trang chưa đến 1 km, PANORAMA CENTRAL NHA TRANG cung cấp chỗ nghỉ, nhà hàng, hồ bơi ngoài trời, trung tâm thể dục và quầy bar. Chỗ nghỉ này có Wi-Fi miễn phí và chỗ đỗ xe riêng ngay trong khuôn viên. Các căn tại đây có sàn gỗ parquet, bếp nhỏ đầy đủ tiện nghi với lò vi sóng, TV truyền hình vệ tinh màn hình phẳng và phòng tắm riêng đi kèm vòi sen và áo choàng tắm. Một số căn có ban công và/hoặc sân hiên nhìn ra biển. Khách sạn căn hộ này phục vụ bữa sáng kiểu lục địa hoặc bữa sáng buffet. PANORAMA CENTRAL NHA TRANG cung cấp dịch vụ cho thuê xe hơi. Các điểm tham quan nổi tiếng gần các chỗ nghỉ gồm Tháp Trầm Hương, Nhà thờ Nha Trang và trung tâm thương mại Nha Trang Centre. Sân bay gần nhất là sân bay quốc tế Cam Ranh, cách chỗ nghỉ 36 km và PANORAMA CENTRAL NHA TRANG cung cấp dịch vụ đưa đón sân bay với một khoản phụ phí.",7.0
611,Căn hộ the sóng 23-24,Vũng Tàu,"Chỗ nghỉ này có hồ bơi riêng. Chỗ nghỉ này cung cấp chỗ đỗ xe riêng ngay trong khuôn viên. Căn hộ gắn máy điều hòa này được bố trí 3 phòng ngủ, TV màn hình phẳng và khu vực bếp ăn với minibar. Căn hộ có sân hiên. Căn hộ the sóng 23-24 nằm cách Khu du lịch sinh thái và văn hóa Hồ Mây 3,7 km trong khi Bạch Dinh cách đó 4,1 km. Sân bay gần nhất là sân bay Vũng Tàu, nằm trong bán kính 4 km từ chỗ nghỉ.",10.0
615,Volga Hotel,Vũng Tàu,"Tọa lạc tại thành phố Vũng Tàu, chỉ cách Bãi Sau vài bước chân, Volga Hotel cung cấp chỗ nghỉ với nhà hàng, chỗ đỗ xe riêng miễn phí và quầy bar. Chỗ nghỉ này có hồ bơi trong nhà và dịch vụ cho thuê xe đạp. Nơi đây cung cấp dịch vụ lễ tân 24 giờ, dịch vụ phòng và phòng giữ hành lý cho khách. Mỗi phòng nghỉ tại khách sạn đều được trang bị máy điều hòa, két an toàn và TV màn hình phẳng trong khi một số phòng có ban công. Khách nghỉ tại Volga Hotel có thể thưởng thức bữa sáng buffet. Các điểm tham quan nổi tiếng gần chỗ nghỉ bao gồm Bãi Dứa, Mũi Nghinh Phong và Tượng Chúa Kitô Vua. Sân bay gần nhất là sân bay Vũng Tàu, cách Volga Hotel 7 km.",5.6
619,Thanh Son Motel,Vũng Tàu,"Motel này nằm trong bán kính khoảng 2,3 km từ Mũi Nghinh Phong, 3,1 km từ Bạch Dinh và 5 km từ Ngọn hải đăng Vũng Tàu. Chỗ nghỉ có lễ tân 24 giờ, bếp chung và phòng giữ hành lý cho khách. Các điểm tham quan nổi tiếng gần motel bao gồm Bãi Trước, Tượng Chúa Kitô Vua và Bến tàu Cánh ngầm. Sân bay gần nhất là sân bay quốc tế Tân Sơn Nhất, cách Thanh Son Motel 108 km.",7.0
626,Hanoian Central Hotel & Spa,Hà Nội,"Hanoian Central Hotel & Spa nằm trong Khu Phố Cổ của thành phố Hà Nội, cách Chợ Đồng Xuân và chợ đêm cuối tuần chỉ 3 phút tản bộ. Phòng nghỉ tại đây có Wi-Fi miễn phí, máy tính xách tay và TV màn hình phẳng. Hanoian Central Hotel & Spa cách cả Hồ Hoàn Kiếm cũng như Nhà hát múa rối nước nổi tiếng 10 phút tản bộ, Lăng Chủ tịch Hồ Chí Minh 15 phút đi bộ, sân bay quốc tế Nội Bài 40 phút lái xe và ga Hà Nội 2 km.  Với tầm nhìn ra cảnh đường phố Hà Nội, phòng nghỉ lắp máy điều hòa tại đây được trang bị truyền hình cáp, tủ lạnh, ấm đun nước điện cũng như phòng tắm riêng với đồ vệ sinh cá nhân và máy sấy tóc.  Khách sạn cấm hút thuốc này có lễ tân 24 giờ, dịch vụ cho thuê xe hơi, dịch vụ thu đổi ngoại tệ và dịch vụ giặt là. Khách sạn có thể bố trí dịch vụ đưa đón với một khoản phụ phí. Nhà hàng phục vụ bữa sáng Việt Nam và phương Tây trong khi quầy bar cung cấp đồ uống có cồn và không cồn.",7.7
630,Hoi An Central Boutique Hotel & Spa (Little Hoi An Central Boutique Hotel & Spa),Hội An,"Nằm trong một tòa nhà theo phong cách thuộc địa, Hoian Central Boutique Hotel & Spa nằm cách Chùa Cầu Nhật Bản 500 m. Khách sạn có hồ bơi ngoài trời chào đón khách đến nhâm nhi đồ uống tự chọn tại quán Sunken Bar. Quý khách có thể dùng bữa tại nhà hàng. Mỗi phòng nghỉ tại khách sạn này đều được trang bị máy điều hòa và TV màn hình phẳng. Một số phòng có khu vực ghế ngồi và/hoặc cho tầm nhìn ra hồ bơi hoặc khu vườn. Giường có nệm lò xo cao cấp với chăn lông vũ loại 250 chỉ số sợi vải. Phòng có phòng tắm riêng với bồn tắm, áo choàng tắm, dép và đồ vệ sinh cá nhân miễn phí để tạo sự thoải mái cho quý khách. Nhân viên đa ngôn ngữ tại quầy lễ tân 24 giờ có thể hỗ trợ quý khách với dịch vụ nhận/trả phòng cấp tốc riêng, phòng giữ hành lý và các dịch vụ trợ giúp đặc biệt khác. Bàn đặt tour có thể sắp xếp các tour du lịch và dịch vụ đặt vé. Chỗ nghỉ cũng có cửa hàng quà tặng, phòng họp và các tiện nghi dịch vụ doanh nhân khác. Dịch vụ đưa đón sân bay có thể được sắp xếp theo yêu cầu kèm phụ phí. Khách sạn này có khu vực bãi biển riêng và cung cấp xe đạp để quý khách sử dụng miễn phí. Chỗ nghỉ nằm trong bán kính 900 m từ Phố Cổ Hội An và 1 km từ Hội quán Phúc Kiến. Sân bay gần nhất là sân bay quốc tế Đà Nẵng, cách đó 30 km.",6.5
631,SeaSala VT Hotel,Vũng Tàu,"Tọa lạc tại thành phố Vũng Tàu, cách Bãi Sau 500 m, SeaSala VT Hotel cung cấp chỗ nghỉ bên bờ biển với nhiều tiện nghi như sảnh khách chung và sân hiên. Khách sạn 2 sao này có lễ tân 24 giờ và dịch vụ phòng. Khách sạn cung cấp các phòng gia đình. Phòng nghỉ tại khách sạn có máy điều hòa, TV truyền hình cáp màn hình phẳng, tủ lạnh, ấm đun nước, vòi xịt/chậu rửa vệ sinh, dép và tủ để quần áo. Mỗi phòng đều được trang bị ga trải giường và khăn tắm. Bãi Trước nằm trong bán kính 2,4 km từ SeaSala VT Hotel trong khi Bãi Dứa cách đó 2,8 km. Sân bay gần nhất là sân bay Vũng Tàu, cách chỗ nghỉ 6 km.",6.0
635,Grand Jeep Hotel,Đà Nẵng,"Grand Jeep Hotel nằm ở thành phố Đà Nẵng, cách Cầu Sông Hàn 1,7 km. Du khách có thể thưởng thức đồ uống tại quầy bar trong khuôn viên. Wi-Fi được cung cấp miễn phí trong toàn bộ chỗ nghỉ. Mỗi phòng nghỉ tại khách sạn này đều có máy điều hòa, TV màn hình phẳng, khu vực ghế ngồi và két an toàn. Một số phòng nhìn ra quang cảnh biển/núi non. Phòng tắm riêng được trang bị bồn tắm hoặc vòi sen, đồ vệ sinh cá nhân miễn phí, áo choàng tắm và dép. Chỗ nghỉ có quầy lễ tân 24 giờ và dịch vụ giữ hành lý. Cầu khoá tình yêu Đà Nẵng nằm trong bán kính 1,8 km từ Grand Jeep Hotel trong khi trung tâm thương mại Indochina Riverside Mall cách chỗ nghỉ 2 km. Sân bay gần nhất là sân bay quốc tế Đà Nẵng, cách đó 6 km. Dịch vụ đưa/đón sân bay được bố trí kèm phụ phí. Du khách có thể thưởng thức đồ ăn cũng như đồ uống tại nhà hàng và quầy bar ngay trong khuôn viên.",7.5
637,NHƯ MÂY GuestHouse,Phú Quốc,"Khách sạn 2 sao này có khu vườn và phòng nghỉ gắn máy điều hòa với WiFi miễn phí cùng phòng tắm riêng. Chỗ nghỉ cung cấp dịch vụ lễ tân 24 giờ và bếp chung cho khách sử dụng. Tất cả phòng nghỉ tại NHƯ MÂY GuestHouse đều được trang bị TV truyền hình vệ tinh màn hình phẳng, ga trải giường và khăn tắm. Trong số các điểm tham quan nổi tiếng gần chỗ nghỉ có Chùa Sùng Hưng, Nhà thùng Nước mắm và Trung tâm Lặn biển Coco.",7.8
640,Ivy Hotel Nha Trang,Nha Trang,"Tọa lạc tại thành phố Nha Trang, Ivy Hotel Nha Trang có nhà hàng, hồ bơi ngoài trời, trung tâm thể dục và quán bar. Khách sạn 4 sao này cũng có WiFi miễn phí, sảnh khách chung và dịch vụ concierge. Chỗ nghỉ này cung cấp dịch vụ lễ tân 24 giờ, dịch vụ phòng và dịch vụ thu đổi ngoại tệ cho khách. Tất cả phòng nghỉ tại khách sạn đều được trang bị máy điều hòa, truyền hình vệ tinh màn hình phẳng, ấm đun nước, vòi sen, máy sấy tóc và tủ để quần áo. Ngoài ra, phòng còn có phòng tắm riêng với đồ vệ sinh cá nhân miễn phí. Khách nghỉ tại Ivy Hotel Nha Trang có thể thưởng thức bữa sáng kiểu lục địa. Chỗ nghỉ cũng có sân hiên. Các điểm tham quan nổi tiếng gần Ivy Hotel Nha Trang bao gồm Bãi biển Nha Trang, Quảng trường 2/4 và Tháp Trầm Hương. Sân bay gần nhất là sân bay quốc tế Cam Ranh, nằm trong bán kính 26 km từ khách sạn, và chỗ nghỉ cung cấp dịch vụ đưa đón sân bay với một khoản phụ phí.",6.9
641,Nhật Nguyên Hotel,Đà Lạt,"Khách sạn 2 sao này có sảnh khách chung, dịch vụ đặt vé và dịch vụ giữ hành lý. Chỗ nghỉ cung cấp dịch vụ lễ tân 24 giờ, dịch vụ đưa đón, dịch vụ phòng và WiFi miễn phí. Khách sạn có sân hiên tắm nắng. Nhật Nguyên Hotel nằm cách Công viên Yersin 1 km và Vườn hoa Đà Lạt 2,6 km. Sân bay gần nhất là sân bay Liên Khương, nằm trong bán kính 22 km từ chỗ nghỉ.",8.0
643,Sunlight Bungalow,Phú Quốc,"Khách sạn này có các phòng gia đình và tiện nghi BBQ. Nơi đây cung cấp dịch vụ lễ tân 24 giờ, dịch vụ phòng và dịch vụ thu đổi ngoại tệ cho khách. Tất cả phòng nghỉ tại Sunlight Bungalow có máy điều hòa, khu vực ghế ngồi, TV truyền hình vệ tinh màn hình phẳng, két an toàn và phòng tắm riêng với vòi xịt/chậu rửa vệ sinh, áo choàng tắm cùng dép. Mỗi phòng đều được trang bị ga trải giường và khăn tắm. Chỗ nghỉ phục vụ bữa sáng kiểu lục địa hoặc bữa sáng buffet. Sunlight Bungalow có sân hiên phơi nắng. Khu vực này nổi tiếng với hoạt động đi xe đạp và du khách có thể thuê xe hơi tại khách sạn. Các điểm tham quan nổi tiếng gần Sunlight Bungalow bao gồm Bãi tắm Dinh Cậu, Chùa Sùng Hưng và Bảo tàng Cội Nguồn. Sân bay gần nhất là sân bay quốc tế Phú Quốc, cách đó 9 km, và chỗ nghỉ cung cấp dịch vụ đưa đón sân bay với một khoản phụ phí.",6.8
648,Hanoi Crocus Homestay,Hà Nội,"Tất cả phòng nghỉ tại đây đều có khu vực ghế ngồi, truyền hình cáp màn hình phẳng và phòng tắm riêng với máy sấy tóc, chậu rửa vệ sinh (bidet) cùng vòi sen. Lò nướng, bếp nấu, máy nướng bánh mỳ và ấm đun nước cũng được trang bị trong phòng. Du khách có thể thuê xe đạp tại homestay này. Các điểm tham quan nổi tiếng gần Hanoi Crocus Homestay gồm có Nhà Thờ Lớn, trung tâm thương mại Tràng Tiền Plaza và Lăng Chủ tịch Hồ Chí Minh. Sân bay gần nhất là sân bay quốc tế Nội Bài, cách đó 26 km, và chỗ nghỉ cung cấp dịch vụ đưa đón sân bay với một khoản phụ phí.",6.3
651,Liberty Sapa Hotel,Sa Pa,"Nằm ở thị xã Sa Pa, cách Ga cáp treo Fansipan Legend 6 km, Liberty Sapa Hotel cung cấp chỗ nghỉ với nhà hàng, chỗ đỗ xe riêng miễn phí, sảnh khách chung và khu vườn. Chỗ nghỉ này có các phòng gia đình và sân hiên. Chỗ nghỉ cung cấp dịch vụ lễ tân 24 giờ, dịch vụ phòng và dịch vụ thu đổi ngoại tệ cho khách. Tất cả phòng nghỉ tại đây được trang bị máy điều hòa, TV truyền hình cáp màn hình phẳng, ấm đun nước, vòi xịt/chậu rửa vệ sinh, dép và bàn làm việc. Các phòng của Liberty Sapa Hotel được bố trí phòng tắm riêng, tủ để quần áo, ga trải giường và khăn tắm. Một số phòng có sân trong và tầm nhìn ra quang cảnh thành phố.  Các điểm tham quan nổi tiếng gần chỗ nghỉ bao gồm Hồ Sa Pa, Nhà thờ Đá Sa Pa và Bến xe Sa Pa. Sân bay gần nhất là sân bay Điện Biên Phủ, nằm trong bán kính 269 km từ Liberty Sapa Hotel, và chỗ nghỉ cung cấp dịch vụ đưa đón sân bay với một khoản phụ phí.",7.8
652,OYO 276 Bh Hotel,Hà Nội,"Tọa lạc tại vị trí lý tưởng ở trung tâm thành phố Hà Nội, OYO 276 Bh Hotel cung cấp phòng nghỉ gắn máy điều hòa với WiFi miễn phí, chỗ đỗ xe riêng miễn phí và dịch vụ phòng. Khách sạn nằm gần nhiều điểm tham quan nổi tiếng, cách Nhà Hát Lớn Hà Nội khoảng 800 m, trung tâm thương mại Tràng Tiền Plaza 1,3 km và Nhà hát múa rối nước Thăng Long 1,8 km. Chỗ nghỉ có quầy bar, lễ tân 24 giờ và sảnh khách chung. Tất cả phòng nghỉ tại khách sạn đều được bố trí khu vực ghế ngồi và TV. Nhà Thờ Lớn và Ô Quan Chưởng đều nằm trong bán kính 2,1 km từ OYO 276 BH Hotel. Sân bay gần nhất là sân bay quốc tế Nội Bài, cách chỗ nghỉ 27 km.",6.9
658,Sea Beach Hotel,Vũng Tàu,"Tọa lạc ở thành phố Vũng Tàu, cách Bãi Sau chưa đến 1 km, Sea Beach Hotel cung cấp chỗ nghỉ với WiFi miễn phí và chỗ đỗ xe riêng miễn phí. Chỗ nghỉ này nằm trong bán kính 2,2 km từ Mũi Nghinh Phong, 3 km từ Bạch Dinh và 4,3 km từ Ngọn hải đăng Vũng Tàu. Chỗ nghỉ cung cấp dịch vụ phòng, dịch vụ tiền sảnh và phòng giữ hành lý cho khách. Tất cả phòng nghỉ tại khách sạn đều được trang bị máy điều hòa, TV truyền hình cáp màn hình phẳng, tủ lạnh, ấm đun nước, vòi sen, dép và bàn làm việc. Một số phòng có ban công và tầm nhìn ra quang cảnh núi non. Các phòng được bố trí phòng tắm riêng và tủ để quần áo. Các điểm tham quan nổi tiếng gần Sea Beach Hotel bao gồm Bãi Dứa, Bãi Trước và Tượng Chúa Kitô Vua. Sân bay gần nhất là sân bay quốc tế Tân Sơn Nhất, nằm trong bán kính 108 km từ chỗ nghỉ.",7.2
660,Cabana Hotel Saigon - 260 Ly Tu Trong,TP. Hồ Chí Minh,"Nằm trong bán kính 5 phút đi bộ từ trung tâm thương mại Zen Plaza và Chợ Bến Thành, Cabana Hotel Saigon - 260 Ly Tu Trong cung cấp phòng nghỉ với WiFi miễn phí. Dinh Thống Nhất, Nhà thờ Đức Bà và Bảo tàng Chứng tích Chiến tranh đều nằm cách chỗ nghỉ này khoảng 10 phút lái xe. Mỗi phòng nghỉ tại Cabana Hotel Saigon - 260 Ly Tu Trong đều được trang bị máy điều hòa, minibar và TV màn hình 32 inch. Phòng tắm riêng đi kèm vòi sen nước nóng và máy sấy tóc. Khách sạn nằm cách sân bay quốc tế Tân Sơn Nhất khoảng 8,4 km và ga Sài Gòn 3 km. Du khách có thể sắp xếp việc đi tham quan và đặt tour du lịch tại lễ tân. Chỗ nghỉ cũng cung cấp tiện nghi giữ hành lý. Gần khách sạn có nhiều nhà hàng, bao gồm cả nhà hàng phục vụ thực đơn Halal (dành cho người theo đạo Hồi).",5.7
661,Woody House Saigon Center,TP. Hồ Chí Minh,"Tọa lạc tại trung tâm Thành phố Hồ Chí Minh, cách Chợ ẩm thực đường phố Bến Thành 1,2 km và Công viên Tao Đàn 1,2 km, Woody House Saigon Center cung cấp chỗ nghỉ với WiFi miễn phí và chỗ đỗ xe riêng miễn phí. Mỗi căn tại đây đều có sân hiên, bếp đầy đủ tiện nghi với lò vi sóng, khu vực ghế ngồi, TV màn hình phẳng, máy giặt cũng như phòng tắm riêng đi kèm vòi xịt/chậu rửa vệ sinh và dép đi trong phòng. Các căn còn được trang bị tủ lạnh, minibar, bếp nấu ăn, ấm đun nước và máy pha cà phê. Các điểm tham quan nổi tiếng gần khách sạn căn hộ này bao gồm Bảo tàng Chứng tích Chiến tranh, Bảo tàng Thành phố Hồ Chí Minh và Dinh Thống Nhất. Sân bay gần nhất là sân bay quốc tế Tân Sơn Nhất, nằm trong bán kính 12 km từ Woody House Saigon Center.",8.1
670,Nhat Huy Bungalow,Phú Quốc,"Nằm cách Bãi Dài 600 m, Nhat Huy Bungalow có hồ bơi ngoài trời, khu vườn cũng như chỗ nghỉ gắn máy điều hòa với ban công và WiFi miễn phí. Tất cả các căn tại đây được bố trí khu vực ghế ngồi, TV truyền hình cáp và phòng tắm riêng với đồ vệ sinh cá nhân miễn phí cùng vòi sen. Mỗi căn đều có sân hiên nhìn ra hồ bơi. Căn hộ cung cấp dịch vụ cho thuê xe hơi. Nhat Huy Bungalow nằm trong bán kính 4,3 km từ Chùa Sùng Hưng và 26 km từ công viên giải trí Vinpearl Land Phú Quốc. Sân bay gần nhất là sân bay quốc tế Phú Quốc, cách đó 7 km, và chỗ nghỉ cung cấp dịch vụ đưa đón sân bay với một khoản phụ phí.",6.8
680,Thanh Xuan Hotel,Vũng Tàu,"Khách sạn này cung cấp chỗ nghỉ với xe đạp cho khách sử dụng miễn phí, chỗ đỗ xe riêng miễn phí, sảnh khách chung, sân hiên và WiFi miễn phí. Nơi đây có lễ tân 24 giờ, bếp chung và dịch vụ thu đổi ngoại tệ cho khách. Một số phòng nghỉ được bố trí khu vực bếp ăn với lò vi sóng, tủ lạnh và lò nướng. Trong số các điểm tham quan nổi tiếng gần khách sạn có Tượng Chúa Kitô Vua, Bến tàu Cánh ngầm và trung tâm thương mại Lam Sơn square. Sân bay gần nhất là sân bay quốc tế Tân Sơn Nhất, nằm trong bán kính 109 km từ Thanh Xuan Hotel, và chỗ nghỉ cung cấp dịch vụ đưa đón sân bay với một khoản phụ phí.",7.6
683,Hoian Aroma Villa,Hội An,"Tọa lạc tại thành phố Hội An, Hoian Aroma Villa có nhà hàng, lễ tân 24 giờ, quầy bar, khu vườn, hồ bơi ngoài trời mở cửa quanh năm, sân chơi cho trẻ em và tầm nhìn ra khu vườn. Biệt thự cung cấp miễn phí cả WiFi lẫn chỗ đỗ xe riêng. Mỗi phòng nghỉ tại đây đều có bếp với lò vi sóng, tủ lạnh, TV truyền hình vệ tinh màn hình phẳng, tiện nghi ủi, bàn làm việc cũng như khu vực ghế ngồi đi kèm ghế sofa. Ngoài ra, căn hộ còn có phòng tắm riêng với vòi sen, máy sấy tóc và đồ vệ sinh cá nhân miễn phí. Hoian Aroma Villa phục vụ bữa sáng kiểu lục địa và bữa sáng à la carte hàng ngày. Chỗ nghỉ cũng có sân hiên. Du khách có thể thư giãn tại sảnh khách chung hoặc đi bộ đường dài và đạp xe gần đó. Hoian Aroma Villa nằm cách Bãi biển An Bàng 2,9 km và Làng Thanh Hà 4,3 km. Sân bay gần nhất là sân bay quốc tế Đà Nẵng, nằm trong bán kính 20 km từ biệt thự, và chỗ nghỉ cung cấp dịch vụ đưa đón sân bay với một khoản phụ phí.",8.0
684,Santori Hotel And Spa,Đà Nẵng,"Tọa lạc tại thành phố Đà Nẵng, cách Bãi biển Mỹ Khê 2,1 km, Santori Hotel And Spa có chỗ nghỉ với nhà hàng, chỗ đỗ xe riêng miễn phí, hồ bơi ngoài trời và quầy bar. Mỗi chỗ nghỉ tại khách sạn 4 sao này đều có tầm nhìn ra quang cảnh thành phố và WiFi miễn phí. Nơi đây cung cấp dịch vụ lễ tân 24 giờ, dịch vụ phòng và dịch vụ thu đổi ngoại tệ cho khách. Phòng nghỉ tại khách sạn có máy điều hòa, bàn làm việc, TV màn hình phẳng, phòng tắm riêng, ga trải giường, khăn tắm và ban công nhìn ra vườn. Tất cả các phòng đều được trang bị tủ để quần áo và ấm đun nước. Khách nghỉ tại Santori Hotel And Spa có thể thưởng thức bữa sáng à la carte hoặc bữa sáng kiểu Á. Chỗ nghỉ nằm cách Bãi biển Bắc Mỹ An 2,9 km và Cầu khóa Tình yêu 1,1 km. Sân bay gần nhất là sân bay quốc tế Đà Nẵng, nằm trong bán kính 5 km từ Santori Hotel And Spa, và chỗ nghỉ cung cấp dịch vụ đưa đón sân bay với một khoản phụ phí.",7.1
692,Bách Khoa Motel,Vũng Tàu,"Homestay này cung cấp miễn phí cả WiFi lẫn chỗ đỗ xe riêng. Tất cả các căn tại đây đều được trang bị máy điều hòa, TV màn hình phẳng, máy giặt và ấm đun nước. Một số căn được bố trí phòng tắm riêng đi kèm vòi xịt/chậu rửa vệ sinh, dép đi trong phòng, máy sấy tóc và đồ vệ sinh cá nhân miễn phí. Các điểm tham quan nổi tiếng gần Bách Khoa Motel bao gồm Bãi Dứa, Bãi Trước và Ngọn hải đăng Vũng Tàu. Sân bay gần nhất là sân bay quốc tế Tân Sơn Nhất, cách đó 71 km, và chỗ nghỉ cung cấp dịch vụ đưa đón sân bay với một khoản phụ phí.",6.0
695,Amis Hotel,Vũng Tàu,"Chỉ cách Bãi biển Bãi Sau 200 m và có tầm nhìn tuyệt đẹp hướng ra biển, Amis Hotel cung cấp truy cập Wi-Fi miễn phí trong toàn bộ khuôn viên và có 1 nhà hàng trong nhà. Với đồ nội thất trang nhã, các phòng máy lạnh tại đây được trang bị truyền hình cáp màn hình phẳng cũng như minibar và bàn làm việc. Phòng tắm riêng đi kèm với máy sấy tóc và đồ vệ sinh cá nhân miễn phí. Bộ phận lễ tân làm việc 24 giờ sẽ vui lòng hỗ trợ khách các dịch vụ để hành lý và giặt thường/giặt hấp. Để tạo sự thuận tiện cho khách, nơi đây cung cấp dịch vụ đưa đón sân bay kèm phụ phí. Tòa nhà hiện đại này nằm cách Chợ Mới 1,5 km và cách Bến Tàu Cao tốc 3 km. Cửa hàng bách hóa nổi tiếng tại địa phương - Siêu thị Co-op Mart, cách khách sạn này 4 km. Được bố trí ở tầng trệt, nhà hàng trong nhà sẽ phục vụ bữa sáng phong phú hàng ngày. Du khách cũng có thể chọn dịch vụ ăn uống trong phòng.",5.6
699,Hello Dalat Hostel,Đà Lạt,"Chỗ nghỉ này nằm trong bán kính 2,2 km từ Hồ Xuân Hương, 2,4 km từ Công viên Yersin và 3,5 km từ Vườn hoa Đà Lạt. Chỗ nghỉ cung cấp bếp chung, sảnh khách chung và dịch vụ thu đổi ngoại tệ cho khách. Phòng nghỉ tại hostel được bố trí phòng tắm riêng với vòi sen. Hello Dalat Hostel phục vụ bữa sáng à la carte và bữa sáng kiểu Á hàng ngày. Thiền viện Trúc Lâm và Hồ Tuyền Lâm đều nằm cách chỗ nghỉ 6 km. Sân bay gần nhất là sân bay Liên Khương, cách Hello Dalat Hostel 22 km, và chỗ nghỉ cung cấp dịch vụ đưa đón sân bay với một khoản phụ phí.",8.7
700,Crown Nguyen Hoang Hotel,Nha Trang,"Nằm ở thành phố Nha Trang, cách Bãi biển Nhũ Tiên 2,4 km, Crown Nguyen Hoang Hotel cung cấp chỗ nghỉ với nhà hàng, chỗ đỗ xe riêng miễn phí, hồ bơi ngoài trời và quán bar. Khách sạn 4 sao này có sảnh khách chung và phòng nghỉ gắn máy điều hòa với WiFi miễn phí. Tại đây cũng có lễ tân 24 giờ, dịch vụ phòng và dịch vụ thu đổi ngoại tệ cho khách. Phòng nghỉ của khách sạn được trang bị bàn làm việc và tủ để quần áo. Crown Nguyen Hoang Hotel phục vụ bữa sáng tự chọn và kiểu Mỹ hàng ngày.  Chỗ nghỉ có sân hiên tắm nắng. Du khách có thể chơi bi-a tại Crown Nguyen Hoang Hotel. Khách sạn nằm cách Bãi biển Nha Trang 2,5 km và Viện hải dương học 1,6 km. Sân bay gần nhất là sân bay quốc tế Cam Ranh, nằm trong bán kính 37 km từ Crown Nguyen Hoang Hotel.",5.9
703,T P Pool Villa,Đà Nẵng,"Chỗ nghỉ bên bờ biển này có sân trong và chỗ đỗ xe riêng miễn phí. Biệt thự này được bố trí 6 phòng ngủ, khu vực bếp ăn với lò vi sóng và tủ lạnh, TV màn hình phẳng, khu vực ghế ngồi cũng như 8 phòng tắm đi kèm vòi xịt/chậu rửa vệ sinh. Biệt thự cung cấp khăn tắm và ga trải giường. Nhân viên tại quầy lễ tân nói tiếng Anh và tiếng Việt. Biệt thự có sân chơi cho trẻ em. Du khách có thể thư giãn tại sảnh khách chung của chỗ nghỉ và đi bộ đường dài ở khu vực gần đó. Các điểm tham quan nổi tiếng gần T P Pool Villa bao gồm Bãi biển Bắc Mỹ An, Bãi biển Mỹ Khê và Công viên Châu Á. Sân bay gần nhất là sân bay quốc tế Đà Nẵng, cách đó 5 km, và chỗ nghỉ cung cấp dịch vụ đưa đón sân bay với một khoản phụ phí.",8.0
709,Hanu's House,Hà Nội,"Chỗ nghỉ nhà dân này có TV màn hình phẳng và phòng tắm riêng với đồ vệ sinh cá nhân miễn phí, máy sấy tóc cùng vòi sen. Bữa sáng kiểu Mỹ được phục vụ hàng ngày tại Hanu's House. Các điểm tham quan phổ biến gần chỗ nghỉ bao gồm Nhà thờ Lớn, Hồ Hoàn Kiếm và Ô Quan Chưởng. Sân bay gần nhất là Sân bay quốc tế Nội Bài, cách đó 25 km. Hanu's House cung cấp dịch vụ đưa/đón sân bay với một khoản phụ phí.",6.9
712,Hidden Beach Bungalow Sea View,Hội An,"Tọa lạc tại thành phố Hội An, Hidden Beach Bungalow Sea View có chỗ nghỉ, nhà hàng, xe đạp cho khách sử dụng miễn phí, khu vườn và tầm nhìn ra khu vườn. Homestay này cung cấp miễn phí cả WiFi lẫn chỗ đỗ xe riêng. Các căn tại đây có sân trong, máy điều hòa, TV màn hình phẳng cũng như phòng tắm riêng với vòi xịt/chậu rửa vệ sinh và dép đi trong phòng. Một số căn được bố trí khu vực ghế ngồi và/hoặc ban công. Hidden Beach Bungalow Sea View phục vụ bữa sáng kiểu Á hàng ngày. Khách lưu trú tại chỗ nghỉ có thể đi xe đạp và câu cá ở khu vực gần đó hoặc thư giãn trên sân hiên tắm nắng. Hidden Beach Bungalow Sea View nằm cách Bãi biển An Bàng vài bước chân và Bãi biển Cửa Đại 350 m. Sân bay gần nhất là sân bay quốc tế Đà Nẵng, nằm trong bán kính 26 km từ homestay, và chỗ nghỉ cung cấp dịch vụ đưa đón sân bay với một khoản phụ phí.",6.3
713,Q Villa Hoi An,Hội An,"Biệt thự được trang bị TV màn hình phẳng và phòng tắm riêng với dép đi trong phòng, máy sấy tóc cùng vòi sen. Một số căn có ban công và/hoặc sân hiên nhìn ra quang cảnh thành phố. Q Villa Hoi An phục vụ bữa sáng à la carte hàng ngày. Du khách có thể đạp xe và đi bộ đường dài ở khu vực gần đó. Các điểm tham quan nổi tiếng gần chỗ nghỉ bao gồm Bảo tàng Lịch sử Hội An, Hội quán Triều Châu và Bảo tàng Gốm sứ Mậu dịch. Sân bay gần nhất là sân bay quốc tế Đà Nẵng, cách đó 28 km và Q Villa Hoi An cung cấp dịch vụ đưa đón sân bay với một khoản phụ phí.",7.9
724,Grandvrio City Danang By Route Inn Group,Đà Nẵng,"Tại khách sạn, du khách có thể tắm nắng bên hồ bơi, thư giãn và hồi phục sức khỏe với bồn tắm Onsen hoặc rèn luyện sức khỏe trong phòng tập thể dục. Khách sạn nằm cách Bãi biển Mỹ Khê nổi tiếng khoảng 5 km. Sân bay quốc tế Đà Nẵng nằm trong bán kính 5 km lái xe từ chỗ nghỉ trong khi Bãi biển Non Nước và Ngũ Hành Sơn đều cách đó 10 km. Phòng nghỉ lắp máy điều hòa tại đây có sàn lát gạch, tủ để quần áo, giá phơi đồ, khu vực ghế ngồi và TV truyền hình cáp màn hình phẳng. Trong phòng cũng được trang bị minibar và ấm đun nước điện. Phòng tắm riêng đi kèm tiện nghi vòi sen/bồn tắm và đồ vệ sinh cá nhân miễn phí. Grandvrio City Danang có lễ tân 24 giờ, trung tâm dịch vụ doanh nhân và tiện nghi tổ chức tiệc/hội họp. Nhân viên thân thiện ở đây có thể hỗ trợ du khách với dịch vụ cho thuê xe đạp/xe hơi, giặt là và sắp xếp tour du lịch. Các dịch vụ giữ hành lý và đưa đón sân bay cũng được cung cấp cho khách. Nhà hàng Asagao ở tầng 2 phục vụ bữa sáng tự chọn hàng ngày, cung cấp tuyển chọn các món ăn Việt Nam và kiểu Á ngon miệng. Nhà hàng Hanatei chuyên về ẩm thực Nhật Bản và mở cửa phục vụ bữa trưa cũng như bữa tối. Các bữa ăn theo chế độ đặc biệt có thể được chuẩn bị khi khách yêu cầu.",6.8
725,The Linh Hoi An,Hội An,"Tọa lạc tại thành phố Hội An, cách Bảo tàng Lịch sử Hội An 1,6 km và Hội quán Triều Châu 2,2 km, The Linh Homestay cung cấp chỗ nghỉ với WiFi miễn phí, máy điều hòa, xe đạp cho khách sử dụng miễn phí và sảnh khách chung. Tất cả phòng nghỉ tại đây đều có khu vực ghế ngồi, TV truyền hình cáp màn hình phẳng và phòng tắm riêng với máy sấy tóc, chậu rửa vệ sinh (bidet) cùng vòi sen. Trong phòng còn được trang bị tủ lạnh và ấm đun nước. Homestay này phục vụ bữa sáng kiểu à la carte hàng ngày. The Linh Homestay có sân hiên. Chỗ nghỉ cung cấp dịch vụ cho thuê xe hơi. Chùa Cầu Nhật Bản và Hội quán Quảng Đông đều nằm cách The Linh Homestay 2,2 km. Sân bay gần nhất là sân bay quốc tế Đà Nẵng, nằm trong bán kính 27 km từ homestay, và chỗ nghỉ cung cấp dịch vụ đưa đón sân bay với một khoản phụ phí.",8.1
726,Harbor View Villa,Nha Trang,"Chỗ nghỉ này cách Học viện hải dương học 8 phút đi bộ và Dinh Bảo Đại 1 km. Chỗ nghỉ này cũng cung cấp rất nhiều dịch vụ cho khách sử dụng miễn phí, bao gồm phòng xông hơi khô, bể sục với vòi phun mát-xa, các đồ trong tủ lạnh mini và trái cây theo mùa. Biệt thự gồm có 5 phòng ngủ và bếp với lò vi sóng cùng máy pha cà phê. TV màn hình phẳng cũng được trang bị trong phòng. Biệt thự nằm trong bán kính 3,3 km từ công viên giải trí Vinpearl Land Nha Trang và 3,9 km từ khu phức hợp giải trí Sailing Club. Sân bay quốc tế Cam Ranh cách đó 22 km.",9.3
727,Moonlight House & Apartment Nha Trang,Nha Trang,"Nằm cách Bãi biển Hòn Chồng 200 m, Moonlight House & Apartment Nha Trang cung cấp chỗ nghỉ với khu vườn, sân hiên và lễ tân 24 giờ tạo sự thuận tiện cho du khách. Chỗ nghỉ này có Wi-Fi miễn phí. Tất cả phòng nghỉ tại đây đều được trang bị máy điều hòa. Một số còn có TV màn hình phẳng, máy giặt, ấm đun nước và bếp. Du khách có thể thuê xe hơi tại căn hộ. Hòn Chồng nằm trong bán kính 1,6 km từ Moonlight House & Apartment trong khi Tháp Bà Po Nagar cách đó 1,9 km. Sân bay gần nhất là sân bay quốc tế Cam Ranh, cách chỗ nghỉ 30 km.",7.8
736,An Hotel,Hà Nội,"An Hotel cung cấp chỗ ở tại thành phố Hà Nội và có WiFi miễn phí trong toàn bộ khuôn viên. Du khách có thể dùng bữa tại nhà hàng trên tầng mái. Tất cả các phòng nghỉ tại đây đều được trang bị máy lạnh, hệ thống sưởi, TV màn hình phẳng, tủ quần áo và bàn làm việc. Phòng tắm riêng đi kèm máy sấy tóc, đồ vệ sinh cá nhân miễn phí và dép. Một số phòng có tầm nhìn. Nhân viên lễ tân 24 giờ của khách sạn có thể hỗ trợ khách với dịch vụ giữ hành lý và trợ giúp đặc biệt. Nhân viên tại An Hotel cũng có thể giúp khách sắp xếp và đặt tour du lịch cũng như dịch vụ đưa đón. Dịch vụ đưa đón và vận chuyển sân bay có thể được bố trí với một khoản phụ phí. An Hotel nằm trong bán kính 200 m từ Chợ Đồng Xuân, 500 m từ Ô Quan Chưởng và 800 m từ Phố Bia Tạ Hiện. Du khách đi bộ 8 phút là đến Hồ Hoàn Kiếm và Nhà hát lớn Hà Nội. Từ chỗ nghỉ, du khách có thể tới thăm Bảo tàng lịch sử cũng như Bảo tàng Hồ Chí Minh cách đó 3 km và tới Văn Miếu cách đó 5 km. sân bay quốc tế Nội Bài 20 km. Mở ra toàn cảnh Khu phố cổ, nhà hàng trong khuôn viên phục vụ bữa sáng kiểu lục địa.",7.8
736,An Hotel,Nha Trang,"Tọa lạc tại vị trí lý tưởng ở khu Bãi biển Nha Trang của thành phố Nha Trang, OYO 963 An Hotel cách Bãi biển Nha Trang 200 m, khu giải trí Sailing Club 1,7 km và Viện hải dương học 2,2 km. Khách sạn 3 sao này cung cấp phòng nghỉ có máy điều hòa, phòng tắm riêng và WiFi miễn phí. Chỗ nghỉ cách Dinh Bảo Đại 2,4 km và Tháp Trầm Hương 2,5 km. Tất cả phòng nghỉ tại khách sạn đều được trang bị TV. Khách sạn cách trung tâm dịch vụ thuyền buồm Sailing Center Vietnam 2,2 km và Quảng trường 2/4 khoảng 2,4 km. Sân bay gần nhất là sân bay quốc tế Cam Ranh, cách chỗ nghỉ 34 km.",6.0
740,Dalat Memory Inn,Đà Lạt,"Tọa lạc tại thành phố Đà Lạt, cách Quảng trường Lâm Viên 1,6 km, Dalat Memory Inn có bàn đặt tour, phòng nghỉ không gây dị ứng, vườn, WiFi miễn phí trong toàn bộ khuôn viên và sân hiên. Chỗ nghỉ này nằm cách Vườn hoa Đà Lạt khoảng 3,5 km, Thiền viện Trúc Lâm 4 km và Hồ Tuyền Lâm 4,2 km. Chỗ nghỉ cung cấp dịch vụ lễ tân 24 giờ, dịch vụ phòng và dịch vụ thu đổi ngoại tệ cho khách. Tất cả phòng nghỉ tại khách sạn được trang bị TV truyền hình vệ tinh màn hình phẳng, tủ lạnh, ấm đun nước, vòi xịt/chậu rửa vệ sinh, dép đi trong phòng và bàn làm việc. Mỗi phòng đều có ga trải giường và khăn tắm. Các điểm tham quan nổi tiếng gần Dalat Memory Inn bao gồm Hồ Xuân Hương, Công viên Yersin và Biệt thự Hằng Nga (Ngôi nhà điên). Sân bay gần nhất là sân bay Liên Khương, cách đó 29 km, và chỗ nghỉ cung cấp dịch vụ đưa đón sân bay với một khoản phụ phí.",7.0
741,Altara Suites Da Nang by AHG,Đà Nẵng,"Altara Suites cung cấp chỗ nghỉ bên bờ biển tại thành phố Đà Nẵng, cách Bãi biển Mỹ Khê 200 m. Chỗ nghỉ này có hồ bơi ngoài trời trên sân thượng. Du khách có thể thưởng thức bữa ăn kiểu à la carte tại nhà hàng Altitude hoặc nhâm nhi đồ uống ở quầy bar. Chỗ nghỉ cung cấp WiFi miễn phí trong toàn bộ khuôn viên. Tất cả phòng nghỉ tại đây đều có ban công, truyền hình cáp màn hình phẳng, khu vực ăn uống và bếp được trang bị lò vi sóng cùng tủ lạnh. Ngoài ra, phòng còn có bếp nấu, ấm đun nước cũng như phòng tắm riêng với áo choàng tắm và dép đi trong phòng. Khăn tắm và dép đi trong phòng cũng được cung cấp cho khách. Du khách có thể tích cực rèn luyện sức khỏe tại trung tâm thể dục trên tầng 32, sau đó thư giãn ở phòng xông hơi khô miễn phí nhìn ra Bán đảo Sơn Trà. Sân bay gần nhất là sân bay quốc tế Đà Nẵng, cách chỗ nghỉ 6,6 km.",6.6
744,Elwood Premier Resort Phu Quoc,Phú Quốc,"Tọa lạc tại bãi biển Ông Lang, Elwood Resort cung cấp chỗ nghỉ mộc mạc với hồ bơi thư giãn ngoài trời và nhà hàng phục vụ các món ăn địa phương của Việt Nam. Du khách cũng có thể chọn thưởng thức món cocktail yêu thích của mình tại quầy bar ngay trong khuôn viên. Wi-Fi miễn phí có sẵn tại các khu vực chung của resort trong khi chỗ đậu xe riêng miễn phí được bố trí ngay trong khuôn viên nơi này. Resort cũng cung cấp dịch vụ đưa đón miễn phí theo lịch trình cho những khách lưu trú tại đây đến chợ đêm Dương Đông. Các chỗ nghỉ lắp máy điều hòa tại đây được trang bị TV, két an toàn, tủ quần áo và minibar. Phòng tắm riêng có tiện nghi vòi sen nước nóng năng lượng mặt trời và dép. Resort còn cung cấp các sản phẩm vệ sinh cá nhân thiên nhiên cho khách sử dụng miễn phí. Resort này có lễ tân 24 giờ, nơi nhân viên nói được 2 thứ tiếng có thể hỗ trợ khách với việc thu xếp tour du lịch và đặt vé, giữ hành lý, giặt ủi quần áo, thu đổi ngoại tệ cùng các dịch vụ concierge khác. Elwood Resort cách thị trấn Dương Đông 7 phút lái xe và công viên giải trí Vinpearl Land và Safari 20 phút lái xe. Sân bay gần nhất là Sân bay Quốc tế Phú Quốc, cách Elwood Resort 20 km.",7.6
746,GIS Hotel Nha Trang,Nha Trang,"Tọa lạc tại thành phố Nha Trang, cách Bãi biển Nha Trang chưa đầy 1 km và Nhà thờ Núi Nha Trang 9 phút đi bộ, Vivid Boutique Hometel cung cấp chỗ nghỉ với tiện nghi BBQ và chỗ đỗ xe riêng miễn phí cho những khách lái xe. Với khu vườn, khách sạn 2 sao này cung cấp các phòng nghỉ gắn máy điều hòa với WiFi miễn phí và phòng tắm riêng. Chỗ nghỉ có bếp chung, bàn đặt tour và dịch vụ thu đổi ngoại tệ cho khách. Phòng nghỉ của khách sạn được trang bị bàn làm việc và TV màn hình phẳng. Trong phòng cũng có tủ để quần áo. Vivid Boutique Hometel có sân hiên tắm nắng. Các điểm tham quan nổi tiếng gần chỗ nghỉ bao gồm Quảng trường 2/4, Bảo tàng Alexandre Yersin và Tháp Trầm Hương. Sân bay gần nhất là sân bay quốc tế Cam Ranh, cách Vivid Boutique Hometel 26 km và chỗ nghỉ cung cấp dịch vụ đưa đón sân bay với một khoản phụ phí.",6.0
756,Hoang Phat Hotel,Vũng Tàu,"Tọa lạc tại thành phố Vũng Tàu, cách Bãi Sau 150 m và Bãi Dứa 1,6 km, Hoang Phat Hotel cung cấp chỗ nghỉ với sân hiên cũng như chỗ đỗ xe riêng miễn phí cho khách lái xe. Trong số các tiện nghi của chỗ nghỉ này có lễ tân 24 giờ, dịch vụ phòng và WiFi miễn phí trong toàn bộ khuôn viên. Khách sạn cung cấp các phòng gia đình. Tất cả các căn tại đây được trang bị máy điều hòa, TV truyền hình cáp màn hình phẳng, tủ lạnh, ấm đun nước, vòi xịt/chậu rửa vệ sinh, dép đi trong phòng và bàn làm việc. Mỗi phòng đều có phòng tắm riêng, máy sấy tóc và ga trải giường. Bãi Trước và Mũi Nghinh Phong nằm cách khách sạn lần lượt 1,8 km và 2 km. Sân bay gần nhất là sân bay quốc tế Tân Sơn Nhất, cách Hoang Phat Hotel 108 km.",6.0
757,Ki Nô Homestay,Hội An,"Nơi nghỉ cung cấp các phòng hiện đại và truy cập Wi-Fi miễn phí tại tất cả các khu vực. Ki No Homestay nằm tại thôn Thanh Đông, chỉ cách Chợ Hội An sôi động 4 km. Bãi biển Công cộng An Bàng và Sân bay Quốc tế Đà Nẵng cách đó lần lượt 2 km và 24 km. Các phòng nghỉ tại đây được trang bị truyền hình cáp và máy lạnh. Ngoài ra còn có phòng tắm riêng với vòi sen, đồ vệ sinh cá nhân miễn phí và khăn tắm. Một số phòng nhìn ra sông. Lễ tân 24 giờ có thể hỗ trợ khách với dịch vụ giặt/ủi và tiện nghi bãi đỗ xe miễn phí. Quý khách cũng có thể sử dụng khu vực bếp chung để chuẩn bị các bữa ăn nóng sốt hoặc bữa ăn nhẹ.",8.0
759,Blooms Boutique Village,Hội An,"Blooms Boutique Village nằm ở thành phố Hội An, tỉnh Quảng Nam, cachs Bảo tàng Lịch sử Hội An 1,0 km và Hội quán Triều Châu 1,5 km. Chỗ nghỉ có nhiều tiện ích, trong đó có hồ bơi ngoài trời và khu vườn. Nhà hàng tại đây phục vụ các món ăn Việt Nam. Tất cả phòng nghỉ tại resort đều được bố trí khu vực ghế ngồi. Mỗi phòng đều có phòng tắm riêng, một số phòng có tầm nhìn ra hồ bơi. Tất cả các phòng đều có bàn làm việc. Chỗ nghỉ phục vụ bữa sáng hàng ngày. Blooms Boutique Village có sân hiên. Du khách có thể chơi bi-a tại chỗ nghỉ. Nhân viên tại Blooms Boutique Village luôn sẵn sàng tư vấn cho du khách tại quầy lễ tân 24 giờ. Chỗ nghỉ cách Chùa Cầu Nhật Bản 1,8 km và Hội quán Quảng Đông 2,5 km. Sân bay gần nhất là sân bay quốc tế Đà Nẵng, cách Blooms Boutique Village 26 km.",7.3
762,Siren Flower Hotel,Nha Trang,"Với Wi-Fi miễn phí trong toàn bộ khuôn viên, Siren Flower Hotel cung cấp chỗ nghỉ nằm tại thành phố Nha Trang, cách Trung tâm Thuyền buồm Việt Nam 1 km. Khách sạn còn có nhà hàng ngay trong khuôn viên. Mỗi phòng nghỉ tại khách sạn này đều được trang bị máy lạnh và TV màn hình phẳng. Một số phòng còn có khu vực tiếp khách cho khách thư giãn. Khách cũng sẽ tìm thấy ấm đun nước trong phòng. Mỗi phòng đều có phòng tắm riêng đi kèm bồn tắm/vòi sen. Dép đi trong phòng, đồ vệ sinh cá nhân miễn phí và máy sấy tóc cũng được cung cấp để tạo sự thuận tiện cho khách. Siren Flower Hotel có lễ tân 24 giờ và cửa hàng quà tặng trong khuôn viên. Khách sạn còn cho thuê xe đạp. CLB Sailing Club nằm cách Siren Flower Hotel 500 m trong khi Bãi biển Nha Trang cách đó 150 m. Sân bay gần nhất là Sân bay Quốc tế Cam Ranh, cách nơi nghỉ 24,1 km.",7.7
772,Ibis Saigon Airport,TP. Hồ Chí Minh,"Chỗ nghỉ có quán bar trên tầng mái và hồ bơi ngoài trời với tầm nhìn ra sân bay. Du khách có thể thưởng thức bữa ăn tại nhà hàng mở cửa 24 giờ ở tầng 1. Cách đó 6 km là Dinh Thống Nhất, Nhà hát Thành phố và Nhà thờ Đức Bà. Ibis Saigon Airport cung cấp dịch vụ đưa đón sân bay 24 giờ. Với tầm nhìn ra sân bay và khu vườn, mỗi phòng nghỉ máy lạnh tại đây đều được trang bị TV truyền hình cáp màn hình phẳng, két an toàn và tiện nghi pha trà/cà phê miễn phí. Phòng tắm riêng đi kèm vòi sen và đồ vệ sinh cá nhân cơ bản. Khách có thể rèn luyện sức khỏe tại phòng tập thể dục của khách sạn hoặc thư giãn trong khu vực xông hơi ướt và xông hơi khô. Dịch vụ giữ hành lý được cung cấp tại quầy lễ tân 24 giờ. Khách sạn cũng có tiện nghi tổ chức hội họp/tiệc. Nhà hàng Oopen phục vụ bữa sáng từ 04:30 - 12:00 và có bếp biểu diễn. Du khách có thể yêu cầu tuyển chọn các loại bia, trà và cà phê cùng với các món ăn Á-Âu tại đây.",6.8
777,Ngoc Viet Bungalow,Phú Quốc,"Nằm trên đảo Phú Quốc, cách Bãi Dài trong vòng 300 m, Ngoc Viet Bungalow có bàn đặt tour, phòng nghỉ không gây dị ứng, xe máy cho khách sử dụng miễn phí, WiFi miễn phí trong toàn bộ khuôn viên và khu vườn. Nhà khách này có các phòng gia đình và tiện nghi BBQ. Chỗ nghỉ cũng cung cấp dịch vụ lễ tân 24 giờ, dịch vụ phòng và dịch vụ thu đổi ngoại tệ cho khách. Phòng nghỉ tại Ngoc Viet Bungalow được trang bị máy điều hòa, truyền hình cáp màn hình phẳng, tủ lạnh, ấm đun nước, chậu rửa vệ sinh (bidet), máy sấy tóc, bàn làm việc và khu vực ghế ngồi. Các phòng tại nhà khách còn có tầm nhìn ra khu vườn và phòng tắm riêng đi kèm vòi sen cùng đồ vệ sinh cá nhân miễn phí. Tất cả các phòng của Ngoc Viet Bungalow đều được bố trí khu vực ghế ngồi. Du khách có thể thưởng thức bữa sáng à la carte hàng ngày. Ngoc Viet Bungalow có sân hiên tắm nắng. Các điểm tham quan nổi tiếng gần nhà hàng bao gồm Chùa Sùng Hưng, Bảo tàng Cội Nguồn và Chợ đêm Phú Quốc. Sân bay gần nhất là sân bay quốc tế Phú Quốc, nằm trong bán kính 4 km từ Ngoc Viet Bungalow, và chỗ nghỉ cung cấp dịch vụ đưa đón sân bay với một khoản phụ phí.",8.2
778,"roof top garden, seaview apartment",Nha Trang,"Tọa lạc tại thành phố Nha Trang thuộc tỉnh Khánh Hòa, gần Bãi biển Hòn Chồng và Hòn Chồng, A&H apartment, new, 4 minutes walk to beach and market, in quite street cung cấp chỗ nghỉ với WiFi miễn phí và chỗ đỗ xe riêng miễn phí. Mỗi căn tại đây đều được trang bị máy điều hòa, TV màn hình phẳng, tủ lạnh và phòng tắm riêng với vòi sen. Một số căn có ban công và/hoặc sân hiên nhìn ra quang cảnh biển hoặc thành phố. Homestay này nằm cách Tháp Bà Po Nagar 2,4 km và Trung tâm Suối khoáng nóng Tháp Bà 3,2 km. Sân bay gần nhất là sân bay quốc tế Cam Ranh, nằm trong bán kính 31 km từ A&H apartment, new, 4 minutes walk to beach and market, in quite street.",7.2
787,Hoa Thu Homestay,Hội An,"Mỗi phòng tại đây đều có phòng tắm riêng với vòi sen, máy điều hòa, TV màn hình phẳng và tủ lạnh. Một số phòng còn có sân hiên và/hoặc ban công nhìn ra quang cảnh thành phố/sông. Nhà nghỉ B&B này cung cấp cả dịch vụ cho thuê xe đạp và xe hơi. Hoa Thu Homestay cách Hội Quán Triều Châu Trung Quốc 1,2 km và Bảo tàng Lịch sử Hội An 1,4 km. Sân bay gần nhất là sân bay quốc tế Đà Nẵng, cách đó 29 km.",8.2
795,Hoi An Love.Ly Hostel,Hội An,"Ly Hostel cung cấp chỗ nghỉ với WiFi miễn phí, máy điều hòa, quán bar và sảnh khách chung. Để thêm phần thuận tiện cho du khách, chỗ nghỉ có thể cung cấp khăn tắm và ga trải giường với một khoản phụ phí. Nhà nghỉ B&B này phục vụ bữa sáng kiểu lục địa và kiểu à la carte hàng ngày. Hoi An Love.Ly Hostel có sân hiên. Khách nghỉ tại đây có thể đi xe đạp ở khu vực gần đó hoặc thư giãn trong khu vườn của chỗ nghỉ. Trong số các điểm tham quan nổi tiếng gần Hoi An Love.Ly Hostel có Hội quán Quảng Đông, Hội quán Triều Châu và Bảo tàng Gốm sứ Mậu dịch. Sân bay gần nhất là sân bay quốc tế Đà Nẵng, cách nhà nghỉ B&B này 23 km, và chỗ nghỉ cung cấp dịch vụ đưa đón sân bay với một khoản phụ phí.",7.9
796,Sunset Beach Resort and Spa,Phú Quốc,"Tọa lạc trên đảo Phú Quốc, cách Bãi Dài 200 m, Sunset Beach Resort and Spa cung cấp chỗ nghỉ với nhà hàng, chỗ đỗ xe riêng miễn phí, hồ bơi ngoài trời và trung tâm thể dục. Trong số các tiện nghi của chỗ nghỉ này có dịch vụ phòng, CLB trẻ em và WiFi miễn phí trong toàn bộ khuôn viên. Khách sạn có hồ bơi trong nhà, hộp đêm và lễ tân 24 giờ. Phòng nghỉ tại khách sạn được bố trí máy điều hòa, khu vực ghế ngồi, TV truyền hình vệ tinh màn hình phẳng, két an toàn và phòng tắm riêng với vòi xịt/chậu rửa vệ sinh, áo choàng tắm cùng dép. Tất cả các phòng đều được trang bị bàn làm việc và ấm đun nước. Sunset Beach Resort and Spa phục vụ bữa sáng buffet và bữa sáng kiểu Á hằng ngày. Chỗ nghỉ có sân chơi cho trẻ em. Các điểm tham quan nổi tiếng gần Sunset Beach Resort and Spa bao gồm Bãi tắm Dinh Cậu, Chùa Sùng Hưng và Bảo tàng Cội Nguồn. Sân bay gần nhất là sân bay quốc tế Phú Quốc, nằm cách khách sạn 9 km.",7.6
798,Victoria Hoi An Beach Resort & Spa,Hội An,"Nằm dọc theo bờ biển Cửa Đại, ""Victoria Hoi An Beach Resort & Spa"" tự hào có hồ bơi ngoài trời và cung cấp các phòng nghỉ đầy đủ tiện nghi với truy cập Wi-Fi miễn phí. Khu nghỉ dưỡng có nơi phục vụ khách ăn uống và chỗ đỗ xe riêng miễn phí trong khuôn viên. Với lối trang trí kiểu Việt Nam, Pháp và Nhật Bản, tất cả các phòng trang nhã rộng rãi này đều có ghế sofa, tủ quần áo và tiện nghi ủi. Ngoài ra phòng còn có ban công riêng và truyền hình cáp. Phòng tắm riêng được trang bị bồn tắm/vòi hoa sen, máy sấy tóc và dép. Dịch vụ ăn uống tại phòng được cung cấp theo yêu cầu. Khách có thể rèn luyện sức khoẻ tại trung tâm thể dục, xông trong phòng xông hơi khô hoặc thư giãn với các liệu pháp chăm sóc mặt và cơ thể tại Victoria Spa. Nhân viên tại quầy lễ tân phục vụ 24 giờ/ngày cung cấp các dịch vụ giữ hành lý, thu đổi ngoại tệ, nhận phòng/trả phòng nhanh và dịch vụ đưa đón sân bay. Các tiện nghi khác bao gồm khu vườn, sân hiên tắm nắng và phòng chơi game. Với tầm nhìn ra biển, nhà hàng L'Annam chuyên phục vụ các món đặc sản địa phương, các món ngon châu Á và quốc tế cũng như hải sản. ""Victoria Hoi An Beach Resort & Spa"" cung cấp miễn phí xe đạp cho khách sử dụng cũng như dịch vụ đưa đón. Phố cổ Hội An, di sản Thế giới được UNESCO công nhận, chỉ cách chỗ nghỉ 5 km. Sân bay Quốc tế Đà Nẵng cách đó 30 km.",7.9
799,Northern Saigon Hotel,TP. Hồ Chí Minh,"Northern Saigon Hotel nằm cách Phố đi bộ Nguyễn Huệ 5 phút đi bộ và Chợ Bến Thành 15 phút đi bộ. Khách sạn có hồ bơi trên tầng mái và phòng tập thể dục. Du khách có thể sử dụng miễn phí Wi-Fi và chỗ đỗ xe. Các phòng nghỉ tại đây có cửa sổ cỡ lớn, máy điều hòa, đồ nội thất cổ điển với tông màu trung tính và TV truyền hình cáp màn hình phẳng. Trong phòng còn được trang bị két an toàn, tủ lạnh và tiện nghi pha trà/cà phê miễn phí. Phòng tắm riêng có bồn tắm và máy sấy tóc. Du khách có thể chiêm ngưỡng toàn cảnh thành phố Hồ Chí Minh trong khi rèn luyện sức khoẻ tại trung tâm thể dục đầy đủ trang thiết bị. Northern Saigon Hotel có dịch vụ mát-xa, bể sục và tiện nghi karaoke cho khách giải trí. Khách sạn cũng có trung tâm dịch vụ doanh nhân. Nhà hàng Melody có thực đơn phong phú với các món ăn Việt Nam, Á và Âu. Du khách cũng có thể thưởng thức bữa ăn tại phòng. Northern Saigon Hotel nằm cách Sân bay quốc tế Tân Sơn Nhất 30 phút lái xe.",6.0
803,Căn hộ La Sera Suites Nha Trang,Nha Trang,"Nằm bên bờ biển, chỗ nghỉ này có hồ bơi ngoài trời, sân chơi cho trẻ em, sảnh khách chung và vườn. Căn hộ này được bố trí 1 phòng ngủ, 1 phòng tắm, ga trải giường, khăn tắm, TV truyền hình vệ tinh màn hình phẳng, khu vực ăn uống, bếp đầy đủ tiện nghi và ban công nhìn ra vườn. Trong khuôn viên chỗ nghỉ có sân hiên tắm nắng. Du khách có thể đi bộ đường dài gần căn hộ. Công viên giải trí Vinpearl Land Nha Trang và Viện hải dương học đều nằm cách Căn hộ La Sera Suites Nha Trang 1,9 m. Sân bay gần nhất là sân bay quốc tế Cam Ranh, cách đó 37 km, và chỗ nghỉ cung cấp dịch vụ đưa đón sân bay với một khoản phụ phí.",6.0
808,Royal Hotel Nha Trang,Nha Trang,"Các tiện nghi của chỗ nghỉ bao gồm nhà hàng, lễ tân 24 giờ, dịch vụ phòng và WiFi miễn phí. Chỗ nghỉ cũng cung cấp máy ATM, dịch vụ tiền sảnh và dịch vụ thu đổi ngoại tệ cho khách. Phòng nghỉ của khách sạn được trang bị máy điều hòa, truyền hình vệ tinh màn hình phẳng, ấm đun nước, vòi sen, máy sấy tóc và bàn làm việc. Ngoài ra, phòng còn có tủ để quần áo và phòng tắm riêng. Khách nghỉ tại Royal Hotel Nha Trang có thể thưởng thức bữa sáng tự chọn. Các điểm hút khách nổi tiếng gần chỗ nghỉ gồm có trung tâm dịch vụ thuyền buồm Sailing Center Vietnam, khu giải trí Sailing Club và Nhà thờ Núi Nha Trang. Sân bay gần nhất là sân bay quốc tế Cam Ranh, nằm trong bán kính 26 km từ Royal Hotel Nha Trang.",6.3
812,DALAT LEGEND homestay,Đà Lạt,"Nằm cách Quảng trường Lâm Viên 2,1 km, DALAT LEGEND homestay cung cấp chỗ nghỉ với sảnh khách chung, sân hiên và lễ tân 24 giờ để tạo thuận tiện cho khách. Chỗ nghỉ này có WiFi miễn phí trong toàn bộ khuôn viên. Các căn tại đây có sàn gỗ parquet, bếp đầy đủ tiện nghi với minibar, khu vực ăn uống, TV và phòng tắm riêng đi kèm vòi xịt/chậu rửa vệ sinh cùng máy sấy tóc. Các căn còn được trang bị bếp nấu ăn và ấm đun nước. Nhà nghỉ B&B này cung cấp dịch vụ cho thuê xe hơi. DALAT LEGEND homestay nằm cách Hồ Xuân Hương 2,3 km và Công viên Yersin 2,4 km. Sân bay gần nhất là sân bay Liên Khương, nằm trong bán kính 30 km từ chỗ nghỉ.",7.9
818,Coral Bay Resort,Phú Quốc,"Có bãi biển riêng với rất nhiều ghế phơi nắng, Coral Bay Resort cung cấp lễ tân 24 giờ và các bungalow rộng rãi nhìn ra khu cây xanh yên tĩnh. Wi-Fi trong toàn khuôn viên và chỗ đỗ xe đều được cung cấp miễn phí. Resort tọa lạc tại vị trí thuận tiện cách Sân bay Phú Quốc 5 km và khu du lịch Suối Tranh 6 km. Khu di tích lịch sử Nhà tù Phú Quốc cách đó khoảng 9 km. Các bungalow máy lạnh tại đây được trang bị sàn lát gạch, tủ quần áo, khu vực tiếp khách, minibar và truyền hình cáp màn hình phẳng. Phòng tắm riêng đi kèm tiện nghi vòi sen, khăn tắm và dép. Tại Coral Bay Resort, quý khách có thể tham gia các hoạt động như câu cá và lặn biển. Đội ngũ nhân viên thân thiện có thể trợ giúp quý khách với dịch vụ để hành lý, dịch vụ thu đổi ngoại tệ, dịch vụ đặt vé và bố trí tour tham quan. Dịch vụ giặt ủi cũng có sẵn trong khi các liệu pháp mát-xa có thể được cung cấp tại spa. Quý khách có thể thưởng thức các món ăn hải sản thơm ngon, ẩm thực Việt Nam và tuyển chọn các món ăn Châu Âu tại nhà hàng của resort. Các lựa chọn dịch vụ phòng và tiện nghi BBQ cũng được cung cấp.",7.2
819,Vinci Villa,Hội An,"Tọa lạc tại thành phố Hội An, Vinci Villa có nhà hàng, hồ bơi ngoài trời, sảnh khách chung và khu vườn. Chỗ nghỉ này có các phòng gia đình và sân hiên. Nơi đây cung cấp dịch vụ lễ tân 24 giờ, dịch vụ phòng và dịch vụ thu đổi ngoại tệ cho khách. Phòng nghỉ gắn máy điều hòa tại Vinci Villa được bố trí bàn làm việc, ấm đun nước, minibar, két an toàn, TV màn hình phẳng và phòng tắm riêng với vòi xịt/chậu rửa vệ sinh. WiFi được cung cấp miễn phí cho tất cả các khách trong khi một số phòng có ban công. Mỗi phòng đều được trang bị ga trải giường và khăn tắm. Khách lưu trú tại chỗ nghỉ có thể thưởng thức bữa sáng kiểu lục địa. Khách nghỉ tại Vinci Villa có thể tham gia các hoạt động trong và xung quanh thành phố Hội An, như đi xe đạp. Khách sạn nằm gần các điểm tham quan nổi tiếng như Bảo tàng Lịch sử Hội An, Hội quán Quảng Đông và Chùa Cầu Nhật Bản. Sân bay gần nhất là sân bay quốc tế Đà Nẵng, cách đó 23 km, và Vinci Villa cung cấp dịch vụ đưa đón sân bay với một khoản phụ phí.",8.8
820,"Vinpearl Luxury Nha Trang, Over-water Spa",Nha Trang,"Nằm dọc theo Bãi biển Nha Trang, khu nghỉ mát bên bờ biển này có spa nằm trên mặt nước và khu vực bãi biển riêng. Các biệt thự rộng rãi thể hiện những nét trang nhã của văn hóa truyền thống Việt Nam và được trang bị đồ nội thất bằng gỗ cổ điển. Tất cả các biệt thự đều có bể ngâm, khu vườn riêng và ban công nhìn ra biển. Mỗi biệt thự đều được trang bị Wi-Fi miễn phí, TV màn hình LCD 46 inch cùng đồ vệ sinh cá nhân sang trọng như muối biển và nến. Quý khách có thể thư giãn với dịch vụ mát-xa bên bờ biển hoặc rèn luyện sức khỏe bằng cách chơi tennis. Khu nghỉ mát cũng có hồ bơi ngoài trời với hồ bơi spa và quán bar bên hồ bơi. Du khách có thể thưởng thức các món ăn ngon truyền thống của Việt Nam tại nhà hàng Vietnam Restaurant trong khi các món ăn quốc tế được ưa thích có tại nhà hàng International Restaurant. Đồ uống giải khát được phục vụ tại quán bar của khu nghỉ mát.",8.3
821,Surelee Homestay,Sa Pa,"Nằm cách Ga cáp treo Fansipan Legend 11 km, Surelee Homestay có quầy bar, khu vườn cũng như chỗ nghỉ lắp máy điều hòa với sân trong và WiFi miễn phí. Các căn tại đây có tầm nhìn ra khu vườn, khu vực ghế ngồi, máy giặt, khu vực bếp ăn đầy đủ tiện nghi với tủ lạnh và sử dụng phòng tắm chung đi kèm dép đi trong phòng cùng máy sấy tóc. Một số căn có ban công và/hoặc sân hiên nhìn ra quang cảnh dòng sông/núi non. Homestay này phục vụ bữa sáng kiểu lục địa và bữa sáng buffet hằng ngày. Núi Fansipan nằm trong bán kính 22 km từ Surelee Homestay trong khi trung tâm thương mại Sun Plaza cách đó 9 km.",8.0
824,Mai Hotel,Hà Nội,"Tọa lạc tại thành phố Hà Nội, cách Bảo tàng Mỹ thuật Việt Nam 3 km, Mai Hotel có bàn đặt tour, phòng nghỉ, quầy bar, WiFi miễn phí và sân hiên. Chỗ nghỉ này nằm trong bán kính 3 km từ Văn Miếu - Quốc Tử Giám, 3,6 km từ trung tâm thương mại Vincom Center Nguyễn Chí Thanh và 3,7 km từ Hoàng thành Thăng Long. Nơi đây cung cấp dịch vụ lễ tân 24 giờ, dịch vụ phòng và dịch vụ thu đổi ngoại tệ cho khách. Tất cả phòng nghỉ tại đây đều được trang bị máy điều hòa, TV truyền hình vệ tinh màn hình phẳng, tủ lạnh, ấm đun nước, vòi xịt/chậu rửa vệ sinh, dép và bàn làm việc. Các phòng có phòng tắm riêng, máy sấy tóc và ga trải giường. Khách sạn cung cấp chỗ nghỉ 3 sao với bồn nước nóng. Mai Hotel nằm cách ga Hà Nội 3,9 km và trung tâm thương mại Tràng Tiền Plaza 4,4 km. Sân bay gần nhất là sân bay quốc tế Nội Bài, nằm trong bán kính 29 km từ chỗ nghỉ.",7.3
824,Mai Hotel,Vũng Tàu,"Chỗ nghỉ này có các phòng gia đình và sân hiên. Nơi đây cung cấp dịch vụ lễ tân 24 giờ và dịch vụ phòng cho khách. Phòng nghỉ tại đây đều được trang bị máy điều hòa, TV màn hình phẳng với các kênh truyền hình cáp, tủ lạnh, ấm đun nước, vòi xịt/chậu rửa vệ sinh, dép đi trong phòng và tủ để quần áo. Mỗi phòng đều có phòng tắm riêng với vòi sen và máy sấy tóc trong khi một số phòng có bếp đi kèm bếp nấu. Các phòng của khách sạn được cung cấp ga trải giường và khăn tắm. Bãi Trước nằm trong bán kính 2,8 km từ Mai Hotel trong khi Mũi Nghinh Phong cách đó 1,3 km. Sân bay gần nhất là sân bay Vũng Tàu, cách chỗ nghỉ 7 km.",8.3
825,Dreamy Sky - Airport View Boutique Hotel,Đà Nẵng,"Tọa lạc tại thành phố Đà Nẵng, cách Bãi biển Thanh Bình 2,2 km, Dreamy Sky - Airport View Boutique Hotel có dịch vụ nhận phòng/trả phòng cấp tốc, phòng nghỉ, sảnh khách chung, WiFi miễn phí và vườn. Khách sạn 2 sao này cung cấp dịch vụ phòng và bàn đặt tour. Chỗ nghỉ có lễ tân 24 giờ, bếp chung và dịch vụ thu đổi ngoại tệ cho khách. Tất cả phòng nghỉ tại đây được trang bị máy điều hòa, TV truyền hình vệ tinh màn hình phẳng, minibar, ấm đun nước, vòi xịt/chậu rửa vệ sinh, dép và tủ để quần áo. Mỗi phòng đều có phòng tắm riêng với vòi sen và máy sấy tóc trong khi một số phòng còn có bếp với máy rửa bát. Tại khách sạn, các phòng được cung cấp ga trải giường và khăn tắm. Dreamy Sky - Airport View Boutique Hotel có sân hiên. Chỗ nghỉ nằm trong bán kính 2,3 km từ Bảo tàng Chăm và 3,4 km từ Trung tâm thương mại Indochina Riverside. Sân bay gần nhất là sân bay quốc tế Đà Nẵng, cách Dreamy Sky - Airport View Boutique Hotel 2 km.",6.0
828,New Day Phu Quoc Guesthouse,Phú Quốc,"Chỗ nghỉ có khu vườn, Wi-Fi và chỗ đỗ xe riêng miễn phí ngay trong khuôn viên. Các phòng máy lạnh ở đây có tủ lạnh, TV truyền hình cáp, tủ quần áo và phòng tắm riêng rộng rãi. Chỗ nghỉ có lễ tân 24 giờ. Khách có thể sử dụng nhà bếp chung để nấu ăn. Chỗ nghỉ có dịch vụ cho thuê xe máy và xe hơi cho những khách muốn lái xe. New Day Phu Quoc Guesthouse cách Dinh Cậu 7 phút lái xe và cách Đảo Lang Bang 10 phút lái xe. Trung Tâm Lặn Biển Coco cách đó 1,9 km. Sân bay quốc tế Phú Quốc cách chỗ nghỉ 7 km.",6.0
830,Blue Beach Homestay,Hội An,"Chỗ nghỉ bên bờ biển này có ban công. Homestay được trang bị TV màn hình phẳng với truyền hình vệ tinh. Homestay phục vụ bữa sáng kiểu lục địa hoặc kiểu Á. Nhân viên của Blue Beach Homestay có thể tư vấn cho khách tại quầy lễ tân 24 giờ. Du khách có thể thuê xe đạp tại chỗ nghỉ. Blue Beach Homestay cách Bãi biển Hà My 1,9 km và Hội quán Triều Châu 6 km. Sân bay gần nhất là sân bay quốc tế Đà Nẵng, cách homestay 27 km. Chỗ nghỉ cung cấp dịch vụ đưa đón sân bay có tính phí.",7.8
837,Mövenpick Villas & Residences Phu Quoc,Phú Quốc,"Chỗ nghỉ này có quán bar, vườn cũng như khu vực bãi biển riêng. Nơi đây có trung tâm thể dục, chương trình giải trí buổi tối và lễ tân 24 giờ. Một số phòng nghỉ tại đây được bố trí khu vực bếp ăn với lò vi sóng, tủ lạnh và minibar. Khách nghỉ tại khách sạn có thể thưởng thức bữa sáng buffet. Mövenpick Villas & Residences Phu Quoc có sân hiên. Khu vực này nổi tiếng với hoạt động đi xe đạp và du khách cũng có thể thuê xe hơi tại chỗ nghỉ. Công viên giải trí Vinpearl Land Phú Quốc và Sòng bạc Corona đều nằm trong bán kính 12 km từ Mövenpick Villas & Residences Phu Quoc. Sân bay gần nhất là sân bay quốc tế Phú Quốc, cách khách sạn 18 km, và chỗ nghỉ cung cấp dịch vụ đưa đón sân bay miễn phí.",6.8
849,De Syloia Hotel,Hà Nội,"De Syloia Hotel là một biệt thự kiểu thuộc địa nằm trong khoảng cách đi bộ đến Nhà Hát Lớn, Khu Phố Cổ và Hồ Hoàn Kiếm. Nơi đây cung cấp chỗ ở rộng rãi với bồn tắm và Wi-Fi miễn phí. Từ Sân bay Quốc tế Nội bài đến Desyloia Hotel mất 40 phút lái xe. Tất cả các phòng nghỉ tại Syloia Hotel đều được trang bị máy lạnh, TV truyền hình vệ tinh màn hình phẳng và minibar. Ngoài ra còn đi kèm két an toàn và máy sấy tóc. Các phòng có khu vực tiếp khách với ghế bành và bàn uống cà phê. Du khách có thể rèn luyện sức khoẻ tại trung tâm thể dục đầy đủ trang thiết bị hoặc tận dụng bàn đặt tour để tổ chức các hoạt động trong ngày đến các điểm tham quan của địa phương. Khách sạn cung cấp dịch vụ cho thuê xe hơi. Nhà hàng Cây Cau phục vụ các món ăn Việt Nam chính thống. Du khách có thể dùng bữa trong sự riêng tư ngay tại phòng nghỉ của mình.",7.5
850,Little Garden Bungalow,Phú Quốc,"Chỗ nghỉ này có các phòng gia đình và sân hiên tắm nắng. Resort có hồ bơi ngoài trời, dịch vụ phòng và WiFi miễn phí. Phòng nghỉ tại resort được trang bị máy điều hòa, tủ lạnh, minibar, ấm đun nước, vòi sen, dép và bàn làm việc. Các phòng có ban công, phòng tắm riêng và TV màn hình phẳng. Lặn biển là hoạt động được ưa chuộng tại khu vực trong khi Little Garden Bungalow cũng cung cấp dịch vụ cho thuê xe hơi. Các điểm tham quan nổi tiếng gần chỗ nghỉ bao gồm Chùa Sùng Hưng, Bảo tàng Cội Nguồn và Chợ đêm Phú Quốc.",8.1
852,TIA Wellness Resort - Spa Inclusive,Đà Nẵng,"Nằm trên bãi biển Mỹ Khê xinh đẹp, TIA Wellness Resort - Spa Inclusive - Formerly Fusion Maia cung cấp dịch vụ spa miễn phí tại tiện nghi spa lớn nhất ở miền Trung Việt Nam với các phòng xông hơi ướt và xông hơi khô. Resort trên bãi biển này cung cấp chỗ nghỉ 5 sao ở thành phố Đà Nẵng và có hồ bơi ngoài trời với thác nước. Với sân nhỏ riêng nhìn ra quang cảnh hoàng hôn tuyệt đẹp, mỗi biệt thự kiểu Việt Nam hiện đại đều có cách bố trí rộng rãi và phòng khách không gian mở. Phòng tắm lớn có cửa sổ ngoại cỡ cùng khu vực bồn tắm và vòi sen riêng biệt. Quý khách có thể ngâm mình trong hồ bơi riêng của biệt thự. Bữa sáng được phục vụ cả ngày trên bãi biển hoặc tại khu vực spa. Năm nhà hàng tại đây cung cấp các món ăn châu Á - Thái Bình Dương trong khi Fresh phục vụ hải sản cạnh hồ bơi. Các món ăn nhẹ có tại Tonic lounge. TIA Wellness Resort - Spa Inclusive - Formerly Fusion Maia cách thành phố Hội An và sân bay quốc tế Đà Nẵng 15 phút lái xe. Từ đây khách có thể dễ dàng đến các điểm tham quan gần đó như Sông Thu Bồn, Ngũ Hành Sơn và Chùa Cầu.",8.7
853,Full House 2 Villa,Hội An,"Tọa lạc ở thành phố Hội An, cách Bãi biển An Bàng 2,7 km, Full House 2 Villa cung cấp chỗ nghỉ với nhà hàng, chỗ đỗ xe riêng miễn phí, xe đạp cho khách sử dụng miễn phí và sảnh khách chung. Khách sạn 1 sao này có khu vườn và phòng nghỉ với máy điều hòa, WiFi miễn phí cùng phòng tắm riêng. Chỗ nghỉ cũng có lễ tân 24 giờ, bếp chung và dịch vụ thu đổi ngoại tệ cho khách. Tất cả phòng nghỉ tại khách sạn đều được bố trí khu vực ghế ngồi, TV màn hình phẳng và tủ lạnh. Khách nghỉ tại Full House 2 Villa có thể thưởng thức bữa sáng tự chọn. Chỗ nghỉ có hồ bơi ngoài trời. Full House 2 Villa nằm trong bán kính 2,8 km từ Bãi biển Hà My và 2,2 km từ Bảo tàng Lịch sử Hội An. Sân bay gần nhất là sân bay quốc tế Đà Nẵng, cách đó 27 km, và khách sạn cung cấp dịch vụ đưa đón sân bay với một khoản phụ phí.",8.3
856,Phu Quoc Areca Garden Bungalow,Phú Quốc,"Nằm trên đảo Phú Quốc, cách Chùa Sùng Hưng 3,7 km và sòng bạc Corona Casino 25 km, Phu Quoc Areca Garden Bungalow có vườn, WiFi miễn phí cùng chỗ đỗ xe riêng miễn phí cho những khách lái xe. Chỗ nghỉ này còn có dịch vụ đặt vé và tiện nghi BBQ. Chỗ nghỉ cũng cung cấp dịch vụ lễ tân 24 giờ, dịch vụ phòng và tổ chức tour du lịch cho khách. Phòng nghỉ tại Phu Quoc Areca Garden Bungalow được trang bị bàn làm việc, máy điều hòa và phòng tắm riêng. Chỗ nghỉ có sân hiên tắm nắng. Areca Garden Bungalow cách Bảo tàng Cội Nguồn chưa đầy 1 km và công viên giải trí Vinpearl Land Phú Quốc 25 km. Sân bay gần nhất là sân bay quốc tế Phú Quốc, nằm trong bán kính 3 km từ nhà khách.",7.4
858,Villa Hotel Thao Nguyen,Đà Lạt,"Nằm ở thành phố Đà Lạt, cách Vườn hoa Đà Lạt 2 km, Villa Hotel Thao Nguyen cung cấp chỗ nghỉ với nhà hàng, chỗ đỗ xe riêng miễn phí, sảnh khách chung và vườn. Chỗ nghỉ này có các phòng gia đình và sân chơi cho trẻ em. Chỗ nghỉ cung cấp dịch vụ lễ tân 24 giờ, dịch vụ đưa đón sân bay, dịch vụ phòng và WiFi miễn phí trong toàn bộ khuôn viên. Tất cả phòng nghỉ tại khách sạn được trang bị tủ để quần áo, TV màn hình phẳng, phòng tắm riêng, ga trải giường và khăn tắm. Các phòng đi kèm ấm đun nước trong khi một số phòng có sân trong và những phòng còn lại cho tầm nhìn ra quang cảnh hồ nước. Các căn được bố trí tủ lạnh. Villa Hotel Thao Nguyen có sân hiên tắm nắng. Du khách có thể thuê xe đạp/xe hơi tại chỗ nghỉ và đi xe đạp cũng như đi bộ đường dài là các hoạt động được ưa chuộng trong khu vực. Villa Hotel Thao Nguyen nằm cách Hồ Xuân Hương 3,4 km và Công viên Yersin 3,5 km. Sân bay gần nhất là sân bay Liên Khương, cách khách sạn 32 km.",7.0
860,Little Riverside Hoi An . A Luxury Hotel & Spa,Hội An,"A Luxury Hotel & Spa! Để tiết kiệm tại chỗ nghỉ này, bạn chỉ cần đăng nhập. Nằm ở thành phố Hội An, trong bán kính 5 phút đi bộ từ Hội quán Triều Châu, Little Riverside Hoi An - A Little Boutique Lux Hotel & Spa cung cấp chỗ nghỉ với khu vực bãi biển riêng. Khách sạn cũng có hồ bơi ngoài trời, sân hiên và trung tâm thể dục. Du khách được chào đón với đồ uống và có thể sử dụng xe đạp miễn phí. Các phòng nghỉ tại khách sạn được trang bị ấm đun nước cũng như phòng tắm riêng đi kèm bồn tắm và đồ vệ sinh cá nhân miễn phí. Một số phòng còn cung cấp tầm nhìn ra dòng sông. Trong mỗi phòng cũng được bố trí khu vực ghế ngồi và TV truyền hình cáp màn hình phẳng. Khách sạn phục vụ bữa sáng kiểu lục địa hàng ngày. Quý khách có thể dùng bữa tại nhà hàng trong khuôn viên, nơi phục vụ ẩm thực quốc tế, kiểu Á và Việt Nam đồng thời cung cấp các món ăn kiêng gluten. Nhân viên thông thạo tiếng Anh và tiếng Pháp tại quầy lễ tân 24 giờ luôn sẵn sàng trợ giúp du khách bất kỳ lúc nào trong ngày. Đạp xe là một trong những hoạt động du khách có thể tham gia gần khách sạn. Các điểm tham quan nổi tiếng gần Little Riverside Hoi An bao gồm Làng mộc Kim Bồng, Hội quán Hải Nam và Đền Quan Công. Cả Hội quán Quảng Đông và Chùa Cầu Nhật Bản đều nằm cách đó 1,1 km. Sân bay quốc tế Đà Nẵng cách đó 24 km.",7.7
863,Aristo Saigon Hotel,TP. Hồ Chí Minh,"Aristo Hotel tọa lạc tại Thành phố Hồ Chí Minh, cách Chợ Bến Thành 2 km. Khách sạn cung cấp các phòng nghỉ với Wi-Fi miễn phí, spa, phòng tập thể dục và nhà hàng. Từ Aristo Hotel du khách lái xe 20 phút là đến Sân bay Quốc tế Tân Sơn Nhất. Dinh Thống Nhất nằm cách khách sạn chỉ 200 m trong khi cách đó 400 m Nhà thờ Đức Bà. Tất cả các phòng nghỉ tại đây đều được trang bị máy lạnh, TV truyền hình vệ tinh màn hình phẳng, minibar và khu vực tiếp khách. Trong các phòng tắm riêng có bồn tắm và máy sấy tóc. Khách sạn cung cấp các dịch vụ gồm thu đổi ngoại tệ, giặt là và cho thuê xe hơi. Các bữa ăn kiểu địa phương và quốc tế cùng đồ uống đều được phục vụ tại Nhà hàng DeliLah để tạo thuận tiện cho du khách.",5.6
864,Khách Sạn Flower Sky Nha Trang,Nha Trang,"Tọa lạc tại thành phố Nha Trang, Khách Sạn Flower Sky Nha Trang có khu vực bãi biển riêng và khu vườn. Khách sạn này nằm cách Hòn Chồng 2 km và Tháp Chàm Po Nagar 2,2 km. Chỗ đỗ xe riêng và Wi-Fi đều được cung cấp miễn phí tại khách sạn. Tất cả phòng nghỉ của Khách Sạn Flower Sky Nha Trang được trang bị ấm đun nước, máy điều hòa và phòng tắm riêng. Các phòng nhìn ra quang cảnh thành phố và sử dụng phòng tắm chung. Khách lưu trú tại khách sạn có thể thưởng thức bữa sáng tự chọn. Ngôn ngữ được sử dụng tại quầy lễ tân 24 giờ bao gồm tiếng Anh, tiếng Nga, tiếng Việt và tiếng Trung. Khách Sạn Flower Sky Nha Trang nằm cách Chợ Đầm 3,7 km và Trung tâm suối khoáng nóng Tháp Bà 3,9 km. Sân bay gần nhất là Sân bay quốc tế Cam Ranh, cách đó 42 km.",8.3
869,La Veranda Resort Phu Quoc - MGallery,Phú Quốc,"Khách sạn boutique đầy cá tính cho trải nghiệm du lịch tuyệt vời Tọa lạc trên hòn đảo Phú Quốc tuyệt đẹp, La Veranda Resort Phu Quoc có phong cách gợi nhớ đến dinh thự Pháp những năm 1920 và cung cấp chỗ nghỉ 5 sao trang nhã, hoàn hảo cho người độc thân, cặp đôi và gia đình dù lớn hay nhỏ. Với tầm nhìn ra mặt nước lấp lánh của Vịnh Thái Lan, du khách chắc chắn sẽ bị Đảo Phú Quốc mê hoặc trong thời gian và mãi sau đợt lưu trú của mình. Tất cả phòng nghỉ tại đây đều có WiFi miễn phí, TV màn hình phẳng, dịch vụ phòng và toàn bộ những tiện nghi du khách từng mong đợi từ khách sạn sang trọng 5 sao. Cho dù du khách định thư giãn trong không gian thoải mái của quán Le Bar với một ly cocktail giải khát trên tay hay du khách định tổ chức cuộc họp tại một trong những tiện nghi văn phòng của chỗ nghỉ, thì La Veranda Resort Phu Quoc luôn đáp ứng nhu cầu của mọi người.",8.0
870,Wild Beach Phu Quoc Resort,Phú Quốc,"Có bãi biển riêng, resort sinh thái Wild Beach Phu Quoc Resort mang tới môi trường yên tĩnh. Các bungalow nhìn ra biển ở đây được trang bị máy điều hòa và Wi-Fi miễn phí. Resort có nhà hàng riêng và nằm tại xã Cửa Cạn. Wild Beach Phu Quoc Resort cách sân bay quốc tế Phú Quốc 30 km và thị trấn Dương Đông khoảng 18 km. Chỗ nghỉ cung cấp dịch vụ đón khách miễn phí từ sân bay/bến phà. Mỗi bungalow gắn máy điều hòa này có lối vào riêng, sân hiên và khu vực ghế ngồi. Màn tránh muỗi, giá treo quần áo và phòng tắm riêng với vòi sen cùng đồ vệ sinh cá nhân miễn phí cũng được cung cấp. Các hoạt động như lặn với ống thở, lặn biển và tour câu cá có thể được sắp xếp theo yêu cầu. Tiện nghi BBQ riêng trên bãi biển cũng có sẵn.",6.6
871,Nghê Prana Villa & Spa Hoi An,Hội An,"Tọa lạc tại thành phố Hội An, Nghê Prana Villa & Spa Hoi An có nhà hàng, xe đạp cho khách sử dụng miễn phí, hồ bơi ngoài trời và quầy bar. Khách sạn 4 sao này có WiFi miễn phí, vườn và sân hiên. Chỗ nghỉ cung cấp dịch vụ lễ tân 24 giờ, bàn đặt tour và dịch vụ thu đổi ngoại tệ cho khách. Mỗi phòng nghỉ tại khách sạn đều có máy điều hòa, bàn làm việc, sân trong nhìn ra hồ bơi, phòng tắm riêng, TV màn hình phẳng, ga trải giường và khăn tắm. Các phòng có két an toàn và một số phòng cung cấp tầm nhìn ra sông. Các phòng được trang bị tủ để quần áo và ấm đun nước. Khách nghỉ tại Nghê Prana Villa & Spa Hoi An có thể thưởng thức bữa sáng kiểu lục địa. Khu vực này nổi tiếng với hoạt động đạp xe và du khách cũng có thể thuê xe hơi tại chỗ nghỉ. Nghê Prana Villa & Spa Hoi An nằm cách Hội quán Triều Châu 2,2 km và Bảo tàng Lịch sử Hội An 2,9 km. Sân bay gần nhất là sân bay quốc tế Đà Nẵng, cách khách sạn 31 km và chỗ nghỉ cung cấp dịch vụ đưa đón sân bay với một khoản phụ phí.",7.9
872,The Summer Hotel,Nha Trang,"Toạ lạc ở vị trí trung tâm thành phố Nha Trang, Summer Hotel có sân thượng và hồ bơi ngoài trời với tầm nhìn đẹp mắt ra thành phố biển. Nơi đây cung cấp các phòng tiện nghi với Wi-Fi miễn phí. Từ Hotel Summer, quý khách chỉ cần đi bộ 3 phút là tới bãi biển Nha Trang cũng như khu vực mua sắm. Sân bay Cam Ranh cách đó 35 phút lái xe. Summer Hotel cung cấp các phòng với phòng tắm riêng. Trong phòng có truyền hình cáp màn hình phẳng, minibar, két an toàn và bàn làm việc. Một số phòng chọn lọc có tầm nhìn tuyệt vời ra đại dương. Quý khách có thể chiêm ngưỡng quang cảnh thành phố từ hồ bơi trên tầng mái hoặc thư giãn tại spa. Phòng xông hơi khô cũng là một lựa chọn tuyệt vời khác để thư giãn. Summer Hotel có nhà hàng cung cấp dịch vụ ăn uống tại phòng suốt 24 giờ. Ngoài ra, khách sạn còn có các dịch vụ như đưa đón sân bay, giặt là và thu đổi ngoại tệ. Quý khách cũng có thể thuê xe hơi với một khoản phụ phí.",6.9
874,Roliva Hotel & Apartment Danang,Đà Nẵng,"Tọa lạc tại thành phố Đà Nẵng, Roliva Hotel & Apartment Danang có nhà hàng, hồ bơi ngoài trời, quầy bar và sảnh khách chung. Mỗi chỗ nghỉ tại khách sạn 4 sao này đều có tầm nhìn ra quang cảnh thành phố và du khách có thể thư giãn trong khu vườn cũng như trên sân hiên. Khách sạn cung cấp dịch vụ lễ tân 24 giờ, dịch vụ phòng và dịch vụ thu đổi ngoại tệ cho khách. Tất cả phòng nghỉ đều được trang bị TV truyền hình cáp màn hình phẳng, tủ lạnh, ấm đun nước, vòi xịt/chậu rửa vệ sinh, áo choàng tắm và bàn làm việc. Các phòng được bố trí phòng tắm riêng, két an toàn và WiFi miễn phí, một số phòng còn có sân trong và một số phòng khác có tầm nhìn ra sông. Các phòng tại khách sạn đều có ga trải giường và khăn tắm. Roliva Hotel & Apartment Danang phục vụ bữa sáng kiểu lục địa hoặc bữa sáng buffet. Các địa danh nổi tiếng gần chỗ nghỉ bao gồm Bãi biển Mỹ Khê, Cầu Sông Hàn và Trung tâm thương mại Indochina Riverside. Sân bay gần nhất là sân bay quốc tế Đà Nẵng, cách đó 7 km, và Roliva Hotel & Apartment Danang cung cấp dịch vụ đưa đón sân bay với một khoản phụ phí.",6.5
881,Biển Vàng - New Golden Sea,Vũng Tàu,"Nằm ở thành phố Vũng Tàu, gần Bãi Sau và Bãi Dứa, Biển Vàng - New Golden Sea cung cấp chỗ nghỉ có WiFi miễn phí và chỗ đỗ xe riêng miễn phí. Mỗi căn tại đây đều được trang bị máy điều hòa, TV màn hình phẳng, tủ lạnh và phòng tắm riêng với vòi xịt/chậu rửa vệ sinh. Các điểm tham quan nổi tiếng gần khách sạn căn hộ này bao gồm Bãi Trước, Ngọn hải đăng Vũng Tàu và Tượng Chúa Kitô Vua. Sân bay gần nhất là sân bay quốc tế Tân Sơn Nhất, cách Biển Vàng - New Golden Sea 71 km.",8.1
883,Hue My Hotel,TP. Hồ Chí Minh,"Nằm ở Thành phố Hồ Chí Minh, cách Chùa Giác Lâm 3,9 km, Hue My Hotel có chỗ nghỉ với quầy bar, chỗ đỗ xe riêng miễn phí và sảnh khách chung. Chỗ nghỉ này nằm trong bán kính khoảng 4,4 km từ Công viên Văn hóa Đầm Sen, 5 km từ Chợ ẩm thực đường phố Bến Thành và 5 km từ Dinh Thống Nhất. Chỗ nghỉ cung cấp dịch vụ lễ tân 24 giờ, dịch vụ đưa đón sân bay, dịch vụ phòng và WiFi miễn phí trong toàn bộ khuôn viên. Phòng nghỉ tại Hue My Hotel được trang bị máy điều hòa, TV truyền hình vệ tinh màn hình phẳng, tủ lạnh, ấm đun nước, vòi xịt/chậu rửa vệ sinh, dép và bàn làm việc. Một số phòng có két an toàn. Các phòng được bố trí phòng tắm riêng, tủ để quần áo, ga trải giường và khăn tắm. Công viên Tao Đàn và Bảo tàng Chứng tích Chiến tranh đều nằm cách chỗ nghỉ 5 km. Sân bay gần nhất là sân bay quốc tế Tân Sơn Nhất, nằm trong bán kính 11 km từ Hue My Hotel.",7.8
893,Tam House Villa Hotel,Đà Nẵng,"Tọa lạc tại thành phố Đà Nẵng, Tam House Villa Hotel có nhà hàng, xe đạp miễn phí, hồ bơi ngoài trời mở cửa theo mùa và khu vườn. Chỗ nghỉ nằm cách bãi biển Mỹ Khê 800 m, bãi biển Bắc Mỹ An 1,8 km và Cầu tàu Tình yêu 2,6 km. Chỗ nghỉ có tầm nhìn ra hồ bơi, sân hiên, lễ tân 24 giờ và Wi-Fi miễn phí trong toàn bộ khuôn viên. Tất cả phòng nghỉ tại khách sạn đều được bố trí máy điều hòa, khu vực ghế ngồi, TV màn hình phẳng với các kênh truyền hình vệ tinh, bếp, khu vực ăn uống, két an toàn và phòng tắm riêng đi kèm vòi xịt/chậu rửa vệ sinh, dép đi trong phòng cùng máy sấy tóc. Tam House Villa Hotel cung cấp một số phòng nhìn ra hồ và mỗi phòng đều có sân trong. Ga trải giường và khăn tắm cũng được bố trí trong mỗi phòng. Tam House Villa Hotel phục vụ bữa sáng à la carte hoặc bữa sáng kiểu Á. Khu vực này nổi tiếng với hoạt động đạp xe và du khách có thể thuê xe hơi tại khách sạn. Tam House Villa Hotel cách Bảo tàng Chăm 3,3 km và Cầu Sông Hàn 3,7 km Sân bay gần nhất là sân bay quốc tế Đà Nẵng, cách chỗ nghỉ 6 km và tại đây cung cấp dịch vụ đưa đón sân bay với một khoản phụ phí.",7.2
899,Amazing view - Langmandi House,Hà Nội,"Nằm ở trung tâm thành phố Hà Nội, cách Nhà Thờ Lớn 1,2 km và trung tâm thương mại Tràng Tiền Plaza 1,3 km, Amazing view - Langmandi House có khu vườn và máy điều hòa. Nhà nghỉ dưỡng này cung cấp chỗ đỗ xe riêng miễn phí, dịch vụ lễ tân 24 giờ và WiFi miễn phí. Nhà nghỉ dưỡng này được bố trí 2 phòng ngủ, phòng khách và TV màn hình phẳng, bếp đầy đủ vật dụng với khu vực ăn uống cũng như 1 phòng tắm đi kèm vòi sen cùng máy giặt. Để thêm phần thuận tiện cho du khách, chỗ nghỉ có thể cung cấp khăn tắm và ga trải giường với một khoản phụ phí. Nhà nghỉ dưỡng nằm trong bán kính 1,7 km từ Nhà Hát Lớn Hà Nội và 2 km từ Bảo tàng Mỹ thuật Việt Nam. Sân bay gần nhất là sân bay quốc tế Nội Bài, cách Amazing view - Langmandi House 22 km và chỗ nghỉ cung cấp dịch vụ đưa đón sân bay với một khoản phụ phí.",5.0
900,Lucky Hotel,Hà Nội,"Lucky Hotel nằm ở giữa Khu Phố Cổ cổ kính của thành phố Hà Nội và chỉ cách 500 m từ Hồ Hoàn Kiếm mang tính biểu tượng. Nhà thờ Lớn cách khách sạn 300 m, còn Chợ Đồng Xuân cách đó 800 m. Nhà hàng trong khuôn viên khách sạn phục vụ bữa sáng như phở truyền thống của Việt Nam. Với Wi-Fi miễn phí, các phòng được trang bị máy điều hòa, két an toàn, TV truyền hình vệ tinh và tủ lạnh. Một số phòng nhất định có ban công riêng và/ hoặc tầm nhìn ra quang cảnh thành phố. Phòng tắm riêng có tiện nghi vòi sen nước nóng/lạnh và máy sấy tóc. Quý khách có thể tận dụng các dịch vụtour du lịch và dịch vụ bán vé, cũng như cho thuê xe hơi hoặc xe đạp. Khách sạn cũng có dịch vụ giặt là và thu đổi ngoại tệ. Lucky Hotel cách 50 phút lái xe từ Sân bay Quốc tế Nội Bài.",5.6
901,AOA Hotel & Apartment Da Nang,Đà Nẵng,"Nằm cách bãi biển Mỹ Khê 600 m, AOA Hotel & Apartment Da Nang cung cấp chỗ nghỉ với quầy bar, sân hiên và lễ tân 24 giờ để tạo sự thuận tiện cho du khách. Chỗ nghỉ này cung cấp Wi-Fi miễn phí trong toàn bộ khuôn viên. Mỗi căn tại đây đều được trang bị máy điều hòa, TV màn hình phẳng, tủ lạnh và phòng tắm riêng với vòi xịt/chậu rửa vệ sinh. Một số căn có khu vực ghế ngồi và/hoặc ban công. Sau một ngày đi bộ đường dài hoặc đạp xe, du khách có thể thư giãn trong khu vườn hoặc tại khu vực tiếp khách chung. Khách sạn căn hộ này nằm cách bãi biển Bắc Mỹ An 1,3 km và Cầu khóa Tình yêu 2,6 km. Sân bay gần nhất là sân bay quốc tế Đà Nẵng, nằm cách AOA Hotel & Apartment Da Nang 7 km và chỗ nghỉ cung cấp dịch vụ đưa đón sân bay với một khoản phụ phí.",7.1
903,Hà thu house,Đà Lạt,"Tọa lạc tại thành phố Đà Lạt, cách Vườn hoa Đà Lạt 1 km, Hà thu house có quầy bar, sân hiên và tầm nhìn ra vườn. Chỗ nghỉ này nằm trong bán kính 5 km từ Thiền viện Trúc Lâm, 6 km từ Hồ Tuyền Lâm và 7 km từ Núi Lang Bian. Chỗ nghỉ cung cấp dịch vụ lễ tân 24 giờ, dịch vụ đưa đón sân bay, dịch vụ phòng và WiFi miễn phí. Mỗi phòng nghỉ tại khách sạn đều có bàn làm việc, TV màn hình phẳng, phòng tắm riêng, ga trải giường và khăn tắm. Tất cả các căn được bố trí tủ để quần áo và ấm đun nước. Các điểm tham quan nổi tiếng gần Hà thu house bao gồm Hồ Xuân Hương, Quảng trường Lâm Viên và Công viên Yersin. Sân bay gần nhất là sân bay Liên Khương, cách chỗ nghỉ 23 km.",8.1
908,Abogo Resort Villas Luxury Da Nang,Đà Nẵng,"Nằm ở thành phố Đà Nẵng, Abogo Resort Villas Luxury Da Nang có nhà hàng, lễ tân 24 giờ, quầy bar, khu vườn, hồ bơi ngoài trời mở cửa quanh năm, sân chơi cho trẻ em và tầm nhìn ra hồ nước. Chỗ nghỉ này có máy điều hòa, hồ bơi riêng, bồn tắm spa và bồn nước nóng. Mỗi căn tại đây đều được bố trí giường sofa, khu vực ghế ngồi, TV truyền hình vệ tinh màn hình phẳng, bếp ăn đầy đủ tiện nghi với khu vực ăn uống, két an toàn và phòng tắm riêng đi kèm áo choàng tắm. Một số căn sử dụng phòng tắm chung với vòi xịt/chậu rửa vệ sinh, dép đi trong phòng, máy sấy tóc và đồ vệ sinh cá nhân miễn phí. Khách nghỉ tại biệt thự có thể thưởng thức bữa sáng kiểu lục địa. Abogo Resort Villas Luxury Da Nang cung cấp phòng tắm hammam. Chỗ nghỉ có sân hiên, khu vực bãi biển riêng và sảnh khách chung. Abogo Resort Villas Luxury Da Nang nằm cách Bãi biển Bắc Mỹ An 600 m và Bãi biển Mỹ Khê 1,5 km. Sân bay gần nhất là sân bay quốc tế Đà Nẵng, nằm trong bán kính 8 km từ biệt thự, và chỗ nghỉ cung cấp dịch vụ đưa đón sân bay miễn phí.",7.3
910,Sapa Elegance Hotel,Sa Pa,"Sapa Elegance Hotel cung cấp chỗ nghỉ ấm cúng tại thị trấn Sapa, cách Chợ văn hóa Sapa chỉ 250 m. Khách sạn tự hào có nhà hàng trong khuôn viên mở ra quang cảnh Núi Fansipan và Thung lũng Violet. Tất cả phòng tại đây đều được trang bị Wi-Fi miễn phí, máy điều hòa, bàn làm việc, truyền hình cáp màn hình phẳng, tủ lạnh mini cũng như ban công riêng mở ra quang cảnh núi non và thung lũng xinh đẹp. Phòng tắm riêng đi kèm vòi sen, máy sấy tóc và đồ vệ sinh cá nhân miễn phi. Du khách có thể khám phá Sapa xinh đẹp bằng cách đi xe đạp hoặc với sự trợ giúp từ bàn đặt tour. Khách sạn có quầy lễ tân 24 giờ và nhân viên tại đây có thể hỗ trợ khách với dịch vụ giặt là. Các món ngon Việt Nam và ẩm thực Châu Âu được phục vụ tại nhà hàng The Lobby Restaurant. Dịch vụ phòng cũng được cung cấp cho khách. Trạm cáp treo Fansipan Legend nằm cách Sapa Elegance Hotel 1,9 km.",7.6
914,RedDoorz Kim Dung Hotel Tran Quang Khai,TP. Hồ Chí Minh,"Tọa lạc ở một vị trí đắc địa tại Quận 1 thuộc Thành phố Hồ Chí Minh, Kim Dung Hotel nằm cách Chợ Tân Định 500 m, trung tâm thương mại Diamond Plaza 2,1 km và Bảo tàng Chứng tích Chiến tranh 2,1 km. Khách sạn 2 sao này có lễ tân 24 giờ và dịch vụ đặt vé. Khách sạn cũng cung cấp chỗ đỗ xe riêng miễn phí và dịch vụ cho thuê xe đạp cho những khách muốn khám phá khu vực xung quanh. Tất cả phòng nghỉ tại Kim Dung Hotel đều có khu vực ghế ngồi, TV truyền hình cáp màn hình phẳng và phòng tắm riêng đi kèm máy sấy tóc cùng chậu rửa vệ sinh (bidet). Các phòng cũng có WiFi miễn phí và sử dụng phòng tắm chung với vòi sen cùng đồ vệ sinh cá nhân miễn phí. Trong phòng còn được trang bị máy điều hòa và bàn làm việc. Kim Dung Hotel nằm trong bán kính 2,3 km từ Dinh Thống Nhất và 2,4 km từ Bưu điện Trung tâm Sài Gòn. Sân bay gần nhất là sân bay quốc tế Tân Sơn Nhất, cách khách sạn 10 km.",5.7
915,L'Azure Resort and Spa,Phú Quốc,"Resort cung cấp dịch vụ đón tại sân bay miễn phí và truy cập WiFi miễn phí. Được trang trí trang nhã, tất cả phòng nghỉ tại đây đều có đồ nội thất bằng gỗ tối màu và cửa sổ đón ánh sáng tự nhiên. Mỗi phòng còn có TV màn hình phẳng, khu vực ghế ngồi và phòng tắm riêng. L'Azure Resort and Spa nằm cách 10 phút đi bộ từ Chợ đêm Phú Quốc và cách 30 phút lái xe từ Vườn quốc gia Phú Quốc. Du khách có thể đến chỗ nghỉ từ sân bay Phú Quốc, cách thành phố Hồ Chí Minh 50 phút bay nội địa và thành phố Hà Nội 2 giờ 10 phút bay nội địa. Du khách có thể chơi một ván tennis, bơi lội hoặc tận hưởng dịch vụ mát-xa tại Sim Sanctuary Spa. Tiệc BBQ cũng có thể được tổ chức trên bãi biển hoặc bên hồ bơi. Nhà hàng Bistrot Le Jardin Bleu cung cấp thực đơn à la carte và du khách cũng có thể chọn dùng bữa ở nhà hàng Le Bateau với nhiều món ăn đa dạng. Đồ uống giải khát và đồ ăn nhẹ được phục vụ tại quán bar bãi biển L'zure.",7.7
919,M Resort Phu Quoc,Phú Quốc,"Tọa lạc trên đảo Phú Quốc, cách Bãi Dài 350 m, M Resort Phu Quoc cung cấp chỗ nghỉ với nhà hàng, chỗ đỗ xe riêng miễn phí, hồ bơi ngoài trời và quán bar. Nằm trong bán kính 3,2 km từ Chùa Sùng Hưng và 25 km từ Sòng bạc Corona, chỗ nghỉ này có vườn cũng như sân hiên. Resort cung cấp các phòng gia đình. Phòng nghỉ gắn máy điều hòa tại M Resort Phu Quoc có bàn làm việc, ấm đun nước, minibar, két an toàn, TV màn hình phẳng và phòng tắm riêng với vòi sen. Các phòng được trang bị ga trải giường và khăn tắm. Chỗ nghỉ phục vụ bữa sáng kiểu lục địa hoặc bữa sáng à la carte. Chỗ nghỉ có lễ tân 24 giờ, sảnh khách chung và dịch vụ văn phòng. Công viên giải trí Vinpearl Land Phú Quốc nằm trong bán kính 25 km từ M Resort Phu Quoc trong khi Bảo tàng Cội Nguồn cách đó 400 m.",7.2
920,Arise Hotel Nha Trang,Nha Trang,"Nằm ở thành phố Nha Trang, cách Bãi biển Hòn Chồng 200 m, Arise Hotel Nha Trang cung cấp chỗ nghỉ với nhà hàng, chỗ đỗ xe riêng miễn phí và sảnh khách chung. Trong số các tiện nghi của chỗ nghỉ này có dịch vụ tiền sảnh, bàn đặt tour và WiFi miễn phí trong toàn bộ khuôn viên. Nơi đây cung cấp dịch vụ lễ tân 24 giờ, dịch vụ phòng và dịch vụ thu đổi ngoại tệ cho khách. Phòng nghỉ tại Arise Hotel Nha Trang có máy điều hòa, khu vực ghế ngồi, TV truyền hình vệ tinh màn hình phẳng, két an toàn, ấm đun nước và phòng tắm riêng với vòi xịt/chậu rửa vệ sinh, dép cùng máy sấy tóc. Một số phòng nhìn ra quang cảnh biển. Các phòng được trang bị ga trải giường và khăn tắm. Arise Hotel Nha Trang phục vụ bữa sáng kiểu lục địa hoặc bữa sáng buffet. Khách sạn nằm gần các địa danh nổi tiếng như Bãi tắm Ba Làng, Hòn Chồng và Tháp Bà Po Nagar. Sân bay gần nhất là sân bay quốc tế Cam Ranh, nằm trong bán kính 41 km từ Arise Hotel Nha Trang, và chỗ nghỉ cung cấp dịch vụ đưa đón sân bay với một khoản phụ phí.",5.7
929,Agnes Nha Trang Hotel,Nha Trang,"Nằm ở thành phố Nha Trang, cách Bãi biển Nha Trang 300 m, Agnes Nha Trang Hotel có hồ bơi ngoài trời, quán bar và tầm nhìn ra quang cảnh thành phố. Trong số các tiện nghi của chỗ nghỉ này còn có nhà hàng, lễ tân 24 giờ, dịch vụ phòng và WiFi miễn phí trong toàn bộ khuôn viên. Khách sạn này cung cấp các phòng gia đình. Tất cả phòng nghỉ tại khách sạn đều được trang bị máy điều hòa, truyền hình vệ tinh màn hình phẳng, ấm đun nước, vòi sen, máy sấy tóc và bàn làm việc. Các phòng còn có tủ để quần áo và phòng tắm riêng. Agnes Nha Trang Hotel phục vụ bữa sáng tự chọn và kiểu Mỹ hàng ngày. Chỗ nghỉ có sân hiên tắm nắng. Các điểm tham quan nổi tiếng gần Agnes Nha Trang Hotel bao gồm Trung tâm Thuyền buồm Việt Nam, quán Sailing Club và Quảng trường 2/4. Sân bay gần nhất là sân bay quốc tế Cam Ranh, cách khách sạn 25 km, và chỗ nghỉ cung cấp dịch vụ đưa đón sân bay với một khoản phụ phí.",6.5
930,Sao Beach Bungalow,Phú Quốc,"Chỗ nghỉ này nằm trong bán kính 35 km từ Sòng bạc Corona, 35 km từ công viên giải trí Vinpearl Land Phú Quốc và 8 km từ Nhà tù Phú Quốc. Nhà khách có các phòng gia đình. Phòng nghỉ tại nhà khách có máy điều hòa, bàn làm việc, phòng tắm riêng, TV màn hình phẳng, ga trải giường, khăn tắm và ban công nhìn ra vườn. Tất cả các phòng đều được bố trí tủ để quần áo và ấm đun nước. Trang trại ngọc trai Phú Quốc nằm trong bán kính 12 km từ Sao Beach Bungalow trong khi Thác Suối Tranh cách đó 13 km.",8.5
931,ICON56 Brand-new Apartment Free Gym Pool,TP. Hồ Chí Minh,"Brand New 3BR Apartment Icon 56 tọa lạc ở Thành phố Hồ Chí Minh, cách Bến Nhà Rồng 1 km và Bảo tàng mỹ thuật 1,3 km. Căn hộ này cung cấp chỗ nghỉ với bếp và chỗ đỗ xe riêng. Căn hộ này có 3 phòng ngủ, 2 phòng tắm và TV truyền hình cáp màn hình phẳng. Brand New 3BR Apartment Icon 56 còn có sân hiên và khu vườn giúp khách thư giãn. Chỗ nghỉ nằm trong bán kính 1,9 km từ Chợ Bến Thành và 2,1 km từ trung tâm thương mại Takashimaya Việt Nam. Sân bay quốc tế Tân Sơn Nhất cách đó 14 km.",6.6
937,HAIAN Beach Hotel & Spa,Đà Nẵng,"Nằm cách bãi biển chỉ 1 phút đi bộ, khách sạn này cung cấp các phòng và suite được bài trí trang nhã cho tầm nhìn tuyệt đẹp ra quang cảnh biển cũng như thành phố. Khách sạn cũng có hồ bơi vô cực trên sân thượng, nơi du khách có thể bơi hoặc thảnh thơi tận hưởng ánh mặt trời trên giường phơi nắng. Tất cả phòng nghỉ tại đây được bài trí tuyệt đẹp với lối trang trí hiện đại và có các tiện nghi như máy điều hòa, TV màn hình phẳng, minibar, tủ để quần áo cùng khu vực ghế ngồi thoải mái. Phòng tắm riêng được trang bị bồn tắm/vòi sen, máy sấy tóc, đồ vệ sinh cá nhân miễn phí, dép và áo choàng tắm để tạo sự thoải mái cho du khách. Du khách có thể dùng bữa tại nhà hàng trong khuôn viên với các món ăn ngon, từ ẩm thực truyền thống của Việt Nam cho đến các món quốc tế được yêu thích. Coffee Lounge and Bar cũng phục vụ đồ uống. Nhân viên tại quầy lễ tân 24 giờ có thể hỗ trợ du khách với nhiều dịch vụ như nhận phòng/trả phòng riêng, giữ hành lý, concierge và bàn đặt tour. Du khách cũng có thể sử dụng các tiện nghi trong trung tâm dịch vụ doanh nhân. Du khách được thưởng thức trà chiều miễn phí hàng ngày tại khách sạn. ""HAIAN Beach Hotel & Spa"" cũng cung cấp dịch vụ đưa đón sân bay miễn phí. ""HAIAN Beach Hotel & Spa"" nằm trong bán kính chỉ 15 phút lái xe từ sân bay quốc tế Đà Nẵng và 30 phút lái xe từ Phố Cổ Hội An. Cầu Rồng nằm cách khách sạn 2,2 km trong khi Cầu Sông Hàn cách đó 3,1 km.",6.7
948,Splendid Holiday Hotel,Hà Nội,"Chỉ cách Nhà thờ St. Joseph vài bước chân và cách Hồ Hoàn Kiếm 5 phút đi bộ, Splendid Jupiter Hotel cung cấp các phòng nghỉ cách âm với bữa sáng cũng như Wi-Fi trong phòng miễn phí ở trung tâm Hà Nội. Các phòng yên tĩnh với cửa sổ cách âm đón chờ đón quý khách lưu trú tại khách sạn, giúp quý khách dễ dàng thư giãn với DVD hoặc truyền hình vệ tinh. Đồ uống giải khát có sẵn trong minibar. Tất cả các phòng còn có phòng tắm riêng với vòi sen sang trọng. Giỏ trái cây miễn phí được cung cấp hàng ngày cho khách. Splendid Jupiter cung cấp dịch vụ mát-xa và phòng xông hơi khô cho những khách muốn thư giãn. Du khách cũng có thể sắp xếp đi tham quan, thuê xe hơi và xe đạp tại bàn đặt tour của khách sạn. Khách sạn cũng có dịch vụ fax và giặt thường/giặt hấp. Nhà hàng ở tầng trệt phục vụ các món ăn phương Tây và Việt Nam. Dịch vụ phòng đáp ứng yêu cầu du khách suốt 24 giờ và bữa sáng trong phòng cũng được cung cấp. Splendid Jupiter Hotel cách Sân bay Quốc tế Nội Bài 35 km. Dịch vụ đưa/đón sân bay cũng có sẵn. Ga Hà Nội cách khách sạn 5 phút đi taxi.",8.1
949,Homestay & Hotel Huy My,Vũng Tàu,"Nằm ở thành phố Vũng Tàu, chỉ cách Bãi Sau 250 m, Homestay & Hotel Huy My cung cấp chỗ nghỉ với sảnh khách chung, sân hiên cũng như bếp chung. Chỗ nghỉ bên bờ biển này có sân trong. Nhà nghỉ dưỡng lắp máy điều hòa này được bố trí 5 phòng ngủ, TV truyền hình cáp màn hình phẳng, khu vực ăn uống và khu vực bếp ăn với tủ lạnh cùng bếp nấu. Nhà nghỉ dưỡng cung cấp chỗ đỗ xe riêng. Các điểm tham quan nổi tiếng gần Homestay & Hotel Huy My bao gồm Bãi Dứa, Bãi Trước và Tượng Chúa Kitô Vua. Sân bay gần nhất là sân bay quốc tế Tân Sơn Nhất, nằm trong bán kính 72 km từ chỗ nghỉ.",7.0
950,Anh Tan Hotel,Vũng Tàu,"Khách sạn này còn có dịch vụ phòng và sân chơi cho trẻ em. Chỗ nghỉ cũng có lễ tân 24 giờ, dịch vụ đưa đón, bếp chung và WiFi miễn phí trong toàn bộ khuôn viên. Phòng nghỉ của khách sạn được bố trí khu vực ghế ngồi, TV truyền hình cáp màn hình phẳng và phòng tắm riêng với đồ vệ sinh cá nhân miễn phí cùng vòi sen. Tại Anh Tan Hotel, mỗi phòng đều có máy điều hòa và sử dụng phòng tắm chung. Chỗ nghỉ còn có sân hiên. Du khách có thể tham gia các hoạt động như đi bộ đường dài, đi xe đạp và câu cá trong khu vực xung quanh hoặc thư giãn dọc theo bờ biển. Anh Tan Hotel nằm cách Tượng Chúa Ki-tô Vua 1,4 km và Mũi Nghinh Phong 1,7 km. Sân bay gần nhất là sân bay quốc tế Tân Sơn Nhất, nằm trong bán kính 72 km từ khách sạn.",6.0
954,Sailing Club Signature Resort Phu Quoc,Phú Quốc,"Tọa lạc tại đảo Phú Quốc, cách Bãi Dài chưa đầy 1 km, Sailing Club Signature Resort Phu Quoc cung cấp chỗ nghỉ với nhà hàng, chỗ đỗ xe riêng miễn phí, hồ bơi ngoài trời và trung tâm thể dục. Chỗ nghỉ này có khu vực bãi biển riêng, tiện nghi thể thao dưới nước, quầy bar và khu vườn. Nơi đây cung cấp dịch vụ lễ tân 24 giờ, dịch vụ phòng và dịch vụ thu đổi ngoại tệ cho khách. Tất cả các phòng nghỉ tại resort đều được trang bị máy điều hòa, khu vực ghế ngồi, TV truyền hình cáp, bếp, khu vực ăn uống, két an toàn và phòng tắm riêng với vòi sen, áo choàng tắm cùng dép đi trong phòng. Các phòng nghỉ tại Sailing Club Signature Resort Phu Quoc đều có ga trải giường và khăn tắm. Chỗ nghỉ phục vụ bữa sáng kiểu lục địa hoặc bữa sáng buffet. Sailing Club Signature Resort Phu Quoc có sân chơi cho trẻ em. Du khách có thể chơi golf mini và thuê xe hơi tại resort. Sailing Club Signature Resort Phu Quoc cách Chùa Sùng Hưng 14 km và công viên giải trí Vinpearl Land Phú Quốc 35 km. Sân bay gần nhất là sân bay quốc tế Phú Quốc, cách chỗ nghỉ 14 km và tại đây cung cấp dịch vụ đưa đón sân bay với một khoản phụ phí.",8.6
958,Vu Minh Quan Hotel,Đà Lạt,"Tọa lạc tại thành phố Đà Lạt, cách Quảng trường Lâm Viên 1,1 km và Hồ Xuân Hương 1,3 km, Vu Minh Quan Hotel cung cấp chỗ nghỉ với sảnh khách chung và WiFi miễn phí cũng như chỗ đỗ xe riêng miễn phí cho khách lái xe. Chỗ nghỉ này nằm trong bán kính khoảng 3 km từ Vườn hoa Đà Lạt, 6 km từ Thiền viện Trúc Lâm và 6 km từ Hồ Tuyền Lâm. Chỗ nghỉ có lễ tân 24 giờ, phòng giữ hành lý và dịch vụ thu đổi ngoại tệ cho khách. Tất cả phòng nghỉ tại đây được trang bị TV truyền hình vệ tinh màn hình phẳng, tủ lạnh, ấm đun nước, vòi xịt/chậu rửa vệ sinh, áo choàng tắm và tủ để quần áo. Mỗi phòng đều có phòng tắm riêng, dép và ga trải giường. Các điểm tham quan nổi tiếng gần chỗ nghỉ bao gồm Công viên Yersin, Biệt thự Hằng Nga (Ngôi nhà điên) và Dinh Bảo Đại. Sân bay gần nhất là sân bay Liên Khương, cách đó 29 km, và Vu Minh Quan Hotel cung cấp dịch vụ đưa đón sân bay với một khoản phụ phí.",7.1
959,Rita Hotel,Vũng Tàu,"Nằm ở thành phố Vũng Tàu, cách Bãi Sau 650 m, Rita Hotel cung cấp chỗ nghỉ với nhà hàng, chỗ đỗ xe riêng miễn phí, vườn và sân hiên. Khách sạn 2 sao này cung cấp dịch vụ phòng và phòng giữ hành lý. Chỗ nghỉ có lễ tân 24 giờ, dịch vụ đưa đón, bếp chung và WiFi miễn phí trong toàn bộ khuôn viên. Các căn tại đây được trang bị máy điều hòa, TV truyền hình vệ tinh màn hình phẳng, tủ lạnh, ấm đun nước, vòi sen, dép đi trong phòng và tủ để quần áo. Tất cả các phòng có phòng tắm riêng, đồ vệ sinh cá nhân miễn phí và ga trải giường. Khách sạn phục vụ bữa sáng à la carte. Khách nghỉ tại Rita Hotel có thể tham gia nhiều hoạt động trong và ngoài thành phố Vũng Tàu, như đi bộ đường dài. Chỗ nghỉ nằm cách Bãi Trước 2,3 km và Bãi Dứa 2,9 km. Sân bay gần nhất là sân bay quốc tế Tân Sơn Nhất, cách Rita Hotel 106 km.",5.9
962,Gold Coast Nha Trang,Nha Trang,"Tọa lạc tại phường Lộc Thọ và cách trung tâm thành phố Nha Trang 1,1 km, Handy Apartment có máy lạnh, WiFi và chỗ đỗ xe riêng miễn phí trong khuôn viên. Tất cả chỗ nghỉ đều được trang bị TV. Tại đây còn có nhà bếp với lò nướng. Khăn tắm cũng được cung cấp sẵn. Sân bay Quốc tế Cam Ranh cách chỗ nghỉ 27 km.",9.0
969,Homestay Trường Thịnh,Hội An,"Tất cả phòng nghỉ tại đây đều có khu vực ghế ngồi kèm ghế sofa, khu vực ăn uống cũng như bếp đầy đủ tiện nghi với nhiều vật dụng nấu nướng như lò vi sóng, tủ lạnh, lò nướng cùng bếp nấu. Máy nướng bánh mỳ và ấm đun nước cũng được cung cấp cho khách. Homestay này phục vụ bữa sáng à la carte hàng ngày. Homestay Trường Thịnh có sân hiên. Khách lưu trú tại chỗ nghỉ có thể đạp xe và đi bộ đường dài ở khu vực gần đó hoặc thư giãn trong vườn. Các điểm tham quan nổi tiếng gần Homestay Trường Thịnh bao gồm Bảo tàng Lịch sử Hội An, Hội quán Hải Nam và Miếu Quan Công. Sân bay gần nhất là sân bay quốc tế Đà Nẵng, cách homestay 24 km, và chỗ nghỉ cung cấp dịch vụ đưa đón sân bay với một khoản phụ phí.",7.3
972,Anka Hotel,Phú Quốc,"Tọa lạc tại đảo Phú Quốc, cách Bãi Dài 650 m, Anka Hotel cung cấp chỗ nghỉ với hồ bơi ngoài trời, chỗ đỗ xe riêng miễn phí, quầy bar và khu vườn. Chỗ nghỉ này có dịch vụ phòng và sân hiên. Khách sạn cung cấp dịch vụ lễ tân 24 giờ và bếp chung cho khách sử dụng. Tất cả các căn tại đây đều có máy điều hòa, TV truyền hình cáp màn hình phẳng, tủ lạnh, ấm đun nước, vòi xịt/chậu rửa vệ sinh, dép đi trong phòng và tủ để quần áo. Mỗi phòng đều có phòng tắm riêng với vòi sen, máy sấy tóc và đồ vệ sinh cá nhân miễn phí. Khách sạn phục vụ bữa sáng à la carte hàng ngày. Anka Hotel nằm cách Chùa Sùng Hưng 4,4 km và cách Sòng bài Corona Casino 21 km.",8.0
979,Hoi An Rustic Villa,Hội An,"Tọa lạc tại thành phố Hội An, Hoi An Rustic Villa có nhà hàng, lễ tân 24 giờ, quán bar, vườn, hồ bơi ngoài trời mở cửa quanh năm, sân hiên và tầm nhìn ra vườn. Biệt thự này cung cấp miễn phí cả WiFi lẫn chỗ đỗ xe riêng. Mỗi phòng nghỉ tại đây đều được trang bị máy điều hòa, TV màn hình phẳng, tủ lạnh và phòng tắm riêng với chậu rửa vệ sinh (bidet). Để thêm phần thuận tiện cho du khách, chỗ nghỉ có thể cung cấp khăn tắm và ga trải giường với một khoản phụ phí. Hoi An Rustic Villa phục vụ bữa sáng tự chọn hoặc bữa sáng kiểu Á. Chỗ nghỉ có sảnh khách chung và du khách có thể đi xe đạp ở khu vực gần đó. Chỗ nghỉ nằm cách Bãi biển Cửa Đại 2,1 km và Hội quán Triều Châu 2,8 km. Sân bay gần nhất là sân bay quốc tế Đà Nẵng, cách đó 31 km, và Hoi An Rustic Villa cung cấp dịch vụ đưa đón sân bay với một khoản phụ phí.",8.4
980,Minh Boutique,Đà Nẵng,"Tọa lạc tại thành phố Đà Nẵng, cách Bãi biển Mỹ Khê 600 m, Minh Boutique cung cấp chỗ nghỉ với nhà hàng, chỗ đỗ xe riêng miễn phí, xe đạp cho khách sử dụng miễn phí và hồ bơi ngoài trời. Nằm cách Cầu Sông Hàn 1,8 km và Cầu Khóa Tình yêu 2,1 km, chỗ nghỉ này có quầy bar cùng khu vườn. Tại đây có lễ tân 24 giờ, dịch vụ đưa đón sân bay, dịch vụ phòng và Wi-Fi miễn phí. Một số phòng nghỉ cũng được bố trí bếp với tủ lạnh, minibar và bếp nấu. Tất cả phòng nghỉ của khách sạn đều có TV màn hình phẳng và dép đi trong phòng. Minh Boutique phục vụ bữa sáng buffet hoặc bữa sáng à la carte. Khách sạn có sân hiên tắm nắng. Đạp xe là hoạt động được ưa chuộng trong khu vực và du khách cũng có thể thuê xe hơi tại Minh Boutique. Khách sạn nằm cách trung tâm thương mại Indochina Riverside Mall 2,7 km và bảo tàng Chăm Museum 3,1 km. Sân bay gần nhất là sân bay quốc tế Đà Nẵng, cách Minh Boutique 6 km.",8.5
982,Vinholidays Fiesta Phu Quoc,Phú Quốc,"Nằm ở đảo Phú Quốc, cách Bãi Dài 500 m, Vinholidays Fiesta Phu Quoc cung cấp chỗ nghỉ với nhà hàng, chỗ đỗ xe riêng miễn phí, hồ bơi ngoài trời và quán bar. Khách sạn 3 sao này cung cấp dịch vụ lễ tân 24 giờ và dịch vụ phòng. Chỗ nghỉ cũng có câu lạc bộ trẻ em và dịch vụ concierge. Mỗi phòng nghỉ tại khách sạn đều được trang bị tủ để quần áo. Mỗi phòng tại Vinholidays Fiesta Phu Quoc còn có máy điều hòa và phòng tắm riêng. Chỗ nghỉ phục vụ bữa sáng tự chọn. Vinholidays Fiesta Phu Quoc có sân hiên. Các điểm tham quan nổi tiếng gần khách sạn bao gồm Chùa Sùng Hưng, Chùa Sư Muôn và Chợ đêm Phú Quốc. Sân bay gần nhất là sân bay quốc tế Phú Quốc, nằm trong bán kính 5 km từ Vinholidays Fiesta Phu Quoc.",7.2
989,Handy Panorama Nha Trang Ocean view,Nha Trang,"Nằm ở thành phố Nha Trang, Handy Panorama Nha Trang Ocean view có WiFi miễn phí, trung tâm thể dục, quầy bar và vườn. Chỗ nghỉ này cung cấp chỗ đỗ xe riêng ngay trong khuôn viên. Chỗ nghỉ được bố trí máy điều hòa, bếp đầy đủ tiện nghi, TV màn hình phẳng và phòng tắm riêng với vòi sen, dép đi trong phòng cùng máy sấy tóc. Căn hộ phục vụ bữa sáng buffet hằng ngày. Handy Panorama Nha Trang Ocean view có sân hiên. Chỗ nghỉ có dịch vụ cho thuê xe đạp và khu vực bãi biển riêng. Các điểm tham quan nổi tiếng gần Handy Panorama Nha Trang Ocean bao gồm Bãi biển Nha Trang, Quảng trường 2/4 và Tháp Trầm Hương. Sân bay gần nhất là sân bay quốc tế Cam Ranh, cách căn hộ 37 km, và chỗ nghỉ cung cấp dịch vụ đưa đón sân bay với một khoản phụ phí.",7.1
991,Rung Thong 1 Villa,Đà Lạt,"Nằm ở thành phố Đà Lạt, cách Thiền viện Trúc Lâm 3,4 km và Hồ Tuyền Lâm 3,6 km, Rung Thong 1 Villa cung cấp chỗ nghỉ với khu vườn và WiFi miễn phí trong toàn bộ khuôn viên cũng như chỗ đỗ xe riêng miễn phí cho khách lái xe. Khách sạn này có tiện nghi BBQ và dịch vụ phòng. Chỗ nghỉ này có lễ tân 24 giờ và bếp chung cho khách sử dụng. Phòng nghỉ tại khách sạn được trang bị tủ lạnh, minibar, ấm đun nước, bồn nước nóng, dép và bàn làm việc. Các phòng sử dụng phòng tắm chung với vòi sen, máy sấy tóc và đồ vệ sinh cá nhân miễn phí. Mỗi phòng đều được bố trí tủ để quần áo, TV màn hình phẳng và phòng tắm riêng. Rung Thong 1 Villa có sân hiên tắm nắng. Đi bộ đường dài là hoạt động được ưa chuộng trong khu vực và du khách có thể thuê xe hơi tại chỗ nghỉ. Quảng trường Lâm Viên nằm trong bán kính 3,9 km từ Rung Thong 1 Villa trong khi Hồ Xuân Hương cách đó 4 km. Sân bay gần nhất là sân bay Liên Khương, cách khách sạn 29 km, và chỗ nghỉ cung cấp dịch vụ đưa đón sân bay với một khoản phụ phí.",6.9
993,HAMA Boutique Home,Đà Nẵng,"Tọa lạc tại thành phố Đà Nẵng, cách Bãi biển Mỹ Khê 150 m, HAMA Boutique Home cung cấp chỗ nghỉ bên bờ biển với nhiều tiện nghi như sảnh khách chung, vườn và sân hiên. Trong số các tiện nghi của chỗ nghỉ này có dịch vụ tiền sảnh, bàn đặt tour và WiFi miễn phí trong toàn bộ khuôn viên. Chỗ nghỉ cung cấp dịch vụ lễ tân 24 giờ, dịch vụ phòng và dịch vụ thu đổi ngoại tệ cho khách. Tất cả phòng nghỉ tại khách sạn đều được trang bị máy điều hòa, TV truyền hình cáp màn hình phẳng, tủ lạnh, ấm đun nước, vòi xịt/chậu rửa vệ sinh, dép và bàn làm việc. Các phòng có ga trải giường, khăn tắm và phòng tắm riêng với vòi sen cùng máy sấy tóc. Một số phòng được bố trí khu vực bếp ăn với lò vi sóng.  Đi xe đạp là hoạt động được ưa chuộng trong khu vực và du khách cũng có thể thuê xe đạp/xe hơi tại HAMA Boutique Home. Chỗ nghỉ nằm cách Bãi biển Bắc Mỹ An 1,7 km và Cầu khóa Tình yêu 2,2 km. Sân bay gần nhất là sân bay quốc tế Đà Nẵng, nằm trong bán kính 6 km từ HAMA Boutique Home, và chỗ nghỉ cung cấp dịch vụ đưa đón sân bay với một khoản phụ phí.",7.5
994,Muong Thanh Luxury Phu Quoc Hotel,Phú Quốc,"Khách sạn cung cấp chỗ nghỉ hiện đại với máy điều hòa và WiFi miễn phí trong tất cả các khu vực. Du khách có thể dùng bữa tại nhà hàng trong khuôn viên và sau đó thưởng thức đồ uống tại quầy bar. Mỗi phòng nghỉ tại đây đều có ban công riêng, sàn trải thảm, khu vực ghế ngồi và TV truyền hình vệ tinh màn hình phẳng. Các phòng được trang bị ấm đun nước điện, minibar và phòng tắm riêng với bồn tắm/vòi sen. Dép đi trong phòng, đồ vệ sinh cá nhân miễn phí và máy sấy tóc cũng được cung cấp để tạo sự thoải mái cho khách. Du khách có thể ngâm mình trong bồn nước nóng, thư giãn với dịch vụ mát-xa chuyên nghiệp hoặc xông hơi tại phòng xông hơi khô của trung tâm spa trong khuôn viên chỗ nghỉ. Chỗ nghỉ có phòng tập thể dục và cửa hàng quà tặng. Nhân viên thông thạo tiếng Việt và tiếng Anh tại quầy lễ tân 24 giờ có thể hỗ trợ du khách với dịch vụ thu đổi ngoại tệ và phòng giữ hành lý. Dịch vụ đưa đón sân bay có thể được thu xếp theo yêu cầu. Khách sạn cung cấp xe đạp cho khách sử dụng miễn phí. Chỗ nghỉ nằm cách Nhà tù Phú Quốc 14,5 km và Thác Tranh 7 km. Sân bay gần nhất là sân bay quốc tế Phú Quốc, nằm trong bán kính 6 km từ chỗ nghỉ.",5.5
999,Au Lac Legend Hotel,TP. Hồ Chí Minh,"Được đặt theo tên vương quốc lịch sử của Việt Nam, Au Lac Legend Hotel cung cấp chỗ nghỉ ấm cúng ở khu trung tâm Hồ Chí Minh. Được bao quanh bởi những địa danh nổi tiếng như Nhà thờ Đức Bà, chỗ nghỉ này cung cấp miễn phí Wi-Fi và bãi đậu xe. Au Lac Legend Hotel cách Chợ Bến Thành và Hồ Con Rùa 10 phút đi bộ. Sân bay quốc tế Tân Sơn Nhất nằm trong bán kính 30 phút lái xe từ khách sạn. Các phòng nghỉ lắp máy điều hòa tại Au Lac Legend Hotel cung cấp đồ nội thất bằng gỗ, phòng tắm riêng đi kèm bồn tắm, TV truyền hình cáp/vệ tinh và tủ lạnh mini. Khách có thể sắp xếp các chuyến đi thú vị trong ngày tại bàn bán tour hoặc thuê xe đạp để khám phá khu vực này lúc rảnh rỗi. Khách sạn còn có trung tâm dịch vụ doanh nhân và dịch vụ giặt là. Au Lac Restaurant phục vụ tuyển chọn các món Việt Nam và quốc tế. Nằm trong khu vườn nhỏ, Coffee Shop cung cấp khung cảnh lý tưởng để khách thư giãn với tách cà phê nóng cùng các món ăn nhẹ.",5.9
1017,Paris Nha Trang Hotel,Nha Trang,"Với hồ bơi ngoài trời, Paris Nha Trang Hotel nằm ở thành phố Nha Trang, cách Trung tâm Thuyền buồm Việt Nam 700 m. Khách sạn cũng có quầy bar trong khuôn viên. Mỗi phòng nghỉ tại khách sạn này đều được trang bị máy lạnh, truyền hình cáp màn hình phẳng cũng như phòng tắm riêng với áo choàng tắm, dép và đồ vệ sinh cá nhân miễn phí. Khách sạn cũng có bàn đặt tour. Dịch vụ cho thuê xe đạp và xe hơi có thể được thu xếp tại đây.",6.7
1022,Hoianation Villas Hotel,Hội An,"Tọa lạc tại thành phố Hội An, cách Bảo tàng Lịch sử Hội An 2,5 km, Hoianation Villas Hotel có khu vườn, sân hiên và tầm nhìn ra hồ bơi. Khách sạn 4 sao này có bếp chung, dịch vụ phòng, tầm nhìn ra hồ nước, hồ bơi ngoài trời, lễ tân 24 giờ và WiFi miễn phí. Phòng nghỉ tại khách sạn được trang bị máy điều hòa, TV truyền hình vệ tinh màn hình phẳng, đầu đĩa DVD và phòng tắm riêng đi kèm vòi sen, máy sấy tóc cùng đồ vệ sinh cá nhân miễn phí. Chỗ ở có bàn làm việc và máy pha cà phê. Hoianation Villas Hotel phục vụ bữa sáng à la carte hoặc kiểu Mỹ. Chỗ nghỉ có sân chơi cho trẻ em. Trượt tuyết và đi xe đạp là hoạt động được ưa chuộng trong khu vực trong khi du khách cũng có thể thuê xe hơi tại Hoianation Villas Hotel. Làng Thanh Hà và Hội quán Triều Châu đều nằm cách khách sạn 3 km. Sân bay gần nhất là sân bay quốc tế Đà Nẵng, nằm trong bán kính 21 km từ Hoianation Villas Hotel, và chỗ nghỉ cung cấp dịch vụ đưa đón sân bay với một khoản phụ phí.",7.9
1027,Hai Duong Hotel,Vũng Tàu,"Tọa lạc tại thành phố Vũng Tàu, cách Bãi Sau 250 m và Bãi Dứa chưa đến 1 km, Hai Duong Hotel cung cấp chỗ nghỉ với sân hiên và WiFi miễn phí cũng như chỗ đỗ xe riêng miễn phí cho khách lái xe. Chỗ nghỉ này nằm trong bán kính 1,5 km từ Mũi Nghinh Phong, 2,8 km từ Bạch Dinh và 3,6 km từ Khu du lịch sinh thái Hồ Mây. Chỗ nghỉ cung cấp dịch vụ lễ tân 24 giờ và dịch vụ phòng cho khách. Tất cả các phòng tại khách sạn có máy điều hòa, TV truyền hình cáp màn hình phẳng, tủ lạnh, ấm đun nước, vòi sen, dép đi trong phòng và bàn làm việc. Mỗi phòng đều được trang bị ga trải giường và khăn tắm. Các điểm tham quan nổi tiếng gần Hai Duong Hotel bao gồm Bãi Trước, Tượng Chúa Kitô Vua và Ngọn hải đăng Vũng Tàu. Sân bay gần nhất là sân bay quốc tế Tân Sơn Nhất, nằm trong bán kính 72 km từ chỗ nghỉ.",7.2
1028,Dusit Princess Moonrise Beach Resort,Phú Quốc,"Chỗ nghỉ này có khu vực bãi biển riêng, quầy bar và vườn. Nơi đây cung cấp dịch vụ lễ tân 24 giờ, dịch vụ đưa đón sân bay, CLB trẻ em và WiFi miễn phí trong toàn bộ khuôn viên. Phòng nghỉ gắn máy điều hòa tại Dusit Princess Moonrise Beach Resort có bàn làm việc, ấm đun nước, minibar, két an toàn, TV màn hình phẳng, ban công và phòng tắm riêng với vòi xịt/chậu rửa vệ sinh. Các phòng được trang bị ga trải giường và khăn tắm. Chỗ nghỉ phục vụ bữa sáng kiểu lục địa hằng ngày. Dusit Princess Moonrise Beach Resort có sân hiên. Chùa Sùng Hưng nằm trong bán kính 4,4 km từ resort trong khi công viên giải trí Vinpearl Land Phú Quốc cách đó 26 km. Sân bay gần nhất là sân bay quốc tế Phú Quốc, cách Dusit Princess Moonrise Beach Resort 6 km.",8.0
1030,Adaline Hotel and Suite,Đà Nẵng,"Với hồ bơi ngoài trời và tầm nhìn ra cảnh biển, Adaline Hotel and Suite nằm tại thành phố Đà Nẵng thuộc Vùng Nam Trung Bộ, cách Cầu Sông Hàn 2,1 km. Khách có thể dùng bữa tại nhà hàng ngay trong khuôn viên. Khách sạn cung cấp miễn phí Wi-Fi cũng như chỗ đậu xe riêng trong khuôn viên. Mỗi phòng nghỉ tại khách sạn này đều có máy lạnh, TV màn hình phẳng và ấm đun nước. Ngoài ra còn có phòng tắm riêng. Dép, đồ vệ sinh cá nhân miễn phí và máy sấy tóc cũng được cung cấp để mang lại sự thoải mái cho khách. Khách sạn có lễ tân 24 giờ. Khách sạn cũng cung cấp dịch vụ cho thuê xe hơi và xe đạp. Trung tâm thương mại Indochina Riverside Mall cách Adaline Hotel and Suite 2,1 km trong khi Bảo tàng Chăm cách khách sạn này 2,2 km. Sân bay gần nhất là Sân bay Quốc tế Đà Nẵng, 5 km từ Adaline Hotel and Suite.",7.2
1031,PIANO HOTEL,TP. Hồ Chí Minh,"Trong số các tiện nghi của chỗ nghỉ này có nhà hàng, lễ tân 24 giờ, dịch vụ phòng và WiFi miễn phí. Chỗ nghỉ không gây dị ứng và nằm trong bán kính 400 m từ Bảo tàng Mỹ thuật. Phòng nghỉ gắn máy điều hòa tại PIANO HOTEL có bàn làm việc, ấm đun nước, tủ lạnh, minibar, két an toàn, TV màn hình phẳng và phòng tắm riêng với vòi xịt/chậu rửa vệ sinh. Các phòng được trang bị ga trải giường và khăn tắm. Khách lưu trú tại chỗ nghỉ có thể thưởng thức bữa sáng à la carte. Các điểm tham quan nổi tiếng gần PIANO HOTEL bao gồm Bến Nhà Rồng, Bảo tàng Thành phố Hồ Chí Minh và Trụ sở UBND Thành phố Hồ Chí Minh. Sân bay gần nhất là sân bay quốc tế Tân Sơn Nhất, cách khách sạn 13 km.",6.5
1032,Hai Anh Guesthouse,Phú Quốc,"Các phòng tại đây sạch sẽ và được bài trí đơn giản. Những khách lái xe có thể sử dụng tiện nghi đỗ xe miễn phí. Nhà khách giá cả phải chăng này chỉ cách Sân bay Quốc tế Phú Quốc một đoạn lái xe ngắn khoảng 6 km. Thác Tranh cách nơi nghỉ này khoảng 4 km trong khi Làng Chài Hàm Ninh cách đó chỉ 300 m. Mỗi phòng tại đây được trang bị truyền hình cáp, bộ khăn trải giường sạch sẽ và quạt. Phòng tắm riêng đi kèm với vòi sen và đồ vệ sinh cá nhân miễn phí. Hai Anh Guesthouse có quầy lễ tân 24 giờ và sân hiên ngoài trời. Các tiện nghi khác bao gồm sảnh khách chung, tiện nghi giặt là và khu vực bếp chung.",6.9
1035,Sapa Riverside Ecolodge & Spa,Sa Pa,"Tọa lạc tại thị xã Sa Pa, Sapa Riverside Ecolodge & Spa có nhà hàng, lễ tân 24 giờ, quầy bar, vườn, sân chơi cho trẻ em, sân hiên tắm nắng và tầm nhìn ra vườn. Chỗ nghỉ này cung cấp WiFi miễn phí trong toàn bộ khuôn viên. Một số căn tại đây được bố trí phòng tắm riêng đi kèm vòi xịt/chậu rửa vệ sinh, dép đi trong phòng, máy sấy tóc và đồ vệ sinh cá nhân miễn phí. Lodge này phục vụ bữa sáng kiểu lục địa hoặc bữa sáng à la carte. Sapa Riverside Ecolodge & Spa có Câu lạc bộ trẻ em. Chỗ nghỉ nằm cách Ga cáp treo Fansipan Legend 8 km và Núi Fansipan 12 km.",7.0
1042,SOCO Hotel,Đà Nẵng,"SOCO Hotel nằm ở vị trí thuận tiện, chỉ cách Sân bay Quốc tế Đà Nẵng 5 km. Với tầm nhìn tuyệt đẹp ra biển, nơi nghỉ có các phòng được trang bị nội thất thanh lịch với truy cập Wi-Fi miễn phí. Khách sạn nằm trong một tòa nhà hiện đại chỉ cách Bãi biển Mỹ Khê 100 m. Quý khách có thể ghé thăm Ngũ Hành Sơn, cách đó 6,1 km và Bãi biển Non Nước nổi tiếng, cách 6,5 km. Tươi sáng và đầy phong cách, các phòng máy lạnh tại đây được trang bị minibar, TV màn hình phẳng và khu vực tiếp khách. Phòng tắm riêng đi kèm máy sấy tóc và bồn tắm/vòi sen. Một số phòng nhìn ra biển còn số khác nhìn ra ngọn núi. Lễ tân 24 giờ sẽ sẵn lòng hỗ trợ quý khách với chỗ để hành lý cũng như tiện nghi đỗ xe miễn phí. Để thuận tiện cho quý khách nơi nghỉ có thể sắp xếp dịch vụ vận chuyển sân bay và dịch vụ đưa đón có tính phí. Quý khách cũng có thể sử dụng tiện nghi tổ chức hội họp và tiệc. Quý khách còn có thể nếm các bữa ăn kiểu Việt Nam truyền thống tại nhà hàng trong khuôn viên. Quầy bar có một loạt các loại cocktail và đồ uống có cồn khác để quý khách thưởng thức.",7.2
1046,Nhà nghỉ Hiếu,Vũng Tàu,"Homestay này có TV màn hình phẳng và phòng tắm riêng với dép đi trong phòng, máy sấy tóc cùng vòi xịt/chậu rửa vệ sinh. Để thêm phần thuận tiện cho du khách, chỗ nghỉ có thể cung cấp khăn tắm và ga trải giường với một khoản phụ phí. Nhà nghỉ Hiếu có sân hiên để khách thư giãn. Chỗ nghỉ nằm cách Bãi Trước 2,9 km và Mũi Nghinh Phong 5 km. Sân bay gần nhất là sân bay quốc tế Tân Sơn Nhất, nằm trong bán kính 105 km từ Nhà nghỉ Hiếu.",7.3
1053,Apus Hotel,Nha Trang,"Tọa lạc tại thành phố Nha Trang, cách Trung tâm Thuyền buồm Việt Nam 200 m, Apus Hotel cung cấp chỗ ở thoải mái và có hồ bơi ngoài trời cũng như nhà hàng. Khách sạn cung cấp Wi-Fi miễn phí trong toàn bộ tòa nhà, đồng thời có quầy lễ tân 24 giờ. Các phòng máy lạnh được bài trí trang nhã tại đây có TV truyền hình cáp, két an toàn (trong phòng), ấm đung nước điện và minibar. Các phòng tắm riêng đi kèm bồn tắm hoặc tiện nghi vòi sen, máy sấy tóc và đồ vệ sinh cá nhân miễn phí. Các phòng cho tầm nhìn ra quang cảnh thành phố. Tại Apus Hotel, nhân viên thân thiện có thể hỗ trợ khách với dịch vụ thu đổi ngoại tệ, dịch vụ giặt là và sắp xếp tour du lịch. Khách sạn cũng có tiện nghi phục vụ doanh nhân trong khi dịch vụ đưa đón sân bay có thể được cung cấp với một khoản phụ phí. Chỗ nghỉ này nằm trong bán kính 200 m từ CLB Thuyền buồm trong khi Bãi biển Nha Trang cách đó chỉ 300 m.",7.5
1055,HOSTIE SAIGON [WANDERLUST Home],TP. Hồ Chí Minh,"Tọa lạc tại Thành phố Hồ Chí Minh, cách Bảo tàng Mỹ thuật 1,8 km và Chợ ẩm thực đường phố Bến Thành 1,9 km, HOSTIE SAIGON [WANDERLUST Home] có quầy bar, sảnh khách chung, khu vườn và WiFi miễn phí. Chỗ nghỉ này có dịch vụ phòng và tiện nghi BBQ. Nơi đây cung cấp dịch vụ lễ tân 24 giờ, bếp chung và dịch vụ thu đổi ngoại tệ cho khách. Một số phòng nghỉ tại đây được bố trí khu vực bếp ăn với lò vi sóng, tủ lạnh và lò nướng. Khách sạn có sân hiên tắm nắng. Du khách có thể chơi bida và thuê xe đạp tại HOSTIE SAIGON [WANDERLUST Home]. Chỗ nghỉ nằm cách Công viên Tao Đàn 2 km và trung tâm thương mại Takashimaya Việt Nam 2,1 km. Sân bay gần nhất là sân bay quốc tế Tân Sơn Nhất, nằm trong bán kính 13 km từ HOSTIE SAIGON [WANDERLUST Home], và chỗ nghỉ cung cấp dịch vụ đưa đón sân bay với một khoản phụ phí.",7.3
1059,Seahorse Hotel & Office by HAVI,Đà Nẵng,"Tọa lạc tại vị trí đắc địa ở khu trung tâm thành phố Đà Nẵng, Seahorse Hotel & Office by HAVI nằm cách Bãi biển Thanh Bình 2,4 km, Bãi biển Mỹ Khê 2,5 km và Trung tâm thương mại Indochina Riverside 400 m. Chỗ nghỉ này có dịch vụ tiền sảnh và sân hiên. Khách sạn có hồ bơi ngoài trời, lễ tân 24 giờ và WiFi miễn phí trong toàn bộ khuôn viên. Một số phòng nghỉ tại đây có bếp với lò vi sóng, tủ lạnh và minibar. Khách nghỉ tại khách sạn có thể thưởng thức bữa sáng à la carte. Các điểm tham quan nổi tiếng gần Seahorse Hotel & Office by HAVI bao gồm Cầu Sông Hàn, Bảo tàng Chăm và Chợ Hàn. Sân bay gần nhất là sân bay quốc tế Đà Nẵng, cách đó 4,4 km, và chỗ nghỉ cung cấp dịch vụ đưa đón sân bay với một khoản phụ phí.",8.5
1062,Anh Phuong Hotel & Apartment,Đà Nẵng,"Tọa lạc tại thành phố Đà Nẵng, cách Bãi biển Mỹ Khê chưa đầy 1 km, Anh Phuong Hotel & Apartment cung cấp chỗ nghỉ bên bờ biển với vô số tiện nghi, chẳng hạn như nhà hàng và sân hiên. Khách sạn 3 sao này có dịch vụ tiền sảnh và bàn đặt tour. Chỗ nghỉ cung cấp dịch vụ lễ tân 24 giờ, dịch vụ phòng và dịch vụ thu đổi ngoại tệ cho khách. Các căn tại đây được trang bị máy điều hòa, TV truyền hình vệ tinh màn hình phẳng, tủ lạnh, ấm đun nước, vòi xịt/chậu rửa vệ sinh, dép đi trong phòng và bàn làm việc. Các phòng được bố trí phòng tắm riêng, máy sấy tóc và ga trải giường. Khách sạn phục vụ bữa sáng buffet hoặc bữa sáng à la carte. Các điểm tham quan nổi tiếng gần Anh Phuong Hotel & Apartment bao gồm Cầu Sông Hàn, Cầu khóa Tình yêu và Trung tâm thương mại Indochina Riverside. Sân bay gần nhất là sân bay quốc tế Đà Nẵng, cách đó 5 km, và chỗ nghỉ cung cấp dịch vụ đưa đón sân bay với một khoản phụ phí.",7.4
1063,Nhà Nghỉ Uyên Phương,Vũng Tàu,"Tọa lạc tại thành phố Vũng Tàu, cách Bãi Sau 600 m và Ngọn hải đăng Vũng Tàu chưa đầy 1 km, Nhà Nghỉ Phương Uyên cung cấp chỗ nghỉ với sân hiên cũng như chỗ đỗ xe riêng miễn phí cho khách lái xe. Trong số các tiện nghi của chỗ nghỉ này còn có nhà hàng, lễ tân 24 giờ, dịch vụ phòng và WiFi miễn phí. Khách sạn cung cấp các phòng gia đình. Khách sạn nằm gần các điểm tham quan nổi tiếng như Tượng Chúa Ki-tô Vua, Mũi Nghinh Phong và Bến tàu Cánh ngầm. Sân bay gần nhất là sân bay quốc tế Tân Sơn Nhất, nằm trong bán kính 71 km từ Nhà Nghỉ Phương Uyên, và chỗ nghỉ cung cấp dịch vụ đưa đón sân bay với một khoản phụ phí.",6.8
1065,Chez Mimosa Hoi An Blue Villa,Hội An,"Nằm tại thành phố Hội An, Hoi An ViVian Blue Villa có nhà hàng, lễ tân 24 giờ, quán bar, vườn, hồ bơi ngoài trời, sân hiên và tầm nhìn ra hồ bơi. Chỗ nghỉ này cung cấp WiFi miễn phí trong toàn bộ khuôn viên. Phòng nghỉ tại đây có khu vực ghế ngồi, truyền hình vệ tinh màn hình phẳng cũng như phòng tắm riêng với máy sấy tóc, chậu rửa vệ sinh (bidet) và vòi sen. Mỗi phòng đều được bố trí sân trong nhìn ra vườn. Khách nghỉ tại biệt thự có thể thưởng thức bữa sáng à la carte. Du khách cũng có thể thư giãn tại khu vực tiếp khách chung. Hoi An ViVian Blue Villa nằm cách Bãi biển An Bàng 2,9 km và Bảo tàng Lịch sử Hội An 2,8 km. Sân bay gần nhất là sân bay quốc tế Đà Nẵng, nằm trong bán kính 21 km từ chỗ nghỉ.",7.4
1066,Vela Phu Quoc Resort,Phú Quốc,"Vela Phu Quoc Resort tọa lạc cách Trung tâm Lặn biển Coco thuộc khu vực Bãi biển Ông Lãng ở thị trấn Dương Đông chỉ 5 km. Chỗ nghỉ cung cấp nhà hàng trong khuôn viên, nơi phục vụ một loạt các món ăn hợp khẩu vị của các thực khách quốc tế cũng như địa phương. Các điểm hấp dẫn du khách gồm có Dinh Cậu độc đáo hoặc quý khách có thể trải nghiệm hương vị địa phương ở Nhà máy Nước mắm, cả hai đều chỉ cách chỗ nghỉ 5 km. Sân bay Quốc tế Phú Quốc cách 18 km lái xe ngắn từ chỗ nghỉ. Tất cả các phòng đều có TV màn hình phẳng với các kênh truyền hình cáp và một số phòng nhất định còn bao gồm khu vực tiếp khách, nơi quý khách có thể thư giãn. Để thuận tiện cho quý khách, chỗ nghỉ cung cấp ấm đun nước trong mỗi phòng. Các phòng tắm riêng được trang bị bồn tắm/vòi sen. Áo choàng tắm, dép cùng đồ vệ sinh cá nhân miễn phí cũng được cung cấp. Quý khách sẽ hài lòng với bãi đỗ xe riêng miễn phí trong khuôn viên còn quầy lễ tân tại đây hoạt động 24/24. Vela Phu Quoc Resort có dịch vụ cho thuê xe đạp.",5.7
1067,Acnos Grand Hotel,TP. Hồ Chí Minh,"Với khu vườn, khách sạn nằm gần một số điểm tham quan nổi tiếng, cách Công viên Tao Đàn khoảng 200 m, Khu chợ Ẩm thực Đường phố Bến Thành 600 m và Dinh Thống Nhất 700 m. Chỗ nghỉ cung cấp dịch vụ lễ tân 24 giờ, dịch vụ phòng và dịch vụ thu đổi ngoại tệ cho khách. Khách sạn phục vụ bữa sáng buffet hằng ngày. Acnos Grand Hotel có sân hiên tắm nắng. Các điểm tham quan nổi tiếng gần chỗ nghỉ bao gồm Chợ Bến Thành, Bảo tàng Chứng tích Chiến tranh và Bảo tàng Mỹ thuật. Sân bay gần nhất là sân bay quốc tế Tân Sơn Nhất, cách Acnos Grand Hotel 7 km.",5.2
1070,Homestay Dalat 1900s,Đà Lạt,"Tọa lạc tại thành phố Đà Lạt thuộc tỉnh Lâm Đồng, cách Quảng trường Lâm Viên 1,2 km, Homestay Dalat 1900s cung cấp chỗ nghỉ với WiFi miễn phí, sân chơi cho trẻ em, khu vườn và chỗ đỗ xe riêng miễn phí. Chỗ nghỉ được bố trí bếp đầy đủ vật dụng và phòng tắm chung. Căn hộ cung cấp tiện nghi BBQ. Homestay Dalat 1900s còn có dịch vụ cho thuê xe hơi. Khách sạn nằm gần các điểm tham quan nổi tiếng như Hồ Xuân Hương, Công viên Yersin và Biệt thự Hằng Nga (Ngôi nhà điên). Sân bay gần nhất là sân bay Liên Khương, nằm trong bán kính 29 km từ Homestay Dalat 1900s, và chỗ nghỉ cung cấp dịch vụ đưa đón sân bay với một khoản phụ phí.",7.5
1074,May Hotel,Đà Nẵng,"Tọa lạc tại thành phố Đà Nẵng, cách Bãi biển Mỹ Khê 300 m, May Hotel cung cấp chỗ nghỉ bên bờ biển với nhiều tiện nghi như xe đạp cho khách sử dụng miễn phí và sân hiên. Khách sạn 2 sao này có dịch vụ tiền sảnh, bàn đặt tour, lễ tân 24 giờ, dịch vụ đưa đón sân bay, dịch vụ phòng và WiFi miễn phí trong toàn bộ khuôn viên. Phòng nghỉ tại đây được trang bị máy điều hòa, TV truyền hình cáp màn hình phẳng, minibar, ấm đun nước, vòi xịt/chậu rửa vệ sinh, dép và bàn làm việc. Tất cả các phòng đều có phòng tắm riêng, máy sấy tóc và ga trải giường. Bãi biển Bắc Mỹ An nằm trong bán kính 2,3 km từ khách sạn trong khi Cầu khóa Tình yêu cách đó 2 km. Sân bay gần nhất là sân bay quốc tế Đà Nẵng, cách May Hotel 6 km.",6.4
1075,Hanoi La Vision Hotel,Hà Nội,"Hanoi La Vision Hotel cung cấp chỗ nghỉ trong Khu Phố Cổ thuộc thành phố Hà Nội và cách Chợ Đồng Xuân nổi tiếng 5 phút đi bộ. Khách sạn có phòng giữ hành lý và lễ tân làm việc 24 giờ. Các phòng lắp máy điều hòa tại đây được trang bị Wi-Fi miễn phí, tủ lạnh mini, TV màn hình phẳng cũng như phòng tắm riêng đi kèm vòi sen và đồ vệ sinh cá nhân miễn phí. Hanoi La Vision Hotel cách Nhà hát múa rối nước Thăng Long 10 phút đi bộ và ga Hà Nội 20 phút đi bộ. Du khách đi xe 10 phút là tới được cả Bảo tàng và Lăng Chủ tịch Hồ Chí Minh cũng như Chùa Một Cột. Sân bay gần nhất là sân bay quốc tế Nội Bài, cách đó 45 phút lái xe.",5.6
1087,Hoa Nhat Lan Bungalow,Phú Quốc,"Tọa lạc tại thị trấn Dương Đông, Hoa Nhat Lan Bungalow có nhà hàng và truy cập Wi-Fi miễn phí. Mỗi phòng nghỉ tại đây đều có máy lạnh, sân hiên và minibar. Phòng tắm riêng đi kèm vòi sen, đồ vệ sinh cá nhân miễn phí và dép đi trong phòng. Du khách có thể thưởng ngoạn quang cảnh khu vườn từ phòng nghỉ. Trong phòng cũng có khu vực tiếp khách. Tại Hoa Nhat Lan Bungalow, du khách sẽ tìm thấy lễ tân 24 giờ và khu vườn. Dịch vụ đặt vé, bàn đặt tour và dịch vụ để hành lý cũng nằm trong số các tiện nghi được cung cấp tại đây. Nơi đây có chỗ đỗ xe miễn phí. Khách sạn nằm trong bán kính 300 m từ Nhà hàng Chez Carole, 1 km từ quán Coco Bar và 1 km từ Chợ Đêm Phú Quốc. Sân bay Quốc tế Phú Quốc cách đó 5 km.",7.3
1089,Sao Biển Hotel,Vũng Tàu,"Tọa lạc tại thành phố Vũng Tàu, cách Bãi Sau chưa đầy 1 km, Sao Biển Hotel có dịch vụ nhận phòng/trả phòng cấp tốc, phòng nghỉ không gây dị ứng, sảnh khách chung, WiFi miễn phí và khu vườn. Chỗ nghỉ này còn có phòng gia đình và sân hiên. Nơi đây cung cấp dịch vụ lễ tân 24 giờ, dịch vụ phòng và phòng giữ hành lý cho khách. Tất cả phòng nghỉ tại Sao Biển Hotel đều có máy điều hòa, TV truyền hình cáp màn hình phẳng, tủ lạnh, ấm đun nước, vòi xịt/chậu rửa vệ sinh, dép và tủ để quần áo. Các phòng được trang bị ga trải giường, khăn tắm và phòng tắm riêng với vòi sen cùng máy sấy tóc. Một số phòng còn được bố trí sân trong.  Các điểm tham quan nổi tiếng gần chỗ nghỉ bao gồm Bãi Dứa, Bãi Trước và Tượng Chúa Kitô Vua. Sân bay gần nhất là sân bay quốc tế Tân Sơn Nhất, cách Sao Biển Hotel 108 km.",7.9
1091,Cay Sao Resort,Phú Quốc,"Nằm trên đảo Phú Quốc, Cay Sao Resort có nhà hàng, xe đạp cho khách sử dụng miễn phí, hồ bơi ngoài trời và khu vườn. Resort 3 sao này có khu vực bãi biển riêng, dịch vụ phòng và WiFi miễn phí. Chỗ nghỉ không gây dị ứng và nằm cách Chùa Sùng Hưng 19 km. Tất cả phòng nghỉ tại resort đều được trang bị máy điều hòa, tủ lạnh, minibar, ấm đun nước, vòi xịt/chậu rửa vệ sinh, dép và tủ để quần áo. Các phòng có tầm nhìn ra hồ bơi và phòng tắm riêng với vòi sen cùng máy sấy tóc. Cay Sao Resort phục vụ bữa sáng à la carte hằng ngày. Chỗ nghỉ có sân hiên. Khách lưu trú tại Cay Sao Resort có thể tham gia các hoạt động trong và xung quanh đảo Phú Quốc, như đi xe đạp. Công viên giải trí Vinpearl Land Phú Quốc và Sòng bạc Corona đều nằm cách resort 38 km. Sân bay gần nhất là sân bay quốc tế Phú Quốc, nằm trong bán kính 14 km từ Cay Sao Resort, và chỗ nghỉ cung cấp dịch vụ đưa đón sân bay với một khoản phụ phí.",8.5
1093,Gecko House,Phú Quốc,"Gecko House cung cấp chỗ nghỉ tại thị trấn Dương Đông với Wi-Fi miễn phí ở mọi khu vực. Chỗ nghỉ có một hồ bơi ngoài trời và nhà hàng trong khuôn viên. Nhìn ra bể bơi, các phòng gắn điều hòa tại đây có khu vực phòng ăn và khu vực ghế ngồi với TV màn hình phẳng. Tủ lạnh và ấm đun nước cũng được trang bị. Một số chỗ phòng còn đi kèm bếp với bếp nấu cùng tủ lạnh mini. Nơi nghỉ cũng cung cấp chỗ đậu xe riêng miễn phí. Dịch vụ cho thuê xe hơi được sắp xếp khi khách yêu cầu. Bảo tàng Cội Nguồn cách chỗ nghỉ 600 m trong khi chùa Sư Muôn cách đó 2,8 km. Sân bay quốc tế Phú Quốc cách Gecko House 5 km.",8.4
1096,Tuan Thuy Hotel,Đà Lạt,"Tọa lạc ở thành phố Đà Lạt, cách Vườn hoa Đà Lạt 2,4 km và Quảng trường Lâm Viên 2,5 km, Tuan Thuy Hotel cung cấp chỗ nghỉ với sảnh khách chung và WiFi miễn phí cũng như chỗ đỗ xe riêng miễn phí cho khách lái xe. Chỗ nghỉ này có các phòng gia đình và sân hiên. Nơi đây cung cấp dịch vụ lễ tân 24 giờ, dịch vụ phòng và tổ chức các tour du lịch cho khách. Tất cả phòng nghỉ tại khách sạn đều được trang bị TV truyền hình cáp màn hình phẳng, ấm đun nước, vòi sen, dép và bàn làm việc. Một số phòng có ban công và tầm nhìn ra quang cảnh thành phố trong khi các phòng được bố trí phòng tắm riêng cùng tủ để quần áo. Tuan Thuy Hotel nằm trong bán kính 2,7 km từ Hồ Xuân Hương và 2,8 km từ Công viên Yersin. Sân bay gần nhất là sân bay Liên Khương, cách đó 30 km, và chỗ nghỉ cung cấp dịch vụ đưa đón sân bay với một khoản phụ phí.",7.6
1098,Kon-Tiki DaNang Hostel,Đà Nẵng,"Tọa lạc tại thành phố Đà Nẵng, nằm trong bán kính 1,7 km từ Bãi biển Mỹ Khê và 200 m từ Cầu tàu Tình yêu, Kon-Tiki DaNang Hostel cung cấp chỗ nghỉ với sảnh khách chung, WiFi miễn phí trong toàn bộ khuôn viên cũng như chỗ đỗ xe riêng miễn phí cho khách lái xe. Hostel này có bàn đặt tour và sân hiên. Chỗ nghỉ cũng cung cấp dịch vụ lễ tân 24 giờ, dịch vụ phòng và dịch vụ thu đổi ngoại tệ cho khách. Phòng nghỉ tại hostel được trang bị máy điều hòa, bếp nấu, máy nướng bánh mỳ, ấm đun nước, chậu rửa vệ sinh (bidet), máy sấy tóc và bàn làm việc. Phòng tắm riêng đi kèm vòi sen và đồ vệ sinh cá nhân miễn phí. Bảo tàng Chăm và Cầu Sông Hàn đều nằm cách hostel 1,5 km. Sân bay gần nhất là sân bay quốc tế Đà Nẵng, nằm trong bán kính 4 km từ Kon-Tiki DaNang Hostel.",7.0
1099,"HOMESTAY BAI SAU VŨNG TAU homestay decor dep, sang trong va thoai mai",Vũng Tàu,"Tọa lạc tại thành phố Vũng Tàu, cách Bãi Sau 250 m, HOMESTAY BAI SAU VŨNG TAU homestay decor dep, sang trong va thoai mai cung cấp chỗ nghỉ với nhà hàng, WiFi miễn phí, lễ tân 24 giờ và bếp chung. Căn hộ này có chỗ đỗ xe riêng miễn phí và dịch vụ phòng. Căn hộ này đi kèm 4 phòng ngủ, 3 phòng tắm, ga trải giường, khăn tắm, TV truyền hình vệ tinh màn hình phẳng, khu vực ăn uống, bếp đầy đủ tiện nghi và sân trong nhìn ra thành phố. HOMESTAY BAI SAU VŨNG TAU homestay decor dep, sang trong va thoai mai có sân hiên tắm nắng, tiện nghi BBQ và sảnh khách chung. Các điểm tham quan nổi tiếng gần chỗ nghỉ bao gồm Bãi Dứa, Bãi Trước và Tượng Chúa Kitô Vua. Sân bay gần nhất là sân bay quốc tế Tân Sơn Nhất, nằm trong bán kính 72 km từ HOMESTAY BAI SAU VŨNG TAU homestay decor dep, sang trong va thoai mai.",8.3
1113,Jolie House,Đà Lạt,"Tọa lạc ở thành phố Đà Lạt thuộc tỉnh Lâm Đồng, cách CLB chơi golf Đà Lạt Palace 1,4 km, Jolie House cung cấp chỗ nghỉ với WiFi miễn phí, tiện nghi BBQ, sân hiên và chỗ đỗ xe riêng miễn phí. Mỗi căn tại đây đều có khu vực bếp ăn đi kèm lò vi sóng và tủ lạnh, két an toàn, TV truyền hình cáp màn hình phẳng, tiện nghi ủi, bàn làm việc cũng như khu vực ghế ngồi với ghế sofa. Tất cả các căn được bố trí phòng tắm riêng với vòi xịt/chậu rửa vệ sinh, dép đi trong phòng, máy sấy tóc và đồ vệ sinh cá nhân miễn phí. Biệt thự cung cấp cả dịch vụ cho thuê xe đạp lẫn xe hơi trong khi du khách có thể đi câu cá ở khu vực gần đó. Jolie House nằm trong bán kính 2,1 km từ Vườn hoa Đà Lạt và 3,8 km từ Hồ Xuân Hương. Sân bay gần nhất là sân bay Liên Khương, cách đó 32 km, và chỗ nghỉ cung cấp dịch vụ đưa đón sân bay với một khoản phụ phí.",7.3
1119,Andy's House,TP. Hồ Chí Minh,"Tọa lạc tại Thành phố Hồ Chí Minh, cách Bảo tàng Mỹ thuật 1,6 km, Andy's House cung cấp chỗ nghỉ không gây dị ứng với sảnh khách chung, chỗ đỗ xe riêng miễn phí, khu vườn, sân hiên và WiFi miễn phí. Hostel này nằm trong bán kính 2,1 km từ Chợ ẩm thực đường phố Bến Thành, 2,2 km từ Công viên Tao Đàn và 1,9 km từ trung tâm thương mại Takashimaya Việt Nam. Phòng nghỉ tại Andy's House được trang bị bàn làm việc và ấm đun nước. Một số phòng có khu vực bếp ăn với tủ lạnh, bếp nấu và máy nướng bánh mỳ. Tất cả các phòng đều được cung cấp ga trải giường và khăn tắm. Khách lưu trú tại chỗ nghỉ có thể tham gia các hoạt động trong và xung quanh Thành phố Hồ Chí Minh, như đi xe đạp. Andy's House nằm cách Bảo tàng Thành phố Hồ Chí Minh 2,4 km và Chợ Bến Thành 2,7 km. Sân bay gần nhất là sân bay quốc tế Tân Sơn Nhất, cách hostel 14 km.",6.5
1122,New Life Hotel - Da Lat,Đà Lạt,"Tọa lạc tại thành phố Đà Lạt, cách Công viên Yersin 2,2 km, New Life Hotel - Da Lat cung cấp chỗ nghỉ với nhà hàng, chỗ đỗ xe riêng miễn phí, quán bar và sảnh khách chung. Khách sạn 3 sao này có WiFi miễn phí, vườn và sân hiên. Chỗ nghỉ cung cấp dịch vụ lễ tân 24 giờ, dịch vụ phòng và dịch vụ thu đổi ngoại tệ cho khách. Phòng nghỉ của khách sạn được trang bị tủ để quần áo. Khách nghỉ tại New Life Hotel - Da Lat có thể thưởng thức bữa sáng kiểu lục địa. Hồ Xuân Hương nằm trong bán kính 2,4 km từ chỗ nghỉ trong khi Quảng trường Lâm Viên cách đó 2,6 km.",7.3
1126,Lotus Central Hotel & SkyBar,TP. Hồ Chí Minh,"Tọa lạc ở Thành phố Hồ Chí Minh, Lotus Central Hotel & SkyBar có nhà hàng, hồ bơi ngoài trời, trung tâm thể dục và quán bar. Trong số các tiện nghi tại khách sạn này còn có bàn đặt tour, phòng giữ hành lý và WiFi miễn phí trong toàn bộ khuôn viên. Chỗ nghỉ cũng có lễ tân 24 giờ, dịch vụ phòng và dịch vụ thu đổi ngoại tệ cho khách. Khách sạn cũng cung cấp bữa sáng à la carte. Lotus Central Hotel & SkyBar còn có trung tâm dịch vụ doanh nhân cùng máy fax và máy photocopy. Du khách có thể thư giãn trên sân hiên tắm nắng. Các điểm tham quan nổi tiếng gần khách sạn gồm có Bảo tàng mỹ thuật, trung tâm thương mại Takashimaya Việt Nam và Chợ ẩm thực đường phố Bến Thành. Sân bay gần nhất là sân bay quốc tế Tân Sơn Nhất, cách Lotus Central Hotel & SkyBar 13 km. Chỗ nghỉ cung cấp dịch vụ đưa đón sân bay có tính phí.",7.3
1130,Ngan Ha 2 Apartments,TP. Hồ Chí Minh,"Ngan Ha 2 Apartments tọa lạc tại thành phố Hồ Chí Minh, cách trung tâm mua sắm SC VivoCity 700 m và có Wi-Fi cùng chỗ đỗ xe riêng miễn phí trong khuôn viên. Một số chỗ nghỉ có máy điều hoà và khu vực ghế ngồi với ổ cắm cho iPod, bếp được trang bị lò nướng, lò vi sóng và tủ lạnh. Khu vực xung quanh chỗ nghỉ có nhiều lựa chọn ăn uống. Du khách có thể đi đến cửa hàng tiện lợi nằm ngay bên đường chỗ nghỉ. Ngan Ha 2 Apartments cách Trung tâm hội nghị và triển lãm Sài Gòn 1,4 km và Bảo tàng tranh 3D Artinus 1,9 km. Sân bay gần nhất là sân bay quốc tế Tân Sơn Nhất, cách chỗ nghỉ 11 km.",8.1
1131,Hoian Village Villa,Hội An,"Chỗ nghỉ này có hồ bơi, sảnh khách chung, khu vườn và tầm nhìn ra khu vườn. Tất cả biệt thự tại đây đều có sân trong, máy điều hòa, khu vực ăn uống và khu vực ghế ngồi với TV truyền hình cáp màn hình phẳng. Chỗ nghỉ còn được bố trí phòng tắm riêng với vòi sen, máy sấy tóc và đồ vệ sinh cá nhân miễn phí. Biệt thự phục vụ bữa sáng kiểu Á và bữa sáng chay hàng ngày. Hoian Village Villa có sân hiên. Chỗ nghỉ nằm gần các điểm tham quan nổi tiếng như Bảo tàng Lịch sử Hội An, Hội quán Triều Châu và Hội quán Quảng Đông. Sân bay gần nhất là sân bay quốc tế Đà Nẵng, cách đó 22 km, và Hoian Village Villa cung cấp dịch vụ đưa đón sân bay với một khoản phụ phí.",7.0
1132,Seaholic Apartment Central,Nha Trang,"Tọa lạc tại thành phố Nha Trang, cách Bãi đá Hòn Chồng 1,7 km và Bảo tàng Alexandre Yersin chưa đầy 1 km, Seaholic Apartment Central cung cấp chỗ nghỉ với WiFi miễn phí, máy điều hòa, nhà hàng và sảnh khách chung. Chỗ nghỉ này có chỗ đỗ xe riêng ngay trong khuôn viên. Căn hộ có ban công, tầm nhìn ra hồ nước, khu vực ghế ngồi, TV truyền hình cáp màn hình phẳng, bếp đầy đủ tiện nghi với lò vi sóng cùng tủ lạnh cũng như phòng tắm riêng đi kèm chậu rửa vệ sinh (bidet) và máy sấy tóc. Chỗ ở cũng được trang bị bếp nấu và ấm đun nước. Các điểm tham quan nổi tiếng gần Seaholic Apartment Central bao gồm Bảo tàng Khánh Hòa, Chợ Đầm và Trung tâm mua sắm Nha Trang Centre. Sân bay gần nhất là sân bay quốc tế Cam Ranh, cách đó 28 km, và chỗ nghỉ cung cấp dịch vụ đưa đón sân bay với một khoản phụ phí.",7.8
1135,Hoi An Ivy Hotel,Hội An,"Tọa lạc tại thành phố Hội An, cách Chùa Cầu Nhật Bản 600 m, Hoi An Ivy Hotel có quầy bar, khu vườn và tầm nhìn ra quang cảnh dòng sông. Trong số các tiện nghi của chỗ nghỉ này có nhà hàng, lễ tân 24 giờ, dịch vụ phòng và WiFi miễn phí trong toàn bộ khuôn viên. Khách sạn cung cấp phòng gia đình. Phòng nghỉ của khách sạn có khu vực ghế ngồi, truyền hình vệ tinh màn hình phẳng, phòng tắm riêng với máy sấy tóc và vòi sen, Chỗ ở tại Hoi An Ivy Hotel được trang bị máy điều hòa và bàn làm việc. Chỗ nghỉ có sân hiên. Khách nghỉ tại Hoi An Ivy Hotel có thể tham gia các hoạt động trong và xung quanh thành phố Hội An, như đạp xe. Các điểm tham quan nổi tiếng gần khách sạn bao gồm Hội quán Quảng Đông, Bảo tàng Lịch sử Hội An và Hội quán Triều Châu. Sân bay gần nhất là sân bay quốc tế Đà Nẵng, cách Hoi An Ivy Hotel 23 km, và chỗ nghỉ cung cấp dịch vụ đưa đón sân bay với một khoản phụ phí.",6.7
1136,Moc Tra Hotel,Đà Lạt,"Tọa lạc tại thành phố Đà Lạt, cách Quảng trường Lâm Viên 1,5 km và Hồ Xuân Hương 1,7 km, Moc Tra Hotel cung cấp chỗ nghỉ với sảnh khách chung và WiFi miễn phí trong toàn bộ khuôn viên cũng như chỗ đỗ xe riêng miễn phí cho khách lái xe. Chỗ nghỉ này có các phòng gia đình và sân hiên. Chỗ nghỉ cung cấp dịch vụ lễ tân 24 giờ, dịch vụ phòng và dịch vụ thu đổi ngoại tệ cho khách. Tất cả phòng nghỉ tại Moc Tra Hotel đều được bố trí khu vực ghế ngồi, TV truyền hình cáp màn hình phẳng, ấm đun nước và phòng tắm riêng với dép cùng vòi xịt/chậu rửa vệ sinh. Một số phòng có ban công. Mỗi phòng đều được trang bị ga trải giường và khăn tắm. Các điểm tham quan nổi tiếng gần Moc Tra Hotel bao gồm Công viên Yersin, Biệt thự Hằng Nga (Ngôi nhà điên) và Dinh Bảo Đại. Sân bay gần nhất là sân bay Liên Khương, nằm trong bán kính 29 km từ khách sạn, và chỗ nghỉ cung cấp dịch vụ đưa đón sân bay với một khoản phụ phí.",8.3
1139,Fivitel Boutique Da Nang,Đà Nẵng,"Nằm ở thành phố Đà Nẵng, cách Bãi biển Thanh Bình 2,3 km, Fivitel Boutique Da Nang có dịch vụ nhận phòng/trả phòng cấp tốc, phòng nghỉ, quầy bar, WiFi miễn phí và sân hiên. Khách sạn này có nhà hàng, hồ bơi ngoài trời, hồ bơi trong nhà, trung tâm thể dục, Chỗ nghỉ có lễ tân 24 giờ, CLB trẻ em và dịch vụ thu đổi ngoại tệ cho khách. Phòng nghỉ tại Fivitel Boutique Da Nang được trang bị máy điều hòa, tủ để quần áo, ấm đun nước, minibar, két an toàn, TV màn hình phẳng và phòng tắm riêng với vòi sen. Các phòng đi kèm ga trải giường và khăn tắm. Khách lưu trú tại chỗ nghỉ có thể thưởng thức bữa sáng buffet. Fivitel Boutique Da Nang cũng cung cấp dịch vụ văn phòng và du khách có thể sử dụng máy fax cũng như máy photocopy tại khách sạn. Các điểm tham quan nổi tiếng gần Fivitel Boutique Da Nang bao gồm Bảo tàng Chăm, Trung tâm thương mại Indochina Riverside và Cầu Sông Hàn. Sân bay gần nhất là sân bay quốc tế Đà Nẵng, cách đó 4 km, và chỗ nghỉ cung cấp dịch vụ đưa đón sân bay với một khoản phụ phí.",8.3
1143,Mây Homestay Vũng Tàu- Căn hộ Melody Vũng Tàu,Vũng Tàu,"Nằm cách Bãi Sau 550 m, Mây Homestay Vũng Tàu- Căn hộ Melody Vũng Tàu có sảnh khách chung, sân hiên cũng như chỗ nghỉ gắn máy điều hòa với ban công và WiFi miễn phí. Căn hộ này có sân trong, tầm nhìn ra hồ nước, khu vực ghế ngồi, TV truyền hình cáp màn hình phẳng, khu vực bếp ăn đầy đủ tiện nghi đi kèm tủ lạnh và bếp nấu cũng như phòng tắm riêng với vòi sen cùng dép đi trong phòng. Du khách có thể đi bộ đường dài để khám phá khu vực xung quanh. Các điểm tham quan nổi tiếng gần Mây Homestay Vũng Tàu- Căn hộ Melody Vũng Tàu bao gồm Bãi Dứa, Bãi Trước và Tượng Chúa Kitô Vua. Sân bay gần nhất là sân bay quốc tế Tân Sơn Nhất, nằm trong bán kính 108 km từ chỗ nghỉ.",7.9
1146,Hotel Royal Hoi An - MGallery,Hội An,"Quý khách có thể thư giãn với một ly cocktail và chiêm ngưỡng cảnh hoàng hôn tuyệt đẹp tại quán The Deck Hoi An, quán bar trên tầng mái cao nhất của thành phố. Khách sạn trang bị Wi-Fi cho toàn khuôn viên. Các phòng và suite tại đây được bài trí trang nhã và có hướng nhìn ra sông Thu Bồn và thành phố Hội An. Tất cả các phòng đều được trang bị máy điều hòa, TV màn hình phẳng, minibar và phòng tắm riêng Dép và đồ vệ sinh cá nhân miễn phí cũng được cung cấp để tạo sự thoải mái cho du khách. Khách sạn boutique sang trọng này cung cấp dịch vụ lễ tân 24 giờ, nơi du khách có thể được hỗ trợ sắp xếp dịch vụ giữ trẻ và cho thuê xe đạp miễn phí. Du khách có thể ghé vào cửa hàng quà tặng ở khách sạn để tìm những món quà lưu niệm độc đáo hoặc chỉ đơn giản là thư giãn với các liệu pháp spa tại Woosah Spa. Quán Faifo Café phục vụ các món ăn đậm chất Việt Nam đa dạng cùng nhiều món ăn quốc tế ngon miệng. Du khách cũng có thể thưởng thức ẩm thực Nhật Bản với các món sushi và yakitori. Với vị trí thuận tiện của khách sạn, khách lưu trú tại Hotel Royal Hoi An - MGallery by Sofitel dễ dàng đến thăm các điểm tham quan chính của thành phố như Phố cổ Hội An, Chùa cầu Nhật Bản, Nhà cổ Tấn Ký và Làng rau Trà Quế. Sân bay quốc tế Đà Nẵng cách đó 23 km.",6.9
1151,Beach Hotel,Đà Nẵng,"Tọa lạc tại thành phố Đà Nẵng, cách Bãi biển Mỹ Khê 400 m và Bãi biển Bắc Mỹ An chưa đầy 1 km, Beach Hotel cung cấp chỗ nghỉ với sảnh khách chung và WiFi miễn phí trong toàn bộ khuôn viên cũng như chỗ đỗ xe riêng miễn phí cho khách lái xe. Khách sạn 3 sao này có dịch vụ tiền sảnh, bàn đặt tour, lễ tân 24 giờ, dịch vụ phòng và dịch vụ thu đổi ngoại tệ cho khách. Mỗi phòng nghỉ tại khách sạn đều được trang bị máy điều hòa, TV truyền hình vệ tinh màn hình phẳng, tủ lạnh, ấm đun nước, vòi sen, dép và bàn làm việc. Một số phòng có ban công và tầm nhìn ra quang cảnh thành phố. Tất cả phòng sử dụng phòng tắm chung. Các phòng được bố trí tủ để quần áo, phòng tắm riêng, máy sấy tóc và ga trải giường. Beach Hotel có hồ bơi trong nhà. Cầu khóa Tình yêu nằm cách chỗ nghỉ 3 km trong khi Bảo tàng Chăm cách đó 3,7 km. Sân bay gần nhất là sân bay quốc tế Đà Nẵng, nằm trong bán kính 7 km từ Beach Hotel, và chỗ nghỉ cung cấp dịch vụ đưa đón sân bay với một khoản phụ phí.",7.6
1153,Local White House - Ecofriendly Homestay,Đà Nẵng,"Nằm cách Công viên Châu Á 5 km, ""Local White House - Ecofriendly Homestay"" cung cấp chỗ nghỉ với sảnh khách chung, vườn và lễ tân 24 giờ để tạo thuận tiện cho khách. Chỗ nghỉ này có WiFi miễn phí. Các căn hộ tại đây có ban công, máy điều hòa, TV màn hình phẳng và phòng tắm riêng đi kèm chậu rửa vệ sinh (bidet) cùng đồ vệ sinh cá nhân miễn phí. Tất cả căn hộ đều được bố trí khu vực tiếp khách và ăn uống. Căn hộ có sân hiên. ""Local White House - Ecofriendly Homestay"" cung cấp dịch vụ cho thuê xe đạp và xe hơi. Chỗ nghỉ nằm trong bán kính 7 km từ Bảo tàng Chăm và 8 km từ Trung tâm thương mại Indochina Riverside. Sân bay gần nhất là sân bay quốc tế Đà Nẵng, cách ""Local White House - Ecofriendly Homestay"" 6 km.",7.0
1158,Ocean Breeze Villa,Hội An,"Chỗ nghỉ có khu vực bãi biển riêng, hồ bơi trong nhà và sảnh chung. Tất cả phòng tại đây đều được trang bị máy điều hòa và TV truyền hình cáp màn hình phẳng. Phần lớn các phòng đều có ban công/sân hiên riêng kèm bàn ghế ngoài trời. Phòng tắm riêng có vòi sen và đồ vệ sinh cá nhân miễn phí. Chỗ nghỉ nhà dân này phục vụ bữa sáng kiểu lục địa hàng ngày. Ocean Breeze Villa cách Phố Cổ Hội An 3,7 km và sân bay quốc tế Đà Nẵng 22 km.",8.2
1162,THANHMAI HOMESTAY,Đà Nẵng,"Chỗ nghỉ bên bờ biển này có sân trong và chỗ đỗ xe riêng miễn phí. Nhà nghỉ dưỡng này được bố trí 4 phòng ngủ, khu vực bếp ăn với lò vi sóng và tủ lạnh, TV màn hình phẳng, khu vực ghế ngồi cũng như 3 phòng tắm đi kèm bồn nước nóng. Nhà nghỉ dưỡng cung cấp khăn tắm và ga trải giường cho khách. Du khách được thoải mái sử dụng bồn tắm kiểu Thổ Nhĩ Kỳ tại nhà nghỉ dưỡng. THANHMAI HOMESTAY có sân chơi cho trẻ em và sân hiên. Chỗ nghỉ nằm cách Trung tâm thương mại Indochina Riverside 3 km và Cầu khóa Tình yêu 3,1 km. Sân bay gần nhất là sân bay quốc tế Đà Nẵng, nằm trong bán kính 7 km từ THANHMAI HOMESTAY.",8.0
1164,LADALAT Hotel,Đà Lạt,"Tọa lạc tại thành phố Đà Lạt, LADALAT Hotel có nhà hàng, trung tâm thể dục, quầy bar và sảnh khách chung. Khách sạn 5 sao này có WiFi miễn phí, CLB trẻ em và bàn đặt tour. Chỗ nghỉ cung cấp dịch vụ lễ tân 24 giờ, dịch vụ phòng và dịch vụ thu đổi ngoại tệ cho khách. Mỗi phòng nghỉ tại khách sạn đều được trang bị tủ để quần áo, TV màn hình phẳng, phòng tắm riêng, ga trải giường và khăn tắm. Tất cả các phòng có ấm đun nước trong khi một số phòng đi kèm bếp với lò vi sóng, tủ lạnh cùng lò nướng. Tất cả các căn được bố trí két an toàn. LADALAT Hotel phục vụ bữa sáng kiểu Á hàng ngày. Khách sạn cung cấp chỗ nghỉ 5 sao có hồ bơi trong nhà và sân chơi cho trẻ em. LADALAT Hotel nằm cách Vườn hoa Đà Lạt 3,6 km và sân golf Dalat Palace Golf Club 4,2 km. Sân bay gần nhất là sân bay Liên Khương, nằm trong bán kính 33 km từ khách sạn, và chỗ nghỉ cung cấp dịch vụ đưa đón sân bay với một khoản phụ phí.",6.1
1167,TrangTien Hostel,Hà Nội,"Tọa lạc tại một vị trí lý tưởng ở trung tâm thành phố Hà Nội, TrangTien Hostel có phòng nghỉ gắn máy điều hòa, sảnh khách chung và WiFi miễn phí. Khách sạn con nhộng này nằm trong bán kính khoảng 1,1 km từ Nhà Thờ Lớn, 1,4 km từ Hồ Hoàn Kiếm và 1,7 km từ Chợ Đồng Xuân. Chỗ nghỉ có bếp chung, dịch vụ phòng và dịch vụ thu đổi ngoại tệ cho khách. Tất cả phòng nghỉ tại đây đều được trang bị tủ để quần áo và ấm đun nước. Các địa danh nổi tiếng gần khách sạn con nhộng này bao gồm Nhà Hát Lớn Hà Nội, trung tâm thương mại Tràng Tiền Plaza và Nhà hát múa rối nước Thăng Long. Sân bay gần nhất là sân bay quốc tế Nội Bài, cách TrangTien Hostel 22 km.",8.1
1169,Hoi An Green Channel Homestay,Hội An,"Tọa lạc ở thành phố Hội An, cách Hội quán Triều Châu 700 m và Bảo tàng Lịch sử Hội An 1,3 km, Hoi An Green Channel Homestay cung cấp chỗ nghỉ có WiFi miễn phí, máy điều hòa và khu vườn với sân hiên. Tất cả phòng nghỉ tại đây đều có khu vực ghế ngồi, truyền hình cáp màn hình phẳng và phòng tắm riêng với đồ vệ sinh cá nhân miễn phí cùng vòi sen. Tủ lạnh và ấm đun nước cũng được trang bị trong phòng. Homestay này cung cấp dịch vụ cho thuê xe đạp trong khi du khách có thể đạp xe dạo chơi gần đó. Các điểm tham quan nổi tiếng gần Hoi An Green Channel Homestay gồm có Chùa Cầu Nhật Bản, Hội quán Quảng Đông và Hội quán Hải Nam. Sân bay gần nhất là sân bay quốc tế Đà Nẵng, cách đó 29 km, và chỗ nghỉ cung cấp dịch vụ đưa đón sân bay với một khoản phụ phí.",7.7
1170,Sea Star Resort,Phú Quốc,"Resort nằm trong bán kính 1 km từ Chợ Đêm Phú Quốc và Dinh Cậu. Các phòng nghỉ máy lạnh tại đây có sàn lát gạch, giá treo quần áo, minibar, điện thoại và TV truyền hình vệ tinh. Phòng tắm riêng đi kèm tiện nghi vòi sen, máy sấy tóc, dép và đồ vệ sinh cá nhân miễn phí. Nhân viên thân thiện tại Sea Star Resort có thể hỗ trợ du khách với dịch vụ thu đổi ngoại tệ, giặt thường, giặt hấp và dịch vụ đặt vé. Các dịch vụ mát-xa và hoạt động du lịch có thể được bố trí theo yêu cầu. Dịch vụ đưa/đón sân bay cũng được cung cấp cho khách. Sân bay Quốc tế Phú Quốc cách đó khoảng 6 km.",7.7
1171,Minh Toàn Homestay,Đà Lạt,"Khách sạn 1 sao này có quầy bar, lễ tân 24 giờ, dịch vụ phòng và WiFi miễn phí. Khách sạn cung cấp các phòng gia đình. Một số căn tại khách sạn có ban công và phòng tắm riêng. Minh Toàn Homestay nằm cách Công viên Yersin 2,4 km và Vườn hoa Đà Lạt 3,6 km. Sân bay gần nhất là sân bay Liên Khương, nằm trong bán kính 30 km từ chỗ nghỉ.",7.0
1175,Sac Xanh Homestay,Hội An,"Tọa lạc tại thành phố Hội An, Sac Xanh Homestay cung cấp chỗ ở yên tĩnh và thoải mái với truy cập Wi-Fi miễn phí trong toàn bộ khuôn viên nơi nghỉ này. Nơi đây có quầy lễ tân 24 giờ, khu vườn, khu vực ăn uống/tiếp khách chung và tiện nghi bếp chung. Các phòng máy lạnh tại đây có sàn lát gạch, tủ quần áo, màn chống muỗi, truyền hình cáp màn hình phẳng, minibar và khu vực tiếp khách. Phòng tắm riêng đi kèm bồn tắm hoặc vòi sen, dép và đồ vệ sinh cá nhân miễn phí. Tại Sac Xanh Homestay, nhân viên thân thiện có thể hỗ trợ khách với các dịch vụ giữ hành lý, thu đổi ngoại tệ và giặt là. Dịch vụ đưa đón, vận chuyển sân bay và thu xếp tour du lịch cũng có thể được cung cấp tại nơi nghỉ này. Chỗ ở này cách Cầu Nhật Bản 1,5 km và Hội Quán Quảng Đông Trung Quốc 1,6 km. Sân bay Quốc tế Đà Nẵng cách đó khoảng 21 km.",6.1
1178,BÌNH AN 3 HOTEL,Đà Lạt,"Khách sạn 1 sao này cung cấp WiFi miễn phí. Du khách có thể thưởng ngoạn quang cảnh thành phố từ chỗ nghỉ. Phòng nghỉ tại khách sạn được trang bị TV, tủ để quần áo và phòng tắm riêng với máy sấy tóc.  BÌNH AN 3 HOTEL nằm cách Hồ Xuân Hương 2,2 km. Sân bay gần nhất là sân bay Liên Khương, nằm trong bán kính 21 km từ chỗ nghỉ.",8.5
1179,Tristar Hotel,Nha Trang,"Tristar Hotel là một khách sạn hiện đại nằm ở trung tâm thành phố. Với tầm nhìn ra quang cảnh biển tuyệt đẹp, khách sạn còn cung cấp truy cập Wi-Fi miễn phí và tiện nghi bãi đỗ xe miễn phí. Nằm trong bán kính chỉ 300 m từ Bãi biển Công cộng Nha Trang, Tristar Hotel cách Ga Nha Trang 500 m. Khách sạn cung cấp dịch vụ đưa/đón sân bay có tính phí đến Sân bay Quốc tế Cam Ranh cách đó 45 phút. Với lối trang trí đẹp mắt và nội thất trang nhã, các phòng được trang bị truyền hình cáp màn hình phẳng, không gian làm việc rộng rãi cùng tiện nghi pha trà/cà phê. Tiện nghi phòng tắm tại đây là riêng. Du khách có thể sử dụng dịch vụ cho thuê xe hơi và xe máy để đi khám phá khu vực xung quanh. Khách sạn còn cung cấp dịch vụ giặt là/ủi với một khoản phụ phí. Quầy lễ tân 24 giờ và bàn đặt tour cũng nằm trong số các tiện nghi tại đây. Tiệc sáng hàng ngày được phục vụ tại nhà hàng ngay trong khuôn viên. Du khách cũng có thể thưởng thức các món ăn địa phương khác nhau tại chợ đêm chỉ cách đó 1 km.",6.5
1182,Dream's House Phú Quốc,Phú Quốc,"Tọa lạc tại đảo Phú Quốc, cách Bãi Dài 300 m và Chùa Sùng Hưng 2,8 km, Thanh Hải cung cấp chỗ nghỉ với vườn và WiFi miễn phí trong toàn bộ khuôn viên cũng như chỗ đỗ xe riêng miễn phí cho khách lái xe. Chỗ nghỉ này có các phòng gia đình và sân hiên. Chỗ nghỉ cung cấp dịch vụ phòng, dịch vụ tiền sảnh và tổ chức các tour du lịch cho khách. Sòng bạc Corona và công viên giải trí Vinpearl Land Phú Quốc đều nằm trong bán kính 24 km từ resort. Sân bay gần nhất là sân bay quốc tế Phú Quốc, cách Thanh Hải 4 km.",5.8
1187,Little Pig Home,Đà Nẵng,"Nằm cách Bãi biển Thanh Bình 1,6 km, Little Pig Home có quầy bar, sảnh khách chung và chỗ nghỉ lắp máy điều hòa với ban công cùng WiFi miễn phí. Tất cả phòng nghỉ tại đây đều được bố trí phòng tắm riêng với chậu rửa vệ sinh (bidet), máy sấy tóc và đồ vệ sinh cá nhân miễn phí. Homestay này có sân hiên. Các điểm tham quan nổi tiếng gần Little Pig Home bao gồm Trung tâm thương mại Indochina Riverside, Cầu Sông Hàn và Chợ Hàn. Sân bay gần nhất là sân bay quốc tế Đà Nẵng, cách đó 4 km, và chỗ nghỉ cung cấp dịch vụ đưa đón sân bay với một khoản phụ phí.",5.3
1191,Muong Thanh Luxury Khanh Hoa,Nha Trang,"Nằm ở thành phố Nha Trang, cách Bãi biển Nha Trang 300 m, Muong Thanh Luxury Khanh Hoa cung cấp chỗ nghỉ với nhà hàng, chỗ đỗ xe riêng miễn phí, trung tâm thể dục và quầy bar. Trong số nhiều tiện nghi của chỗ nghỉ này có sảnh khách chung, khu vườn và sòng bạc. Chỗ nghỉ cung cấp dịch vụ lễ tân 24 giờ, dịch vụ phòng và dịch vụ thu đổi ngoại tệ cho khách. Mỗi phòng nghỉ tại khách sạn đều được bố trí máy điều hòa, khu vực ghế ngồi, TV truyền hình cáp màn hình phẳng, két an toàn và phòng tắm riêng với vòi xịt/chậu rửa vệ sinh, áo choàng tắm cùng dép. Một số phòng tại Muong Thanh Luxury Khanh Hoa có tầm nhìn ra quang cảnh thành phố và phòng nào cũng có ban công. Các phòng tại chỗ nghỉ được trang bị ga trải giường và khăn tắm. Muong Thanh Luxury Khanh Hoa phục vụ bữa sáng à la carte hàng ngày. Khách sạn cung cấp chỗ nghỉ 5 sao với hồ bơi trong nhà và sân chơi cho trẻ em. Các điểm tham quan nổi tiếng gần Muong Thanh Luxury Khanh Hoa bao gồm Bảo tàng Khánh Hòa, Chợ Đầm và Trung tâm mua sắm Nha Trang Centre. Sân bay gần nhất là sân bay quốc tế Cam Ranh, cách đó 39 km, và chỗ nghỉ cung cấp dịch vụ đưa đón sân bay với một khoản phụ phí.",7.6
1201,Hotel Del Luna,Đà Nẵng,"Tọa lạc tại thành phố Đà Nẵng, cách Bãi biển Mỹ Khê 500 m, Hotel Del Luna cung cấp chỗ nghỉ với nhà hàng, chỗ đỗ xe riêng miễn phí, quầy bar và sân hiên. Chỗ nghỉ này có bồn nước nóng, dịch vụ cho thuê xe đạp, hồ bơi trong nhà, WiFi miễn phí và lễ tân 24 giờ. Tất cả phòng nghỉ tại khách sạn đều có ban công. Một số phòng cho tầm nhìn ra biển. Hotel Del Luna phục vụ bữa sáng buffet hoặc bữa sáng kiểu Mỹ. Chỗ nghỉ có phòng xông hơi khô. Hotel Del Luna cung cấp dịch vụ giặt khô cùng các tiện nghi văn phòng như máy fax và máy photocopy. Khách sạn nằm cách Cầu Sông Hàn 2,1 km và Cầu khóa Tình yêu 2,6 km. Sân bay gần nhất là sân bay quốc tế Đà Nẵng, nằm trong bán kính 7 km từ Hotel Del Luna, và chỗ nghỉ cung cấp dịch vụ đưa đón sân bay với một khoản phụ phí.",8.3
1203,HH Residence - Serviced Apartment,Đà Nẵng,"Tọa lạc tại thành phố Đà Nẵng, cách Cầu Sông Hàn 2,2 km và Trung tâm thương mại Indochina Riverside 2,5 km, HH Residence - Serviced Apartment cung cấp chỗ nghỉ với WiFi miễn phí, máy điều hòa, trung tâm thể dục và sân hiên. Mỗi căn tại đây đều có ban công, khu vực bếp ăn đầy đủ tiện nghi với lò vi sóng, khu vực ghế ngồi, TV màn hình phẳng, máy giặt và phòng tắm riêng đi kèm vòi xịt/chậu rửa vệ sinh cùng dép đi trong phòng. Các căn còn được trang bị tủ lạnh, minibar, bếp nấu ăn và ấm đun nước. Khách nghỉ tại căn hộ này có thể thưởng thức bữa sáng kiểu Á. HH Residence - Serviced Apartment cung cấp dịch vụ cho thuê xe hơi. Cầu khóa Tình yêu nằm cách chỗ nghỉ 2,5 km trong khi Bảo tàng Chăm cách đó 3,3 km. Sân bay gần nhất là sân bay quốc tế Đà Nẵng, nằm trong bán kính 6 km từ HH Residence - Serviced Apartment.",7.9
1206,JooHouse Lux,TP. Hồ Chí Minh,"Khách sạn này nằm cách Chợ Tân Định 4,1 km, Bưu điện Trung tâm Sài Gòn 4,3 km và trung tâm thương mại Diamond Plaza 4,3 km. Chỗ nghỉ có lễ tân 24 giờ và dịch vụ phòng cho khách. Phòng nghỉ tại JooHouse Lux được trang bị TV màn hình phẳng, bếp nhỏ, máy điều hòa và phòng tắm riêng với chậu rửa vệ sinh (bidet). Một số phòng còn có ban công.  Nhà thờ Đức Bà Sài Gòn nằm cách chỗ nghỉ 4,3 km trong khi Trung tâm mua sắm Vincom cách đó 4,4 km. Sân bay gần nhất là sân bay quốc tế Tân Sơn Nhất, nằm trong bán kính 7 km từ chỗ nghỉ.",9.0
1210,Xuan Anh Guesthouse,Phú Quốc,"Chỗ nghỉ này nằm trong bán kính 19 km từ Sòng bạc Corona, 20 km từ công viên giải trí Vinpearl Land Phú Quốc và 2,3 km từ Chùa Sư Muôn. Nhà khách cung cấp các phòng gia đình. Phòng nghỉ tại nhà khách được trang bị máy điều hòa, truyền hình cáp màn hình phẳng, tủ lạnh, ấm đun nước, chậu rửa vệ sinh (bidet), đồ vệ sinh cá nhân miễn phí và tủ để quần áo. Các phòng còn có phòng tắm riêng với vòi sen. Xuan Anh Guesthouse nằm cách Nhà thùng Nước mắm 2,7 km và Trung tâm Lặn biển Coco 2,9 km.",8.3
1218,Orange Resort,Phú Quốc,"Orange Resort cung cấp chỗ ở yên tĩnh và thoải mái với truy cập Wi-Fi miễn phí trong các phòng nghỉ và có khu vực bãi biển riêng. Chỗ nghỉ này cũng có hồ bơi ngoài trời, khu vườn tươi tốt và bãi đỗ xe miễn phí ngay trong khuôn viên. Resort cách Chợ Đêm Dinh Cậu chỉ 10 phút đi bộ. Sân bay Quốc tế Phú Quốc cách đó khoảng 15 phút lái xe. Các phòng cũng như bungalow máy lạnh được bài trí trang nhã tại đây có tủ quần áo, khu vực tiếp khách, minibar và TV truyền hình cáp màn hình phẳng. Phòng tắm riêng đi kèm tiện nghi vòi sen, dép đi trong phòng và đồ vệ sinh cá nhân miễn phí. Đội ngũ nhân viên thân thiện tại quầy lễ tân 24 giờ của Orange Resort có thể hỗ trợ du khách với các dịch vụ giữ hành lý, giặt thường/giặt hấp và đưa đón sân bay. Nhà hàng trong khuôn viên phục vụ hàng loạt món ăn ngon của địa phương và phương Tây. Dịch vụ phòng cũng được cung cấp để tạo thuận tiện cho khách. Quán bar trên bãi biển có nhiều loại đồ uống cho khách chọn và nhìn ra quang cảnh hoàng hôn.",6.7
1219,Papaya Garden Homestay,Hội An,"Nằm ở thành phố Hội An, cách Hội quán Triều Châu 1,6 km và Bảo tàng Lịch sử Hội An 1,9 km, Papaya Garden Homestay cung cấp chỗ nghỉ có WiFi miễn phí, máy điều hòa và khu vườn với sân hiên. Homestay này phục vụ bữa sáng à la carte hàng ngày. Papaya Garden Homestay nằm gần các điểm tham quan nổi tiếng như Hội quán Hải Nam, Miếu Quan Công và Hội quán Phúc Kiến. Sân bay gần nhất là sân bay quốc tế Đà Nẵng, nằm trong bán kính 29 km từ homestay, và chỗ nghỉ cung cấp dịch vụ đưa đón sân bay với một khoản phụ phí.",7.5
1224,The Watermark Beachside Hotel,Hội An,"Khách sạn này cung cấp dịch vụ lễ tân 24 giờ, dịch vụ phòng và WiFi miễn phí trong toàn bộ khuôn viên. Khách sạn có khu vườn và sân hiên. Phòng nghỉ tại khách sạn được trang bị bàn làm việc, TV màn hình phẳng, phòng tắm riêng, ga trải giường và khăn tắm. Trong phòng được bố trí két an toàn, tủ để quần áo và ấm đun nước. Một số phòng có ban công trong khi các phòng còn lại nhìn ra hồ bơi.  The Watermark Beachside Hotel phục vụ bữa sáng kiểu lục địa hoặc bữa sáng buffet. Khách lưu trú tại chỗ nghỉ có thể tham gia các hoạt động trong và xung quanh thành phố Hội An, như đi xe đạp. Bãi biển An Bàng nằm trong bán kính 150 m từ The Watermark Beachside Hotel trong khi Bãi biển Hà My cách đó 250 m. Sân bay gần nhất là sân bay quốc tế Đà Nẵng, cách khách sạn 24 km.",8.4
1225,Truc Hung Hotel,Nha Trang,"Tọa lạc tại thành phố Nha Trang, nằm trong bán kính 450 m từ Bãi biển Nha Trang và 2,6 km từ Bãi đá Hòn Chồng, Truc Hung Hotel cung cấp chỗ nghỉ với sảnh khách chung và WiFi miễn phí trong toàn bộ khuôn viên cũng như chỗ đỗ xe riêng miễn phí cho khách lái xe. Khách sạn 2 sao này có máy ATM và dịch vụ đặt vé. Tại đây cũng cung cấp dịch vụ lễ tân 24 giờ, dịch vụ phòng và tổ chức các tour du lịch cho khách. Phòng nghỉ của khách sạn được trang bị máy điều hòa, truyền hình cáp màn hình phẳng, tủ lạnh, ấm đun nước, vòi sen, máy sấy tóc và bàn làm việc. Tất cả các phòng còn có tủ để quần áo và phòng tắm riêng. Các điểm tham quan nổi tiếng gần Truc Hung Hotel bao gồm Bảo tàng Alexandre Yersin, Chợ Đầm và Trung tâm mua sắm Nha Trang Centre. Sân bay gần nhất là sân bay quốc tế Cam Ranh, cách chỗ nghỉ 38 km.",5.8
1228,Boutik Cham NhaTrang Hotel,Nha Trang,"Tọa lạc tại thành phố Nha Trang, cách Bãi biển Nha Trang 2,1 km, Boutik Cham NhaTrang Hotel cung cấp chỗ nghỉ với nhà hàng, chỗ đỗ xe riêng miễn phí, xe đạp cho khách sử dụng miễn phí, quầy bar và vườn. Khách sạn 4 sao này có phòng nghỉ gắn máy điều hòa với WiFi miễn phí và phòng tắm riêng. Chỗ nghỉ cung cấp dịch vụ lễ tân 24 giờ, dịch vụ phòng và dịch vụ thu đổi ngoại tệ cho khách. Phòng nghỉ tại Boutik Cham NhaTrang Hotel có bàn làm việc, TV màn hình phẳng và ban công. Một số phòng nhìn ra quang cảnh núi non. Chỗ nghỉ phục vụ bữa sáng kiểu lục địa và bữa sáng buffet hằng ngày. Du khách có thể sử dụng trung tâm chăm sóc sức khỏe và spa, ngâm mình trong hồ bơi trong nhà, tổ chức các chuyến đi ở bàn đặt tour hoặc thuê xe hơi để khám phá khu vực xung quanh. Boutik Cham NhaTrang Hotel nằm trong bán kính 2,4 km từ Bãi biển Nhũ Tiên và 1,3 km từ Viện Hải dương học. Sân bay gần nhất là sân bay quốc tế Cam Ranh, cách khách sạn 21 km, và chỗ nghỉ cung cấp dịch vụ đưa đón sân bay với một khoản phụ phí.",8.3
1231,Nostalgia DS Hotel,Đà Nẵng,"Tọa lạc ở thành phố Đà Nẵng, Nostalgia DS Hotel có nhà hàng, trung tâm thể dục, quầy bar và sảnh khách chung. Tọa lạc tại vị trí lý tưởng ở khu Bãi biển Bắc Mỹ An, khách sạn này có khu vực bãi biển riêng cũng như hồ bơi trong nhà. Chỗ nghỉ cung cấp dịch vụ lễ tân 24 giờ, dịch vụ đưa đón sân bay, dịch vụ phòng và WiFi miễn phí. Phòng nghỉ tại Nostalgia DS Hotel có máy điều hòa, khu vực ghế ngồi, TV truyền hình vệ tinh màn hình phẳng, két an toàn, ấm đun nước và phòng tắm riêng với vòi xịt/chậu rửa vệ sinh, áo choàng tắm cùng dép. Một số phòng còn được bố trí khu vực bếp ăn với lò vi sóng, minibar và bếp nấu. Các phòng được trang bị ga trải giường và khăn tắm. Chỗ nghỉ phục vụ bữa sáng kiểu lục địa và bữa sáng kiểu Mỹ hằng ngày cho khách chọn. Nostalgia DS Hotel có sân hiên. Khách sạn nằm cách Bãi biển Bắc Mỹ An chưa đầy 1 km và Bãi biển Mỹ Khê 13 phút đi bộ. Sân bay gần nhất là sân bay quốc tế Đà Nẵng, cách Nostalgia DS Hotel 7 km.",8.1
1234,Sunstay Paradise,Hà Nội,"Tọa lạc tại thành phố Hà Nội, gần Chùa Một Cột và Lăng Chủ tịch Hồ Chí Minh, Sunstay Paradise cung cấp chỗ nghỉ với WiFi miễn phí và chỗ đỗ xe riêng miễn phí. Tất cả căn hộ tại đây đều được bố trí máy điều hòa, TV, phòng khách với ghế sofa, bếp đầy đủ tiện nghi với khu vực ăn uống và phòng tắm riêng đi kèm vòi sen, máy sấy tóc cùng đồ vệ sinh cá nhân miễn phí. Để thêm phần thuận tiện cho du khách, chỗ nghỉ có thể cung cấp khăn tắm và ga trải giường với một khoản phụ phí. Khách sạn căn hộ này có sân hiên tắm nắng và khu vườn. Các điểm tham quan nổi tiếng gần Sunstay Paradise bao gồm Đền Quán Thánh, Hồ Tây và Bảo tàng Mỹ thuật Việt Nam. Sân bay gần nhất là sân bay quốc tế Nội Bài, cách đó 19 km, và chỗ nghỉ cung cấp dịch vụ đưa đón sân bay với một khoản phụ phí.",8.0
1243,Liberty Central Saigon Riverside Hotel,TP. Hồ Chí Minh,"Khách sạn có hồ bơi trên tầng thượng, trung tâm thể dục và 3 lựa chọn ăn uống. Liberty Central Saigon Riverside Hotel cách chợ Bến Thành 600 m. Nhà Hát Lớn và Nhà thờ Đức Bà Sài Gòn cách khách sạn lần lượt 15 phút và 20 phút đi bộ. Sân bay Quốc tế Tân Sơn Nhất nằm trong bán kính 6 km từ nơi nghỉ. Mỗi phòng tại đây đều được trang bị truyền hình vệ tinh màn hình phẳng và bàn làm việc. Phòng tắm riêng đi kèm vòi sen nước nóng và đồ vệ sinh cá nhân miễn phí. Các tiện nghi thư giãn bao gồm spa. Quý khách cũng được sử dụng trung tâm dịch vụ doanh nhân tại đây. Quầy lễ tân 24 giờ có bàn đặt tour và dịch vụ đặt vé. Dịch vụ đưa/đón sân bay và giặt ủi có tính phí cũng được cung cấp. Nhà hàng The Central Restaurant phục vụ các món ăn Âu Á. Cocktail và đồ ăn nhẹ được phục vụ tại quán Bistro Café.",6.7
1247,"Cuong Thinh Phat Condotel - The Song An Gia hồ bơi vô cực giá rẻ, gần bãi biển",Vũng Tàu,"Chỗ nghỉ này có chỗ đỗ xe riêng ngay trong khuôn viên. Căn hộ được bố trí 2 phòng ngủ, 1 phòng tắm, ga trải giường, khăn tắm, TV truyền hình cáp màn hình phẳng, bếp đầy đủ tiện nghi và sân trong nhìn ra hồ nước. Để thêm phần thuận tiện cho khách, chỗ nghỉ có thể cung cấp khăn tắm và ga trải giường với một khoản phụ phí. Nhân viên nói tiếng Ả Rập, tiếng Bungari, tiếng Catalan và tiếng Séc tại lễ tân luôn sẵn lòng hỗ trợ du khách. Du khách có thể sử dụng trung tâm chăm sóc sức khỏe và spa, tổ chức các chuyến đi tại bàn đặt tour hoặc thuê xe hơi để khám phá khu vực xung quanh. Căn hộ có công viên nước và sân chơi cho trẻ em trong khi du khách cũng có thể thư giãn trong vườn. Cuong Thinh Phat Condotel - The Song An Gia hồ bơi vô cực giá rẻ, gần bãi biển nằm cách Bãi Trước 2,5 km và Bãi Dứa 3 km. Sân bay gần nhất là sân bay quốc tế Tân Sơn Nhất, nằm trong bán kính 71 km từ chỗ nghỉ.",9.0
1249,BH Residence Inn Hotel & Apartment,Vũng Tàu,"Nằm trong 2 tòa nhà khác nhau, BH Residence Inn Hotel & Apartment cung cấp chỗ nghỉ thân thiện với vật nuôi ở thành phố Vũng Tàu và chỉ cách Bãi Trước và Bãi Sau khoảng 5 phút lái xe. Du khách có thể sử dụng Wi-Fi miễn phí ở tất cả các khu vực và chỗ đỗ xe riêng miễn phí trong khuôn viên. Tất cả các chỗ nghỉ đều được trang bị máy lạnh và có tủ quần áo với ban công riêng nhìn ra quang cảnh thành phố. Một số căn hộ có phòng khách, khu vực ăn uống và nhà bếp đầy đủ tiện nghi. Phòng tắm riêng đi kèm góc tắm vòi sen mở, cũng như máy sấy tóc cùng đồ vệ sinh cá nhân miễn phí để tạo sự tiện lợi cho khách. Chỗ nghỉ có dịch vụ ăn uống tại phòng. Dịch vụ đưa đón sân bay được bố trí với một khoản phụ phí. Từ chỗ nghỉ, du khách chỉ mất 5 phút đi xe để tới thăm tượng Chúa Ki-tô Vũng Tàu, Mũi Nghinh Phong và Quảng trường Lam Sơn. Sân bay gần nhất là sân bay quốc tế Tân Sơn Nhất, cách BH Residence Inn Hotel & Apartment khoảng 2 giờ lái xe.",7.2
1253,An Bang Stilt House Villa,Hội An,"Chỗ nghỉ này có khu vườn, dịch vụ phòng, sân hiên và bếp chung. Khách sạn này cũng có lễ tân 24 giờ, bếp chung và dịch vụ thu đổi ngoại tệ cho khách. Phòng nghỉ của khách sạn được trang bị máy điều hòa, truyền hình vệ tinh màn hình phẳng, ấm đun nước, chậu rửa vệ sinh (bidet), máy sấy tóc và bàn làm việc. Các phòng còn có tầm nhìn ra vườn và phòng tắm riêng đi kèm vòi sen cùng đồ vệ sinh cá nhân miễn phí. Tất cả các phòng tại An Bang Stilt House Villa cũng được bố trí khu vực ghế ngồi. Khách sạn phục vụ bữa sáng à la carte hoặc kiểu Á. Khách nghỉ tại An Bang Stilt House Villa có thể tham gia các hoạt động trong và xung quanh Hội An, như đi xe đạp. Khách sạn nằm cách Bãi biển Cửa Đại 1,2 km và Bãi biển Hà My 1,4 km. Sân bay gần nhất là sân bay quốc tế Đà Nẵng, nằm trong bán kính 26 km từ An Bang Stilt House Villa, và chỗ nghỉ cung cấp dịch vụ đưa đón sân bay với một khoản phụ phí.",7.7
1255,Phu Quoc Private Villa,Phú Quốc,"Cách bãi biển Ông Lang nổi tiếng chỉ 3 km, Phu Quoc Private Villa được bao quanh bởi những ngọn núi cũng như khu vườn đẹp kỳ lạ và có hồ bơi ngoài trời riêng. Biệt thự này có thể chứa tối đa 6 người. Tất cả các phòng ngủ tại đây đều được trang bị máy điều hòa. Du khách có thể chuẩn bị bữa ăn trong bếp đầy đủ tiện nghi với đồ bếp, bếp nấu, tủ lạnh cùng lò vi sóng. Phòng tắm riêng đi kèm vòi sen và máy sấy tóc. Private Villa Phu Quoc nằm cách sân bay Phú Quốc 21 km. Du khách sẽ tìm thấy nhiều lựa chọn ăn uống tại Chợ Dương Đông, cách chỗ nghỉ khoảng 8 km. Chỗ nghỉ có két an toàn và dịch vụ giữ hành lý. Dịch vụ đưa đón sân bay và cho thuê xe máy cũng được cung cấp với một khoản phụ phí.",8.5
1264,Park Hyatt Saigon,TP. Hồ Chí Minh,"Chỉ cách phố mua sắm Đồng Khởi 100 m, khách sạn có hồ bơi ngoài trời dài 20 m và Xuan Spa mang lại sự thư giãn cho khách. Các phòng nghỉ gắn điều hòa sang trọng và trang nhã tại Park Hyatt Saigon đều có TV màn hình LED 48 inch, loa Bluetooth Bose, máy pha cà phê Nespresso cùng iPad mini. Các phòng cũng có máy điều hòa điều chỉnh riêng, truy cập Wi-Fi miễn phí và dịch vụ quản gia riêng 24/24. Các phòng tắm đi bồn ngâm và buồng tắm đứng với vòi sen phun mưa. Tiện nghi ủi cũng được trang bị trong phòng. Khách sạn cung cấp các địa điểm hội họp kiểu dinh thự, bao gồm Pool House độc đáo với khu vực BBQ riêng và Guest House với nhà bếp biểu diễn. Trung tâm dịch vụ doanh nhân, quầy trợ giúp đặc biệt và dịch vụ phòng đều hoạt động 24 giờ/ngày. Dịch vụ vận chuyển và đưa đón sân bay có thể được bố trí theo yêu cầu của khách. Nhà hàng Opera ấm cúng phục vụ ẩm thực Ý trong khi nhà hàng Square One đầy phong cách phục vụ đặc sản Việt Nam cũng như các món ngon kiểu Pháp. Khách sạn còn có quầy bar 2 Lam Son hiện đại và nổi tiếng cũng như sảnh khách Park Lounge thanh lịch, nơi phục vụ trà chiều trong một không gian bình dị. Quý khách có thể tận hưởng các liệu pháp chăm sóc sức khỏe phục hồi tuổi thanh xuân bằng các quy trình và nguyên liệu truyền thống của Việt Nam tại Xuan Spa hoặc rèn luyện sức khỏe ở trung tâm thể dục. Nhà thờ Đức Bà, Bưu điện Trung tâm và Dinh Thống Nhất đều nằm trong khoảng cách đi bộ từ Park Hyatt Saigon. Sân bay quốc tế Tân Sơn Nhất cách đó 30 phút lái xe.",6.9
1266,Hoi An Smart Garden Villa,Hội An,"Chỗ đỗ xe riêng miễn phí được bố trí ngay trong khuôn viên. Mỗi phòng tại chỗ nghỉ nhà dân này đều được trang bị máy lạnh và TV màn hình phẳng. Một số phòng có khu vực tiếp khách để thư giãn trong khi một số phòng đi kèm sân hiên/ban công. Các phòng được bố trí phòng tắm riêng với áo choàng tắm và dép. Hoi An Smart Garden Villa cung cấp Wi-Fi miễn phí trong toàn bộ khuôn viên. Tại đây cũng có cửa hàng lưu niệm và ghế mát-xa. Du khách có thể tham gia vô số hoạt động như đi xe đạp và câu cá. Hoi An Smart Garden Villa cách Hội quán Quảng Đông 800 m và Phố cổ Hội An 1,1 km. Sân bay gần nhất là sân bay quốc tế Đà Nẵng, cách chỗ nghỉ 22 km.",6.0
1267,Tavan View Homestay,Sa Pa,"Nằm tại thị xã Sa Pa, Tavan View Homestay có tầm nhìn ra cảnh thành phố, nhà hàng, dịch vụ lễ tân 24 giờ, quầy bar, vườn và sân hiên. Homestay này cung cấp miễn phí cả WiFi và chỗ đỗ xe riêng. Tất cả phòng nghỉ tại đây đều được bố trí khu vực ăn uống và khu vực ghế ngồi. Khách nghỉ tại Tavan View Homestay có thể thưởng thức bữa sáng kiểu lục địa hoặc bữa sáng chay. Du khách có thể thuê xe hơi tại chỗ nghỉ này. Tavan View Homestay cách ga cáp treo Fansipan Legend 13 km và Núi Phan-xi-păng 24 km.",7.9
1277,Kim Hồng Anh Guest House,Phú Quốc,"Khách sạn này có dịch vụ phòng và sân hiên. Chỗ nghỉ cũng có lễ tân 24 giờ, bếp chung và dịch vụ thu đổi ngoại tệ cho khách. Phòng nghỉ tại khách sạn được trang bị tủ để quần áo, TV màn hình phẳng, phòng tắm riêng và tủ lạnh. Các điểm tham quan nổi tiếng gần Kim Hong Anh Hotel bao gồm Trung tâm Lặn biển Coco, Dinh Cậu và Chợ đêm Phú Quốc.",6.0
1287,Bayhomes Times City Serviced Apartment,Hà Nội,"Nằm ở thành phố Hà Nội, Bayhomes Times City Serviced Apartment có nhà hàng, lễ tân 24 giờ, quầy bar, khu vườn, sân chơi cho trẻ em, sân hiên và tầm nhìn ra khu vườn. Chỗ nghỉ này cung cấp WiFi miễn phí và chỗ đỗ xe riêng trong khuôn viên. Căn hộ này có sân trong, tầm nhìn ra hồ nước, khu vực ghế ngồi, TV truyền hình cáp màn hình phẳng, bếp đầy đủ tiện nghi với lò vi sóng cùng tủ lạnh cũng như phòng tắm riêng đi kèm chậu rửa vệ sinh (bidet) và máy sấy tóc. Để thêm phần thuận tiện cho du khách, chỗ nghỉ có thể cung cấp khăn tắm và ga trải giường với một khoản phụ phí. Du khách có thể thư giãn tại sảnh khách chung và đi bộ đường dài ở khu vực gần đó. Bayhomes Times City Serviced Apt nằm cách Nhà Hát Lớn Hà Nội 4,3 km và Trung tâm thương mại Tràng Tiền Plaza 5 km. Sân bay gần nhất là sân bay quốc tế Nội Bài, cách đó 25 km, và chỗ nghỉ cung cấp dịch vụ đưa đón sân bay với một khoản phụ phí.",8.1
1289,Thinh Phuc Homestay,Hội An,"Tọa lạc tại thành phố Hội An, Thinh Phuc Homestay có chỗ nghỉ, nhà hàng, hồ bơi ngoài trời, sảnh khách chung, khu vườn, sân hiên và tầm nhìn ra quang cảnh thành phố. Homestay này cung cấp miễn phí cả WiFi lẫn chỗ đỗ xe riêng. Thinh Phuc Homestay có ban công, tầm nhìn ra khu vườn, khu vực ghế ngồi, TV truyền hình vệ tinh màn hình phẳng, bếp đầy đủ tiện nghi với tủ lạnh và lò nướng cũng như phòng tắm riêng đi kèm chậu rửa vệ sinh (bidet) cùng máy sấy tóc. Chỗ nghỉ phục vụ bữa sáng chay hàng ngày. Thinh Phuc Homestay có sân chơi cho trẻ em. Du khách có thể đi xe đạp để khám phá khu vực xung quanh và homestay có thể thu xếp dịch vụ cho thuê xe hơi. Các điểm tham quan nổi tiếng gần Thinh Phuc Homestay bao gồm Hội quán Triều Châu, Bảo tàng Lịch sử Hội An và Hội quán Hải Nam. Sân bay gần nhất là sân bay quốc tế Đà Nẵng, cách đó 24 km, và chỗ nghỉ cung cấp dịch vụ đưa đón sân bay với một khoản phụ phí.",7.0
1290,Duy Hotel,Đà Lạt,"Khách sạn 1 sao này có dịch vụ phòng , sảnh khách chung và WiFi miễn phí. Khách sạn cung cấp các phòng gia đình. Phòng nghỉ tại khách sạn có tủ để quần áo, TV màn hình phẳng, phòng tắm riêng, ga trải giường và khăn tắm. Tất cả các phòng đều được trang bị tủ lạnh. Vườn hoa Đà Lạt nằm trong bán kính 2,6 km từ Duy Hotel trong khi Thiền viện Trúc Lâm cách đó 7 km. Sân bay gần nhất là sân bay Liên Khương, cách chỗ nghỉ 29 km.",7.2
1291,Hanoi Amorita Boutique Hotel & Travel,Hà Nội,"Amorita Boutique Hotel tọa lạc trong Khu Phố Cổ Hà Nội, cách Hồ Hoàn Kiếm 2 phút đi bộ. Khách sạn có nhà hàng, Wi-Fi miễn phí và các phòng với TV màn hình phẳng 32 inch. Hanoi Amorita Boutique Hotel & Travel nằm cách Nhà hát Múa rối Nước Thăng Long và Chợ Đêm Đông Xuân một quãng ngắn đi bộ. Tất cả các phòng đều có nội thất gỗ cứng và minibar, tủ lạnh cùng phòng tắm riêng đi kèm với tiện nghi vòi sen nước nóng. Khách sạn cung cấp các dịch vụ thu đổi ngoại tệ và cho thuê xe hơi. Bàn đặt tour có thể giúp quý khách thu xếp việc đi lại và đi tham quan. Quý khách có thể dùng bữa với nhiều món ăn Việt Nam tại nhà hàng trong khuôn viên.",7.9
1292,Hue Mate Hotel,Huế,"Tọa lạc tại thành phố Huế, Hue Mate Hotel có nhà hàng, quán bar, sảnh khách chung và khu vườn. Trong số các tiện nghi của khách sạn này còn có dịch vụ phòng, bàn đặt tour, bếp chung và WiFi miễn phí trong toàn bộ khuôn viên. Chỗ nghỉ cũng có lễ tân 24 giờ, bếp chung và dịch vụ thu đổi ngoại tệ cho khách. Phòng nghỉ của khách sạn được trang bị tủ để quần áo. Tại Hue Mate Hotel, các phòng còn có bàn làm việc, TV màn hình phẳng và phòng tắm riêng. Khách sạn phục vụ bữa sáng à la carte và kiểu Mỹ hàng ngày. Hue Mate Hotel có sân hiên. Đi xe đạp là hoạt động được ưa chuộng trong khu vực trong khi du khách cũng có thể thuê xe đạp và xe hơi tại khách sạn. Hue Mate Hotel nằm cách Cầu Tràng Tiền 2,5 km và Chợ Đông Ba 2,9 km. Sân bay gần nhất là sân bay Phú Bài, nằm trong bán kính 15 km từ khách sạn, và chỗ nghỉ cung cấp dịch vụ đưa đón sân bay với một khoản phụ phí.",7.0
1293,Khu Nghỉ Dưỡng Green Bungalow Phu Quoc,Phú Quốc,"Chỗ nghỉ này nằm cách Sòng bạc Corona Casino và công viên giải trí Vinpearl Land Phú Quốc 12 km và cách vNhà thùng Nước mắm 5 km. Chỗ nghỉ có lễ tân 24 giờ, bếp chung và tổ chức các tour cho khách. Tất cả phòng nghỉ tại khách sạn đều được trang bị ấm đun nước. Khu nghỉ dưỡng Green Bungalow Phu Quoc có một số phòng nhìn ra hồ nước và các phòng nghỉ đều có ban công. Các phòng tại đây đều có máy điều hòa và tủ để quần áo. Khu Nghỉ dưỡng Green Bungalow Phu Quoc cách trung tâm lặn Coco 5 km và Đền Cầu 6 km.",7.6
1301,Gia An Hotel,Vũng Tàu,"Tọa lạc tại thành phố Vũng Tàu, cách Bãi Sau 200 m và Bãi Dứa 1,4 km, Gia An Hotel cung cấp chỗ nghỉ với hồ bơi ngoài trời và WiFi miễn phí trong toàn bộ khuôn viên cũng như chỗ đỗ xe riêng miễn phí cho khách lái xe. Chỗ nghỉ này có các phòng gia đình và sân hiên. Nơi đây cung cấp dịch vụ lễ tân 24 giờ và dịch vụ phòng cho khách. Tất cả phòng nghỉ tại đây đều được trang bị máy điều hòa, TV truyền hình vệ tinh màn hình phẳng, tủ lạnh, ấm đun nước, vòi sen, dép và bàn làm việc. Các phòng có phòng tắm riêng, đồ vệ sinh cá nhân miễn phí và ga trải giường. Các điểm tham quan nổi tiếng gần khách sạn bao gồm Bãi Trước, Tượng Chúa Kitô Vua và Ngọn hải đăng Vũng Tàu. Sân bay gần nhất là sân bay quốc tế Tân Sơn Nhất, nằm trong bán kính 72 km từ Gia An Hotel.",10.0
1306,Pavillon Garden Hotel Nha Trang,Nha Trang,"Tọa lạc tại vị trí đắc địa ở thành phố Nha Trang, Pavillon Garden Hotel Nha Trang nằm trong bán kính chỉ 3 phút tản bộ từ bãi biển Nha Trang và Quảng trường 2/4. Quý khách có thể sử dụng hồ bơi ngoài trời tại đây. Khách sạn cũng cung cấp truy cập Wi-Fi miễn phí cho tất cả khách lưu trú tại đây. Chợ Đêm cách đó khoảng 3 phút đi bộ còn Trung tâm Thuyền buồm Việt Nam và quán Sailing Club đều nằm trong bán kính 100 m từ chỗ nghỉ. Khách sạn chỉ cách Tháp Trầm Hương 300 m. Sân bay Quốc tế Cam Ranh cách đó 27 km. Với nhiều phòng nhìn ra biển, mở ra ban công riêng, khách sạn cung cấp các phòng nghỉ được trang bị TV truyền hình cáp, máy điều hòa và khu vực ghế ngồi thoải mái. Ngoài ra, phòng còn có tiện nghi phòng tắm riêng. Một số phòng cho tầm nhìn ra quang cảnh thành phố xung quanh. Du khách được nhận phòng sớm lúc 12:00, cũng như trả phòng trễ đến 14:00 miễn phí. Nhân viên thân thiện và niềm nở tại quầy lễ tân 24 giờ có thể hỗ trợ quý khách sắp xếp việc đi lại và chỗ để hành lý, bao gồm cả dịch vụ cho thuê xe đạp và dịch vụ đưa đón sân bay. Du khách có thể thưởng thức một loạt các món ăn địa phương Việt Nam hảo hạng bao gồm cả các món ăn ngon nổi tiếng của phương Tây tại Nhà hàng Pavillon Garden. Bữa sáng tự chọn được phục vụ hàng ngày.",7.8
1308,Ipeace Hotel,TP. Hồ Chí Minh,"Ipeace Hotel nằm ở nội ô Thành phố Hồ Chí Minh, cách chợ Bến Thành 15 phút đi bộ. Chỗ nghỉ có quầy lễ tân phục vụ 24 giờ/ngày, nhà hàng ăn uống phục vụ cả ngày trong khuôn viên và các phòng nghỉ gắn điều hòa. Du khách có thể tận hưởng Wi-Fi miễn phí trong tất cả các khu vực và chỗ đỗ xe miễn phí. Các phòng ấm cúng tại Ipeace Hotel có cửa sổ lớn đón nhiều ánh sáng tự nhiên, TV màn hình phẳng với các kênh quốc tế, tủ lạnh mini và tủ lạnh. Phòng tắm riêng được trang bị tiện nghi vòi sen, máy sấy tóc và đồ vệ sinh cá nhân miễn phí. Khách sạn cung cấp dịch vụ thu đổi ngoại tệ, đưa đón sân bay cũng như dịch vụ trợ giúp đặc biệt. Để tạo thuận tiện cho khách, tại đây còn có các dịch vụ như cho thuê xe hơi, sắp xếp tour du lịch, đặt vé máy bay và giặt là. Ipeace Hotel cách các điểm tham quan như Đền Bà Mariamman, Bảo tàng Mỹ thuật và Dinh Thống Nhất 15 phút đi bộ. Sân bay Tân Sơn Nhất cách khách sạn 25 phút lái xe.",6.3
1315,MAI Villa Da Nang,Đà Nẵng,"Tọa lạc tại thành phố Đà Nẵng, MAI Villa Da Nang có xe đạp cho khách sử dụng miễn phí, hồ bơi ngoài trời, quán bar, sảnh khách chung và khu vườn. Khách sạn này nằm gần một số điểm tham quan nổi tiếng, cách Bãi biển Bắc Mỹ An khoảng 550 m và Bãi biển Mỹ Khê khoảng 650 m. Chỗ nghỉ cung cấp dịch vụ lễ tân 24 giờ, dịch vụ phòng và dịch vụ thu đổi ngoại tệ cho khách. Phòng nghỉ gắn máy điều hòa tại MAI Villa Da Nang được bố trí bàn làm việc, ấm đun nước, minibar, két an toàn, TV màn hình phẳng và phòng tắm riêng với vòi xịt/chậu rửa vệ sinh. Một số phòng còn có khu vực bếp ăn với lò vi sóng và bếp nấu. Các phòng được trang bị ga trải giường và khăn tắm. Chỗ nghỉ có sân hiên tắm nắng. MAI Villa Da Nang nằm cách Công viên Châu Á 2,9 km và Cầu khóa Tình yêu 3,7 km. Sân bay gần nhất là sân bay quốc tế Đà Nẵng, nằm trong bán kính 6 km từ khách sạn, và chỗ nghỉ cung cấp dịch vụ đưa đón sân bay với một khoản phụ phí.",5.4
1322,Sen Vang Luxury Hotel,Nha Trang,"Cung cấp các chỗ nghỉ 3 sao, Sen Vang Luxury Hotel tọa lạc tại thành phố Nha Trang, cách Nhà thờ Núi Nha Trang 1,4 km và Trung tâm thuyền buồm Việt Nam 1,6 km. Trong số các tiện nghi của chỗ nghỉ này có nhà hàng, lễ tân 24 giờ, dịch vụ phòng và WiFi miễn phí trong toàn bộ khuôn viên. Khách sạn còn cung cấp hồ bơi ngoài trời và dịch vụ đỗ xe cho khách. Phòng nghỉ của quán trọ này được trang bị máy điều hòa, truyền hình cáp màn hình phẳng, ấm đun nước, vòi sen, máy sấy tóc và tủ để quần áo. Các phòng còn có phòng tắm riêng với đồ vệ sinh cá nhân miễn phí. Sen Vang Luxury Hotel phục vụ bữa sáng kiểu lục địa hoặc tự chọn. Các điểm tham quan nổi tiếng gần khách sạn bao gồm Bãi biển Nha Trang, Quảng trường 2/4 và Tháp Trầm Hương. Sân bay gần nhất là sân bay quốc tế Cam Ranh, nằm trong bán kính 26 km từ Sen Vang Luxury Hotel, và chỗ nghỉ cung cấp dịch vụ đưa đón sân bay với một khoản phụ phí.",7.5
1323,Golden Sea Hotel,Nha Trang,"Tọa lạc ở một vị trí trung tâm trong khu giải trí của thành phố Nha Trang, Golden Sea Hotel cách Bãi biển Nha Trang 5 phút đi bộ. Khách sạn có nhà hàng và các phòng nghỉ máy lạnh với truyền hình cáp màn hình phẳng. Wi-Fi và chỗ đỗ xe được cung cấp miễn phí tại đây. Golden Sea Hotel cách Ga Nha Trang 5 phút lái xe và cách Đảo Vinpearl 4 km. Các điểm ăn uống ở địa phương nằm trong bán kính 10 phút đi bộ từ nơi nghỉ này. Các phòng tại đây đặc trưng với nội thất hiện đại và tông màu đất. Mỗi phòng đều được trang bị đầy đủ tiện nghi với khu vực tiếp khách, minibar và phòng tắm riêng đi kèm máy sấy tóc cùng đồ vệ sinh cá nhân miễn phí. Nhà hàng phục vụ một loạt các món ăn địa phương cũng như châu Á vào bữa sáng. Các lựa chọn ăn uống trong phòng cũng được cung cấp tại đây. Du khách có thể sắp xếp đặt vé và thu đổi ngoại tệ tại trung tâm dịch vụ doanh nhân. Các dịch vụ cho thuê xe đạp và đưa đón được cung cấp cho những khách muốn khám phá thành phố.",6.8
1330,Doc Bo Homestay,Đà Lạt,"Tọa lạc tại thành phố Đà Lạt, cách Quảng trường Lâm Viên 1,3 km, Doc Bo Homestay có dịch vụ nhận/trả phòng cấp tốc, phòng nghỉ không gây dị ứng, quầy bar, WiFi miễn phí trong toàn bộ khuôn viên và sảnh khách chung. Chỗ nghỉ này có dịch vụ phòng và sân hiên. Nơi đây cung cấp dịch vụ lễ tân 24 giờ, bếp chung và dịch vụ thu đổi ngoại tệ cho khách. Nhà khách này nằm gần các điểm tham quan nổi tiếng như Công viên Yersin, Hồ Xuân Hương và Biệt thự Hằng Nga (Ngôi nhà điên). Sân bay gần nhất là sân bay Liên Khương, cách Doc Bo Homestay 28 km, và chỗ nghỉ cung cấp dịch vụ đưa đón sân bay với một khoản phụ phí.",6.2
1337,An Bang Gold Coast Beach Villa,Hội An,"Tọa lạc tại thành phố Hội An, An Bang Gold Coast Beach Villa có chỗ nghỉ, xe đạp cho khách sử dụng miễn phí, hồ bơi ngoài trời, quầy bar, sảnh khách chung, vườn và tầm nhìn ra vườn. Biệt thự cung cấp miễn phí cả WiFi lẫn chỗ đỗ xe riêng. An Bang Gold Coast Beach Villa có sân trong, tầm nhìn ra hồ bơi, khu vực ghế ngồi, TV truyền hình vệ tinh màn hình phẳng, khu vực bếp ăn đầy đủ tiện nghi với tủ lạnh và minibar cũng như phòng tắm riêng đi kèm vòi sen cùng dép đi trong phòng. Để thêm phần thuận tiện cho du khách, chỗ nghỉ có thể cung cấp khăn tắm và ga trải giường với một khoản phụ phí. Chỗ nghỉ phục vụ bữa sáng kiểu lục địa hàng ngày. An Bang Gold Coast Beach Villa có sân chơi cho trẻ em. Khách nghỉ tại biệt thự có thể chơi bida ngay tại khuôn viên hoặc đi xe đạp trong khu vực xung quanh. An Bang Gold Coast Beach Villa nằm cách Bãi biển An Bàng 150 m trong khi Bãi biển Hà My cách chỗ nghỉ 200 m. Sân bay gần nhất là sân bay quốc tế Đà Nẵng, cách đó 24 km, và chỗ nghỉ cung cấp dịch vụ đưa đón sân bay với một khoản phụ phí.",7.3
1338,Queen Ann Nha Trang Hotel,Nha Trang,"Queen Ann Nha Trang Hotel cung cấp chỗ nghỉ tại thành phố Nha Trang, cách Trung tâm thuyền buồm Việt Nam 800 m. Khách sạn này có Wi-Fi miễn phí trong toàn khuôn viên và hồ bơi ngoài trời. Du khách có thể dùng bữa tại nhà hàng trong khuôn viên hoặc nhâm nhi đồ uống ở quầy bar.  Từ khách sạn, du khách đi 900 m là đến Chợ đêm Nha Trang và 1 km là tới Bãi biển Nha Trang. Chùa Long Sơn và Bến tàu tham quan vịnh Nha Trang đều nằm trong bán kính 4 km từ Queen Ann Nha Trang Hotel trong khi Tháp Chàm Ponagar cách đó 4,9 km. Khách sạn cách sân bay gần nhất là sân bay quốc tế Cam Ranh 24 km và cung cấp dịch vụ đưa đón sân bay kèm phụ phí. Các phòng nghỉ tại đây được trang bị TV truyền hình cáp màn hình phẳng, ổ cắm cho iPod, ấm đun nước và phòng tắm riêng. Áo choàng tắm, dép và đồ vệ sinh cá nhân miễn phí cũng có sẵn để tạo sự thoải mái cho khách. Quầy lễ tân 24 giờ cung cấp dịch vụ giữ hành lý. Du khách có thể rèn luyện sức khỏe tại trung tâm thể dục, thư giãn với liệu pháp mát-xa ở trung tâm spa hoặc sử dụng miễn phí hồ bơi. Nhà hàng Royal Restaurant cung cấp tuyển chọn các món ăn địa phương và quốc tế trong khi Lobby Lounge phục vụ các món ăn nhẹ. Khách được mời đồ uống và trái cây chào đón miễn phí vào ngày nhận phòng.",7.8
1340,Homie Hotel,Đà Nẵng,"Tọa lạc tại thành phố Đà Nẵng, cách Bãi biển Mỹ Khê 700 m, Homie Hotel cung cấp phòng nghỉ có máy điều hòa và WiFi miễn phí cùng dịch vụ nhận phòng và trả phòng cấp tốc. Cách Bãi biển Bắc Mỹ An 2,8 km và Cầu tàu Tình Yêu 1,4 km, khách sạn có khu vực bãi biển riêng. Chỗ nghỉ cung cấp dịch vụ lễ tân 24 giờ và dịch vụ phòng cho khách. Phòng nghỉ tại khách sạn được bố trí khu vực ghế ngồi, bàn làm việc, TV màn hình phẳng và phòng tắm riêng. Chỗ nghỉ cách Bảo tàng Chăm 2 km và Cầu Sông Hàn 2,5 km. Sân bay gần nhất là sân bay quốc tế Đà Nẵng, cách Homie Hotel 5 km.",9.0
1344,Lưng Chừng House,Đà Lạt,"Tọa lạc tại thành phố Đà Lạt thuộc tỉnh Lâm Đồng, cách Công viên Yersin 10 km, Lưng Chừng House cung cấp chỗ nghỉ với WiFi miễn phí, tiện nghi BBQ, khu vườn và chỗ đỗ xe riêng miễn phí. Một số căn tại đây được bố trí TV truyền hình cáp màn hình phẳng, khu vực bếp ăn đầy đủ tiện nghi với bếp nấu và phòng tắm riêng đi kèm vòi xịt/chậu rửa vệ sinh cùng dép đi trong phòng. Homestay này có sân hiên để khách thư giãn. Vườn hoa Đà Lạt và Hồ Xuân Hương đều nằm trong bán kính 10 km từ Lưng Chừng House. Sân bay gần nhất là sân bay Liên Khương, cách chỗ nghỉ 26 km.",6.3
1345,La Sera Hotel,Nha Trang,"Du khách có thể dùng bữa tại nhà hàng ngay trong khuôn viên. Mỗi phòng nghỉ theo phong cách hiện đại tại khách sạn này đều có khu vực tiếp khách, TV màn hình phẳng với các kênh truyền hình cáp và phòng tắm riêng. Một số phòng nhìn ra quang cảnh bãi biển, thành phố hoặc núi non. Lễ tân 24 giờ cung cấp rất nhiều dịch vụ trong đó có dịch vụ thu đổi ngoại tệ, sắp xếp tour du lịch, đặt vé cũng như trợ giúp đặc biệt. Khách sạn còn có cửa hàng quà tặng và cho thuê xe đạp. La Sera Hotel nằm trong bán kính 300 m từ CLB Thuyền buồm và 700 m từ Chợ Đầm. Sân bay gần nhất là Sân bay Quốc tế Cam Ranh, cách khách sạn 35 km.",7.6
1348,The Costa Nha Trang Residences,Nha Trang,"Nằm trên Đường Bờ biển Trần Phú, The Costa Residence chào đón du khách với 2 hồ bơi ngoài trời, trong đó có 1 hồ bơi vô cực, trung tâm thể dục và các phòng nghỉ được bài trí sang trọng với cửa sổ lớn. Wi-Fi miễn phí được cung cấp ở tất cả các khu vực. Với thiết kế hiện đại, chỗ nghỉ trên bãi biển trang nhã này chỉ cách ga tàu Nha Trang 1,6 km và khu nghỉ dưỡng Vinpearland nổi tiếng 2,5 km. Sân bay Cam Ranh cách đó 35 km. Mỗi phòng nghỉ tại đây đều được bài trí theo phong cách khác nhau và có lối trang trí hiện đại. Các phòng có TV màn hình phẳng, khu vực phòng ăn và bếp đầy đủ tiện nghi. Các phòng tắm riêng đi kèm máy sấy tóc. Trong số các tiện nghi tại đây có bàn đặt tour và dịch vụ giặt hấp. Du khách còn có thể thư giãn trên ghế tắm nắng và dịch vụ đưa đón sân bay được cung cấp với một khoản phụ phí.",7.2
1351,Tropical Garden Phu Quoc,Phú Quốc,"Nằm trong các khu vườn riêng, Tropical Garden Phu Quoc cung cấp chỗ nghỉ tọa lạc tại khu Bãi biển Ông Lang thuộc Ấp Ông Lang, cách Bãi biển Ông Lang 5 phút đi lại. Chỗ nghỉ tại nhà dân này có sân hiên tắm nắng nhìn ra vườn và khách có thể dùng bữa tại nhà hàng. WiFi miễn phí có trong toàn bộ chỗ nghỉ đồng thời chỗ đỗ xe riêng miễn phí nằm ngay trong khuôn viên. Xưởng Nước Mắm cách Tropical Garden Phu Quoc 4,4 km trong khi Trung tâm Lặn Coco cách chỗ nghỉ 5 km. Chỗ nghỉ cũng cách thị trấn Dương Đông 5 km. Sân bay gần nhất là Sân bay Quốc tế Phú Quốc, cách Tropical Garden Phu Quoc 12 km. Mỗi phòng nghỉ tại đây đều có truyền hình cáp. Một số còn đi kèm khu vực tiếp khách. Ấm đun nước và tủ lạnh cũng được cung cấp. Phòng tắm riêng đi kèm vòi sen. Lễ tân tại đây làm việc 24 giờ/ngày. Chỗ nghỉ tại nhà dân này cũng cung cấp xe đạp cho khách sử dụng miễn phí. Khách có thể đến lễ tân 24 giờ để được trợ giúp với dịch vụ thu xếp tour tham quan, thu đổi ngoại tệ và đặt vé. Chỗ nghỉ cung cấp dịch vụ cho thuê xe hơi cho những khách muốn khám phá khu vực xung quanh. Nhà hàng phục vụ ẩm thực chính thống của Việt Nam.",7.5
1354,Aurora House,Phú Quốc,"Tọa lạc ở đảo Phú Quốc, cách Bãi Dài 350 m, Aurora House cung cấp chỗ nghỉ có hồ bơi ngoài trời, chỗ đỗ xe riêng miễn phí, vườn và sân hiên. Khách sạn 3 sao này có bếp chung, dịch vụ phòng và WiFi miễn phí. Khách sạn cung cấp các phòng gia đình. Phòng nghỉ tại Aurora House được bố trí bàn làm việc, TV màn hình phẳng, máy điều hòa và phòng tắm riêng với vòi xịt/chậu rửa vệ sinh cùng áo choàng tắm. Một số phòng có khu vực ghế ngồi. Mỗi phòng đều được trang bị ga trải giường và khăn tắm. Khách nghỉ tại Aurora House có thể thưởng thức bữa sáng kiểu Á. Chùa Sùng Hưng nằm trong bán kính 4 km từ khách sạn trong khi Sòng bạc Corona cách đó 26 km.",7.7
1362,An Thuyen Hotel,Đà Nẵng,"Nằm ở thành phố Đà Nẵng, cách Bãi biển Mỹ Khê 1,2 km, An Thuyen Hotel cung cấp chỗ nghỉ với nhà hàng, chỗ đỗ xe riêng miễn phí, quán bar và sảnh khách chung. Khách sạn này có các phòng gia đình và sân hiên. Chỗ nghỉ cũng cung cấp dịch vụ lễ tân 24 giờ, dịch vụ phòng và dịch vụ thu đổi ngoại tệ cho khách. Phòng nghỉ của Mira Hotel Quy Nhơn được trang bị máy điều hòa, truyền hình cáp màn hình phẳng, tủ lạnh, ấm đun nước, chậu rửa vệ sinh (bidet), máy sấy tóc và bàn làm việc. Các phòng còn có phòng tắm riêng đi kèm vòi sen cùng đồ vệ sinh cá nhân miễn phí và tầm nhìn ra quang cảnh thành phố. Tại An Thuyen Hotel, các phòng cũng được bố trí khu vực ghế ngồi. Khách sạn phục vụ bữa sáng à la carte hoặc kiểu Á. Các điểm tham quan nổi tiếng gần An Thuyen Hotel bao gồm Cầu Sông Hàn, Cầu tàu Tình yêu và Trung tâm thương mại Indochina Riverside. Sân bay gần nhất là sân bay quốc tế Đà Nẵng, nằm trong bán kính 6 km từ khách sạn, và chỗ nghỉ cung cấp dịch vụ đưa đón sân bay với một khoản phụ phí.",6.6
1363,My House Hoi An Homestay,Hội An,"Nằm cách Bảo tàng Lịch sử Hội An 600 m, My House Hoi An Homestay cung cấp chỗ nghỉ với nhà hàng, sân hiên và lễ tân 24 giờ để tạo thuận tiện cho khách. Du khách có thể sử dụng miễn phí cả WiFi lẫn chỗ đỗ xe riêng tại homestay này. Mỗi phòng nghỉ tại đây đều có phòng tắm riêng với chậu rửa vệ sinh (bidet), máy điều hòa, TV màn hình phẳng và tủ lạnh. My House Hoi An Homestay phục vụ bữa sáng kiểu lục địa hoặc bữa sáng à la carte. Chỗ nghỉ cung cấp cả dịch vụ cho thuê xe đạp lẫn xe hơi. Các điểm tham quan nổi tiếng gần My House Hoi An Homestay bao gồm Hội quán Triều Châu, Chùa Cầu Nhật Bản và Hội quán Quảng Đông. Sân bay gần nhất là sân bay quốc tế Đà Nẵng, cách homestay 23 km, và chỗ nghỉ cung cấp dịch vụ đưa đón sân bay với một khoản phụ phí.",7.8
1374,My Son Heritage Resort and Spa,Hội An,"Tọa lạc huyện Duy Xuyên, MY SON HERITAGE RESORT AND SPA có xe máy cho khách sử dụng miễn phí, hồ bơi ngoài trời và trung tâm thể dục. Chỗ nghỉ này cũng có nhà hàng, sân hiên và dịch vụ đưa đón miễn phí. Resort còn có bể sục và lễ tân 24 giờ. Phòng nghỉ tại resort có khu vực ghế ngồi và TV màn hình phẳng. Tất cả các phòng được trang bị bàn làm việc và máy pha cà phê. Chỗ nghỉ phục vụ bữa sáng tự chọn hàng ngày. Khách nghỉ tại MY SON HERITAGE RESORT AND SPA sẽ có thể tận hưởng các hoạt động trong và xung quanh huyện Duy Xuyên, như đi xe đạp. Chỗ nghỉ có trung tâm dịch vụ doanh nhân cho khách sử dụng. Thành phố Hội An nằm trong bán kính 42 km từ MY SON HERITAGE RESORT AND SPA. Sân bay gần nhất là sân bay quốc tế Đà Nẵng, cách resort 43 km. Thánh địa Mỹ Sơn nằm cách chỗ nghỉ 2,4 km.",8.1
1376,Mekhoo & Zizi Sapa Homestay,Sa Pa,"Mekhoo & Zizi Sapa Homestay nằm tại thị trấn Sa Pa, cách núi Phan Xi Păng 20 km. Nơi đây có quầy bar phục vụ quý khách. Chỗ nghỉ cung cấp Wi-Fi miễn phí trong tất cả các khu vực và chỗ đỗ xe riêng miễn phí ngay tại khuôn viên. Một số phòng có khu vực nghỉ ngơi để khách thư giãn. Một số nhìn ra quang cảnh núi non, sông nước hoặc vườn tược. Các phòng sử dụng phòng tắm chung với vòi sen. Tại đây cũng có cửa hàng lưu niệm. Chỗ nghỉ cung cấp dịch vụ cho thuê xe hai bánh trong khi đi xe đạp và đi bộ đường dài là các hoạt động được ưa thích trong khu vực này. Du khách cũng có thể ghé thăm nhiều dân tộc khác nhau trong vùng. Vườn hoa Hàm Rồng - núi Hàm Rồng và hồ Sa Pa đều nằm trong bán kính 6 km từ Mekhoo & Zizi Sapa Homestay.",7.1
1379,Virgo Hotel Nha Trang,Nha Trang,"Nằm cách Bãi biển Nha Trang 1,1 km, Virgo Hotel Nha Trang cung cấp chỗ nghỉ với nhà hàng, hồ bơi ngoài trời, quầy bar và sảnh khách chung. Chỗ nghỉ có WiFi miễn phí. Khách sạn căn hộ này có TV màn hình phẳng và phòng tắm riêng với áo choàng tắm, dép đi trong phòng cùng vòi sen. Một số căn được bố trí khu vực ghế ngồi và/hoặc ban công. Khách nghỉ tại Virgo Hotel Nha Trang có thể thưởng thức bữa sáng buffet. Chỗ nghỉ có sân hiên. Virgo Hotel Nha Trang cung cấp dịch vụ cho thuê cả xe đạp lẫn xe hơi và du khách có thể đạp xe ở khu vực gần đó. Các điểm tham quan nổi tiếng gần khách sạn căn hộ này gồm có Trung tâm mua sắm Nha Trang Centre, Nhà thờ Nha Trang và Tháp Trầm Hương. Sân bay gần nhất là sân bay quốc tế Cam Ranh, cách đó 36 km, và Virgo Hotel Nha Trang cung cấp dịch vụ đưa đón sân bay với một khoản phụ phí.",6.2
1381,Dal Vostro Hotel & Spa,Hà Nội,"Nằm ở thành phố Hà Nội, cách Hồ Hoàn Kiếm 400 m, Dal Vostro Hotel & Spa cung cấp chỗ nghỉ với quầy bar, chỗ đỗ xe riêng và sân hiên. Trong số các tiện nghi của chỗ nghỉ này có nhà hàng, lễ tân 24 giờ, dịch vụ phòng và WiFi miễn phí trong toàn bộ khuôn viên. Khách sạn cung cấp các phòng gia đình. Phòng nghỉ của khách sạn có máy điều hòa, bàn làm việc, ấm đun nước, tủ lạnh, minibar, két an toàn, TV màn hình phẳng và phòng tắm riêng với vòi sen. Tất cả các phòng đều được trang bị tủ để quần áo. Khách nghỉ tại Dal Vostro Hotel & Spa có thể thưởng thức bữa sáng kiểu lục địa hoặc bữa sáng buffet. Chỗ nghỉ có tiệm làm tóc và dịch vụ văn phòng. Các điểm tham quan nổi tiếng gần chỗ nghỉ bao gồm trung tâm thương mại Tràng Tiền Plaza, Nhà Thờ Lớn và Nhà Hát Lớn Hà Nội. Sân bay gần nhất là sân bay quốc tế Nội Bài, nằm trong bán kính 27 km từ Dal Vostro Hotel & Spa, và chỗ nghỉ cung cấp dịch vụ đưa đón sân bay với một khoản phụ phí.",6.8
1387,Hoi An Bali Homestay,Hội An,"Mỗi căn tại đây đều được bố trí phòng tắm riêng và vòi xịt/chậu rửa vệ sinh, máy điều hòa, TV màn hình phẳng cũng như minibar. Để thêm phần thuận tiện cho du khách, chỗ nghỉ có thể cung cấp khăn tắm và ga trải giường với một khoản phụ phí. Homestay này có sân hiên tắm nắng. Du khách có thể thư giãn tại sảnh khách chung của chỗ nghỉ và đi xe đạp ở khu vực gần đó. Các điểm tham quan nổi tiếng gần Hoi An Bali Homestay bao gồm Hội quán Triều Châu, Bảo tàng Lịch sử Hội An và Hội quán Hải Nam. Sân bay gần nhất là sân bay quốc tế Đà Nẵng, cách đó 28 km, và chỗ nghỉ cung cấp dịch vụ đưa đón sân bay với một khoản phụ phí.",7.5
1388,LaHomestay Hàng Đậu,Hà Nội,"Chỗ nghỉ này có sân hiên. Chỗ nghỉ được bố trí máy điều hòa, bếp ăn đầy đủ tiện nghi với khu vực ăn uống, TV màn hình phẳng và phòng tắm riêng đi kèm vòi xịt/chậu rửa vệ sinh, dép đi trong phòng cùng máy sấy tóc. Chỗ nghỉ còn được trang bị tủ lạnh và ấm đun nước. Các điểm tham quan nổi tiếng gần căn hộ bao gồm Đền Quán Thánh, Nhà Thờ Lớn và Hồ Hoàn Kiếm. Sân bay gần nhất là sân bay quốc tế Nội Bài, cách LaHomestay Hàng Đậu 20 km.",9.3
1389,Thanh Kieu Beach Resort,Phú Quốc,"Chỉ cách những bãi cát trắng của Bãi Dài vài bước chân, Thanh Kieu Beach Resort sở hữu những bungalow gạch nung lợp mái lá. Resort có vườn và nhà hàng trong khuôn viên đồng thời cung cấp miễn phí WiFi cùng chỗ đỗ xe riêng. Được trang bị cả quạt và máy điều hòa, các phòng rộng rãi tại đây có khu vực ghế ngồi ngoài trời giữa vườn cùng ban công riêng và minibar. Phòng tắm riêng đi kèm vòi sen và đồ vệ sinh cá nhân miễn phí. Thanh Kieu Beach Resort có bàn đặt tour và quầy lễ tân 24 giờ. Nhân viên ở đây sẵn sàng hỗ trợ quý khách với dịch vụ giữ hành lý và bố trí tham quan. Resort còn có sân hiên tắm nắng và trung tâm dịch vụ doanh nhân. Quý khách có thể tham gia các hoạt động lặn biển. lặn với ống thở và câu cá hoặc thuê xe đạp khám phá hòn đảo rồi sau đó thư giãn với dịch vụ mát-xa. Resort cách bảo tàng Cội Nguồn 1 km và chùa Sùng Hưng 1,6 km. Sân bay quốc tế Phú Quốc cách đó 4,4 km. Nhà hàng ngoài trời của resort phục vụ đa dạng các món ăn đậm chất Việt Na, hải sản cũng như nhiều món Âu. Quán Beach Bar mang đến nhiều lựa chọn cocktail, bia và rượu vang.",7.5
1392,Balcona Hotel Da Nang,Đà Nẵng,"Tọa lạc tại thành phố Đà Nẵng, Balcona Hotel Da Nang có nhà hàng, xe đạp cho khách sử dụng miễn phí, trung tâm thể dục và quán bar. Khách sạn 4 sao này có WiFi miễn phí, CLB trẻ em và dịch vụ văn phòng. Nơi đây cung cấp dịch vụ lễ tân 24 giờ, dịch vụ phòng và dịch vụ thu đổi ngoại tệ cho khách. Phòng nghỉ tại Balcona Hotel Da Nang được trang bị ấm đun nước, TV màn hình phẳng, máy điều hòa và phòng tắm riêng với dép. Một số phòng có khu vực ghế ngồi. Tất cả các phòng đều được bố trí két an toàn. Chỗ nghỉ phục vụ bữa sáng buffet hằng ngày. Balcona Hotel Da Nang có sân hiên. Khách sạn nằm cách Bãi biển Mỹ Khê vài bước chân và Bãi biển Bắc Mỹ An 400 m. Sân bay gần nhất là sân bay quốc tế Đà Nẵng, cách Balcona Hotel Da Nang 6 km, và chỗ nghỉ cung cấp dịch vụ đưa đón sân bay với một khoản phụ phí.",7.5
1393,Phuong Linh Hotel,Đà Nẵng,"Phuong Linh Hotel cung cấp chỗ nghỉ tại thành phố Đà Nẵng. Chỗ nghỉ có sân hiên tắm nắng và tầm nhìn ra biển đồng thời quý khách có thể thưởng thức bữa ăn tại nhà hàng trong khách sạn. Mỗi phòng nghỉ đều được trang bị TV truyền hình cáp màn hình phẳng Một số phòng nghỉ tại đây có khu vực ghế ngồi để du khách thư giãn hoặc cung cấp tầm nhìn ra quang cảnh núi non/thành phố. Trong phòng có phòng tắm riêng kèm dép, đồ vệ sinh cá nhân miễn phí cùng máy sấy tóc để mang lại sự thoải mái cho du khách. Phuong Linh Hotel cung cấp Wi-Fi miễn phí trong toàn khuôn viên. Khách sạn có quầy lễ tân phục vụ 24 giờ/ngày. Khách sạn có dịch vụ cho thuê xe máy và khu vực này cũng nổi tiếng với các hoạt động đạp xe và đi bộ đường dài. Ngoài ra khách sạn cũng cung cấp dịch vụ cho thuê xe hơi. Ngũ Hành Sơn cách Phuong Linh Hotel 1,2 km trong khi Công viên Á Châu cách đó 4,1 km. Sân bay gần nhất là sân bay quốc tế Đà Nẵng cách chỗ nghỉ 7 km.",5.6
1398,An Villa,Hội An,"An Villa cung cấp chỗ nghỉ trang nhã tại thành phố Hội An, cách Bãi biển Cửa Đại 10 phút đi xe đạp. Tọa lạc giữa những cánh đồng lúa và ngôi nhà nông thôn, chỗ nghỉ có hồ bơi ngoài trời, nhà hàng và quán cafe ngay trong khuôn viên. Được bài trí trang nhã, mỗi phòng nghỉ tại đây đều có thiết kế khác nhau và ban công riêng/khu vườn cũng như bếp nhỏ. Phòng tắm riêng trong mỗi phòng được trang bị tiện nghi vòi sen/bồn tắm, máy sấy tóc và đồ vệ sinh cá nhân miễn phí. Áo choàng tắm, dép và khăn tắm cũng được cung cấp trong phòng. Một số phòng còn có bồn tắm ngoài trời và/hoặc tiện nghi BBQ kiểu Việt Nam. An Villa còn có khu vui chơi cho trẻ em, khu vực tiếp khách ngoài trời và tiện nghi BBQ kiểu Việt Nam. Du khách có thể tập yoga hay thiền hoặc chơi trò chơi board game tại chỗ nghỉ. Nhân viên tại lễ tân 24 giờ sẵn sàng hỗ trợ du khách với việc giải đáp các thắc mắc hoặc thu xếp tour du lịch và cho thuê xe đạp/xe máy theo yêu cầu. Nhà hàng Mum's Kitchen mở cửa cả ngày phục vụ các món ăn ngon của châu Á cho khách lưu trú. Du khách còn có thể thưởng thức bữa sáng thịnh soạn với các món ăn Châu Âu và Việt đúng kiểu cùng cà phê và trà. Hội quán Hải Nam và Bảo tàng lịch sử Hội An đều nằm trong bán kính 3 km từ An Villa trong khi Phố cổ Hội An cách đó 3,3 km. Sân bay gần nhất là sân bay quốc tế Đà Nẵng, cách An Villa 25 km.",8.3
1399,THUY'S căn hộ mặt tiền đối diện biển,Vũng Tàu,"Chỗ nghỉ này cung cấp WiFi miễn phí trong toàn bộ khuôn viên. Tất cả các căn tại đây đều được trang bị máy điều hòa, TV màn hình phẳng, phòng khách với ghế sofa, bếp đầy đủ tiện nghi đi kèm khu vực ăn uống và phòng tắm riêng với vòi xịt/chậu rửa vệ sinh, dép đi trong phòng cùng máy sấy tóc. Một số căn tại đây được bố trí sân trong và/hoặc ban công nhìn ra hồ nước. Căn hộ cung cấp cả dịch vụ cho thuê xe đạp lẫn xe hơi trong khi du khách có thể đi bộ đường dài ở khu vực gần đó. Những điểm tham quan nổi tiếng gần THUY'S căn hộ mặt tiền đối diện biển bao gồm Bãi Dứa, Mũi Nghinh Phong và tượng Chúa Ki-tô Vua Vũng Tàu. Sân bay gần nhất là sân bay Vũng Tàu, cách đó 7 km, và chỗ nghỉ cung cấp dịch vụ đưa đón sân bay với một khoản phụ phí.",7.3
1402,Yen Vang Hotel & Apartment Nha Trang,Nha Trang,"Yến Vàng Hotel & Apartment Nha Trang - Cạnh Chợ Đầm nằm ở thành phố Nha Trang thuộc tỉnh Khánh Hòa, cách Bãi biển Nha Trang 400 m và Bãi biển Hòn Chồng 2,2 km. Trong số các tiện nghi của chỗ nghỉ này có sân hiên, dịch vụ phòng, bàn đặt tour và WiFi miễn phí trong toàn bộ khuôn viên. Nơi đây cung cấp dịch vụ lễ tân 24 giờ, bếp chung và dịch vụ thu đổi ngoại tệ cho khách. Phòng nghỉ tại Yến Vàng Hotel & Apartment Nha Trang - Cạnh Chợ Đầm được bố trí khu vực ghế ngồi, TV màn hình phẳng và phòng tắm riêng với vòi sen cùng dép. Một số phòng có khu vực bếp ăn đi kèm tủ lạnh. Tất cả các phòng đều được trang bị máy điều hòa và bàn làm việc. Chỗ nghỉ nằm gần các điểm tham quan nổi tiếng như Chợ Đầm, Bảo tàng Alexandre Yersin và Bảo tàng Khánh Hòa. Sân bay gần nhất là sân bay quốc tế Cam Ranh, nằm trong bán kính 38 km từ Yến Vàng Hotel & Apartment Nha Trang - Cạnh Chợ Đầm, và chỗ nghỉ cung cấp dịch vụ đưa đón sân bay với một khoản phụ phí.",7.1
1404,Singita Classy Boutique Hotel,Hà Nội,"Singita Classy Boutique Hotel tọa lạc tại thành phố Hà Nội, cách Nhà Thờ Lớn 500 m và Chợ Đồng Xuân 700 m. Trong số các tiện nghi của chỗ nghỉ này có quầy bar, nhà hàng, lễ tân 24 giờ, dịch vụ phòng và WiFi miễn phí. Khách sạn cung cấp các phòng gia đình. Phòng nghỉ gắn máy điều hòa tại Singita Classy Boutique Hotel có bàn làm việc, ấm đun nước, minibar, két an toàn, TV màn hình phẳng, ban công và phòng tắm riêng với vòi sen. Các phòng được trang bị ga trải giường và khăn tắm. Chỗ nghỉ phục vụ bữa sáng kiểu lục địa hoặc bữa sáng buffet. Đi xe đạp là hoạt động được ưa chuộng trong khu vực và du khách có thể thuê xe đạp/xe hơi tại Singita Classy Boutique Hotel. Các điểm tham quan nổi tiếng gần khách sạn bao gồm Nhà hát múa rối nước Thăng Long, Hồ Hoàn Kiếm và Ô Quan Chưởng. Sân bay gần nhất là sân bay quốc tế Nội Bài, nằm trong bán kính 21 km từ Singita Classy Boutique Hotel.",6.9
1407,Salinda Resort Phu Quoc Island,Phú Quốc,"Chỗ nghỉ này có quán bar, vườn cũng như khu vực bãi biển riêng. Chỗ nghỉ cung cấp dịch vụ lễ tân 24 giờ, dịch vụ phòng và dịch vụ thu đổi ngoại tệ cho khách. Phòng nghỉ tại resort có máy điều hòa, bàn làm việc, ấm đun nước, két an toàn, TV màn hình phẳng và phòng tắm riêng với vòi sen. Một số phòng còn được bố trí bếp nhỏ với minibar. Tất cả các phòng đều có tủ để quần áo. Salinda Resort Phu Quoc Island phục vụ bữa sáng buffet hàng ngày. Chỗ nghỉ có sân hiên. Du khách có thể chơi bida tại Salinda Resort Phu Quoc Island và đi xe đạp là hoạt động được ưa chuộng trong khu vực. Chỗ nghỉ cũng có dịch vụ văn phòng và CLB trẻ em trong khuôn viên. Chùa Sùng Hưng nằm trong bán kính 4,3 km từ resort trong khi công viên giải trí Vinpearl Land Phú Quốc cách đó 26 km. Sân bay gần nhất là sân bay quốc tế Phú Quốc, cách Salinda Resort Phu Quoc Island 7 km, và chỗ nghỉ cung cấp dịch vụ đưa đón sân bay miễn phí.",8.6
1412,HoLo Ben Thanh Saigon - Serviced HomeStay,TP. Hồ Chí Minh,"Tọa lạc tại Thành phố Hồ Chí Minh, cách Bảo tàng Mỹ thuật 400 m và trung tâm thương mại Takashimaya Việt Nam chưa đầy 1 km, HoLo Ben Thanh Saigon - Serviced HomeStay cung cấp chỗ nghỉ với WiFi miễn phí, máy điều hòa, khu vườn và sân hiên. Mỗi căn tại đây đều được bố trí phòng tắm riêng với vòi sen, dép đi trong phòng, máy sấy tóc và đồ vệ sinh cá nhân miễn phí. Các điểm tham quan nổi tiếng gần homestay này bao gồm Chợ ẩm thực đường phố Bến Thành, Chợ Bến Thành và Công viên Tao Đàn. Sân bay gần nhất là sân bay quốc tế Tân Sơn Nhất, nằm trong bán kính 13 km từ HoLo Ben Thanh Saigon - Serviced HomeStay.",6.0
1419,May De Ville Premier Hotel & Spa,Hà Nội,"Tọa lạc ở thành phố Hà Nội, cách Ô Quan Chưởng 300 m, May De Ville Premier Hotel & Spa có hồ bơi ngoài trời, quầy bar và tầm nhìn ra quang cảnh thành phố. Trong số các tiện nghi của chỗ nghỉ này có nhà hàng, lễ tân 24 giờ, dịch vụ phòng và Wi-Fi miễn phí trong toàn bộ khuôn viên. Du khách có thể thưởng thức đồ uống tại quầy bar thức ăn nhẹ. Phòng nghỉ tại khách sạn được trang bị máy điều hòa, khu vực ghế ngồi, TV màn hình phẳng với các kênh truyền hình vệ tinh, két an toàn và phòng tắm riêng với vòi sen, dép đi trong phòng cùng máy sấy tóc. Các phòng còn có bàn làm việc và ấm đun nước. May De Ville Premier Hotel & Spa phục vụ bữa sáng buffet hoặc bữa sáng kiểu lục địa. Chỗ nghỉ có sân hiên. Khu vực này nổi tiếng với hoạt động đạp xe và du khách có thể thuê xe đạp tại May De Ville Premier Hotel & Spa. Các điểm tham quan nổi tiếng gần khách sạn gồm có Nhà hát Múa rối nước Thăng Long, Hồ Hoàn Kiếm và Nhà thờ Lớn Hà Nội. Sân bay gần nhất là sân bay quốc tế Nội Bài, cách May De Ville Premier Hotel & Spa 25 km và chỗ nghỉ cung cấp dịch vụ đưa đón sân bay với một khoản phụ phí.",8.8
1420,Sweet Lavender Hotel - Near Dalat Night Market,Đà Lạt,"Sweet Lavender Hotel - Near Dalat Night Market cung cấp chỗ nghỉ với khu vườn tại thành phố Đà Lạt thuộc tỉnh Lâm Đồng, cách Quảng trường Lâm Viên 1,8 km và Hồ Xuân Hương 2 km. Khách sạn 2 sao này có bàn đặt tour và phòng giữ hành lý. Nơi đây cung cấp dịch vụ lễ tân 24 giờ, dịch vụ đưa đón sân bay, dịch vụ phòng và WiFi miễn phí trong toàn bộ khuôn viên. Mỗi phòng nghỉ tại khách sạn đều được trang bị TV màn hình phẳng trong khi một số phòng có ban công. Sweet Lavender Hotel - Near Dalat Night Market nằm trong bán kính 2,2 km từ Công viên Yersin và 3,3 km từ Vườn hoa Đà Lạt. Sân bay gần nhất là sân bay Liên Khương, cách chỗ nghỉ 30 km.",7.4
1423,Hoa My II Hotel - Hoianese Old Town Hotel,Hội An,"Hoa My II có nhà hàng, hồ bơi trong nhà và cung cấp các phòng với Wi-Fi miễn phí. Nằm trên đường Trần Cao Vân, khách sạn cách vài bước chân từ khu trung tâm thành phố Hội An, Di sản Thế giới được UNESCO công nhận. Tất cả các phòng đều được trang bị máy điều hòa và cho tầm nhìn ra quang cảnh thành phố. Bữa sáng được phục vụ hàng ngày. Quý khách cũng có thể thưởng thức các món ăn Âu và Á tại nhà hàng trong khuôn viên. Các phòng nghỉ rộng rãi được trang bị TV, bàn làm việc, tủ lạnh mini và khu vực ghế ngồi. Phòng tắm riêng đi kèm đồ vệ sinh cá nhân miễn phí và máy sấy tóc. Ngoài ra, Hoa My II cũng có quán café Internet nhỏ, bàn đặt tour và dịch vụ đặt vé. Chỗ nghỉ có thể sắp xếp dịch vụ đưa đón sân bay và cho thuê xe đạp kèm phụ phí. Quý khách có thể yêu cầu dịch vụ giặt thường và giặt hấp tại đây. Bãi biển An Bàng cách chỗ nghỉ 4 km, còn sân bay quốc tế Đà Nẵng cách đó 30 km.",6.8
1424,Sapa Catcat Hills Resort & Spa,Sa Pa,"Tọa lạc tại thị xã Sa Pa, cách Ga cáp treo Fansipan Legend 6,5 km, Sapa Catcat Hills Resort & Spa cung cấp chỗ nghỉ với nhà hàng, chỗ đỗ xe riêng miễn phí, hồ bơi ngoài trời và quầy bar. Resort này có khu vườn và nằm gần một số điểm tham quan nổi tiếng, cách Hồ Sa Pa khoảng 1,7 km, Nhà thờ Đá Sa Pa 1,1 km và Bến xe Sa Pa 1,5 km. Chỗ nghỉ cung cấp dịch vụ lễ tân 24 giờ, dịch vụ phòng và dịch vụ thu đổi ngoại tệ cho khách. Phòng nghỉ gắn máy điều hòa tại resort được trang bị tủ để quần áo, ấm đun nước, minibar, két an toàn, TV màn hình phẳng và phòng tắm riêng với vòi xịt/chậu rửa vệ sinh. WiFi được cung cấp miễn phí cho tất cả các khách trong khi một số phòng có ban công. Sapa Catcat Hills Resort & Spa phục vụ bữa sáng kiểu lục địa hoặc bữa sáng kiểu Mỹ. Chỗ nghỉ có sân hiên. Vườn hoa Hàm Rồng - Núi Hàm Rồng nằm trong bán kính 2 km từ Sapa Catcat Hills Resort & Spa trong khi Thung lũng Mường Hoa cách đó 13 km. Sân bay gần nhất là sân bay Điện Biên Phủ, cách resort 269 km.",6.8
1434,Aroma Nha Trang Boutique Hotel,Nha Trang,"Nằm ở thành phố Nha Trang, cách Bãi biển Nha Trang 300 m, Aroma Nha Trang Boutique Hotel cung cấp chỗ nghỉ bên bờ biển với nhiều tiện nghi như nhà hàng, hồ bơi ngoài trời và sảnh khách chung. Chỗ nghỉ này có bồn nước nóng và dịch vụ cho thuê xe hơi. Nơi đây cung cấp dịch vụ lễ tân 24 giờ, dịch vụ văn phòng và dịch vụ thu đổi ngoại tệ cho khách. Mỗi phòng nghỉ tại Aroma Nha Trang Boutique Hotel đều được bố trí máy điều hòa, khu vực ghế ngồi, TV truyền hình cáp màn hình phẳng, két an toàn, ấm đun nước và phòng tắm riêng với dép cùng máy sấy tóc. Một số phòng có ban công trong khi những phòng còn lại cho tầm nhìn ra biển. Tất cả các phòng được trang bị ga trải giường và khăn tắm. Chỗ nghỉ phục vụ bữa sáng buffet hoặc bữa sáng kiểu Á. Aroma Nha Trang Boutique Hotel có sân hiên tắm nắng. Các điểm tham quan nổi tiếng gần khách sạn bao gồm quán Sailing Club, Trung tâm Thuyền buồm Việt Nam và Quảng trường 2/4. Sân bay gần nhất là sân bay quốc tế Cam Ranh, nằm trong bán kính 37 km từ Aroma Nha Trang Boutique Hotel, và chỗ nghỉ cung cấp dịch vụ đưa đón sân bay với một khoản phụ phí.",7.2
1438,SILA Urban Living,TP. Hồ Chí Minh,"Phù hợp với các kỳ nghỉ ngắn ngày và dài ngày, chỗ nghỉ này có nội thất hiện đại đầy phong cách. Dinh Thống Nhất nằm trong bán kính 700 m từ chỗ nghỉ này. Chỗ nghỉ cung cấp WiFi miễn phí trong toàn bộ khuôn viên. Chỗ ở tại đây có cửa sổ vách kính, tầm nhìn ra quang cảnh thành phố, TV màn hình phẳng LED cũng như khu vực tiếp khách và ăn uống. Tất cả chỗ ở được bố trí bếp với lò nướng, lò vi sóng, máy nướng bánh mỳ, tủ lạnh, bếp nấu và ấm đun nước. Mỗi chỗ ở đều có phòng tắm riêng với vòi sen và đồ vệ sinh cá nhân miễn phí. SILA Urban Living có hồ bơi ngoài trời dài 20 m, CLB chăm sóc sức khỏe với phòng tập thể dục 24 giờ, phòng xông hơi ướt, hồ bơi spa và phòng tập yoga. Chỗ nghỉ này còn có cả cửa hàng tiện lợi. Kết hợp các món ăn truyền thống ngon nhất của Pháp với không gian hiện đại của khách sạn thời thượng nhất Sài Gòn, nhà hàng Cocotte Bistro mong muốn làm hài lòng và kích thích vị giác của những người sành ăn khó tính nhất. SILA Urban Living nằm cách Công viên Tao Đàn 800 m. Sân bay quốc tế Tân Sơn Nhất nằm trong bán kính 6 km từ chỗ nghỉ này.",7.3
1439,Duy Ninh Hotel,Vũng Tàu,"Chỗ nghỉ này nằm cách Tượng Chúa Ki-tô Vua 2,3 km, Bạch Dinh 4,1 km và Ngọn hải đăng Vũng Tàu 6 km. Chỗ nghỉ có lễ tân 24 giờ, phòng giữ hành lý và dịch vụ đỗ xe cho khách. Phòng nghỉ tại Duy Ninh Hotel được trang bị bàn làm việc, TV màn hình phẳng, phòng tắm riêng, ga trải giường và khăn tắm. Tất cả các phòng đều có máy điều hòa và két an toàn. Khu du lịch sinh thái Hồ Mây nằm cách chỗ nghỉ 9 km trong khi Bến tàu Cánh ngầm cách đó 3 km. Sân bay gần nhất là sân bay quốc tế Tân Sơn Nhất, cách Duy Ninh Hotel 72 km.",6.8
1441,Hoi An Emerald Riverside Villas & Hotel,Hội An,"Nằm ở thành phố Hội An, Hoi An Emerald Riverside Villa & Hotel có nhà hàng, lễ tân 24 giờ, quầy bar, vườn, hồ bơi ngoài trời mở cửa quanh năm, sân hiên và tầm nhìn ra quang cảnh thành phố. Biệt thự cung cấp miễn phí cả WiFi lẫn chỗ đỗ xe riêng. Các căn tại đây có sân trong, máy điều hòa, TV màn hình phẳng và phòng tắm riêng đi kèm vòi sen cùng áo choàng tắm. Để thêm phần thuận tiện cho du khách, chỗ nghỉ có thể cung cấp khăn tắm và ga trải giường với một khoản phụ phí. Hoi An Emerald Riverside Villas & Hotel phục vụ bữa sáng à la carte hoặc kiểu Á. Sau một ngày đi bộ đường dài hoặc đi xe đạp, du khách có thể thư giãn trong khu vực tiếp khách chung. Chỗ nghỉ nằm cách Bãi biển Cửa Đại 1,5 km và Bãi biển An Bàng 1,7 km. Sân bay gần nhất là sân bay quốc tế Đà Nẵng, nằm trong bán kính 29 km từ Hoi An Emerald Riverside Villas & Hotel, và chỗ nghỉ cung cấp dịch vụ đưa đón sân bay với một khoản phụ phí.",7.5
1444,Thien Thanh Resort,Phú Quốc,"Resort này cung cấp Wi-Fi miễn phí. Khách nghỉ tại Thien Thanh Resort sẽ được tham gia các hoạt động trong và xung quanh Phú Quốc như đi xe đạp. Phòng nghỉ tại đây được trang bị TV truyền hình cáp màn hình phẳng, ấm đun nước, bồn tắm, đồ vệ sinh cá nhân miễn phí, bàn làm việc, máy điều hòa và tủ quần áo. Một số phòng còn có ban công.  Resort cung cấp bữa sáng tự chọn hoặc kiểu Mỹ. Du khách có thể ngắm nhìn cảnh hoàng hôn và thưởng thức cocktail tại quầy bar bên hồ bơi hoặc tham gia tiệc BBQ tự chọn hàng ngày trên bãi biển. Chỗ nghỉ còn có các dịch vụ và tiện nghi như trung tâm dịch vụ doanh nhân, máy ATM và báo. Du khách có thể tham gia vô số hoạt động tại resort như câu cá, câu mực, lặn với ống thở và lặn biển. Resort cũng cung cấp dịch vụ đưa đón sân bay miễn phí. Thien Thanh Resort nằm cách Chùa Sư Muôn 1,1 km và Chợ Đêm Phú Quốc 1,2 km. Sân bay gần nhất là Sân bay Quốc tế Phú Quốc, nằm trong bán kính 5 km từ resort.",6.8
1453,Maika Hotel Nha Trang,Nha Trang,"7S Hotel Maika Nha Trang cung cấp phòng nghỉ gắn máy điều hòa với TV truyền hình cáp màn hình phẳng ở khu Bãi biển Nha Trang thuộc thành phố Nha Trang. Khách sạn 2 sao này có dịch vụ đỗ xe cho khách và phòng giữ hành lý. Chỗ nghỉ có lễ tân 24 giờ, dịch vụ đưa đón sân bay, dịch vụ phòng và WiFi miễn phí. Phòng nghỉ tại khách sạn được trang bị bàn làm việc. Các điểm tham quan nổi tiếng gần 7S Hotel Maika Nha Trang bao gồm Bãi biển Nha Trang, Bảo tàng Alexandre Yersin và Trung tâm mua sắm Nha Trang Centre. Sân bay gần nhất là sân bay quốc tế Cam Ranh, cách chỗ nghỉ 38 km.",6.7
1454,Phu Quy Hotel,Vũng Tàu,"Trong số các tiện nghi của chỗ nghỉ này có lễ tân 24 giờ, bếp chung và WiFi miễn phí trong toàn bộ khuôn viên. Khách sạn cung cấp các phòng gia đình. Tất cả phòng nghỉ tại Phu Quy Hotel đều có khu vực ghế ngồi, TV truyền hình cáp cũng như phòng tắm riêng đi kèm dép và vòi sen. Trong phòng được trang bị máy điều hòa và tủ để quần áo. Các điểm tham quan nổi tiếng gần chỗ nghỉ bao gồm Bãi Dứa, Bãi Trước và Tượng Chúa Kitô Vua. Sân bay gần nhất là sân bay quốc tế Tân Sơn Nhất, nằm trong bán kính 109 km từ Phu Quy Hotel.",8.4
1459,Phuong Hong Guesthouse,Đà Lạt,"Nhà khách này có các phòng gia đình và sân chơi cho trẻ em. Chỗ nghỉ cung cấp dịch vụ lễ tân 24 giờ, dịch vụ phòng và phòng giữ hành lý cho khách. Mỗi phòng nghỉ tại nhà khách đều có bàn làm việc, TV màn hình phẳng, phòng tắm riêng, ga trải giường và khăn tắm. Tất cả các phòng được bố trí tủ để quần áo. Phuong Hong Guesthouse có sân hiên. Các điểm tham quan nổi tiếng gần chỗ nghỉ bao gồm Công viên Yersin, Biệt thự Hằng Nga (Ngôi nhà điên) và Dinh Bảo Đại. Sân bay gần nhất là sân bay Liên Khương, nằm trong bán kính 29 km từ Phuong Hong Guesthouse, và chỗ nghỉ cung cấp dịch vụ đưa đón sân bay với một khoản phụ phí.",7.6
1468,Tang Thanh Phat Resort,Phú Quốc,"Tọa lạc tại thị trấn Dương Đông nằm trong bán kính chỉ 300 m từ Núi Gành Gió, Tang Thanh Phat Resort có các bungalow độc lập với Wi-Fi miễn phí. Du khách có thể sử dụng xe đạp miễn phí hoặc dùng bữa tại nhà hàng ngay trong khuôn viên. Cách Tang Thanh Phat Resort 2,5 km có 1 nhà máy nước mắm trong khi Trung tâm Lặn biển Coco cách đó 3 km. Sân bay Quốc tế Phú Quốc nằm trong bán kính 9 km từ resort. Xung quanh nơi nghỉ có nhiều nhà hàng. Mỗi bungalow máy lạnh tại đây đều có sân hiên và cửa sổ cũng như phòng tắm riêng với vòi sen. Trong số các tiện nghi hiện đại trong bungalow có truyền hình vệ tinh màn hình phẳng, khu vực tiếp khách và minibar. Tang Thanh Phat Resort có bàn đặt tour, chỗ để hành lý và dịch vụ giặt hấp. Chỗ đỗ xe riêng được cung cấp miễn phí tại đây.",7.6
1469,Terrace Phu Quoc Resort,Phú Quốc,"Resort có hồ bơi ngoài trời và nhà hàng Việt Nam. Cách Bãi Dài 10 phút đi bộ, Terrace Resort cũng cách Chợ Đêm và Trung tâm Thị trấn Dương Đông 2,8 km. Sân bay Quốc tế Phú Quốc cách resort khoảng 6 km. Quý khách có thể chiêm ngưỡng quang cảnh khu vườn từ mỗi bungalow được trang bị truyền hình cáp màn hình phẳng, minibar và khu vực tiếp khách. Phòng tắm riêng có vòi sen nước nóng, máy sấy tóc và đồ vệ sinh cá nhân miễn phí. Tiện nghi để hành lý có sẵn tại lễ tân 24 giờ. Các dịch vụ khác tại resort bao gồm bàn đặt tour và dịch vụ đặt vé. Các dịch vụ đưa đón sân bay và giặt là được cung cấp kèm phụ phí.",5.9
1471,Le Petit Villa Hoi An,Hội An,"Tọa lạc ở thành phố Hội An, Le Petit Villa Hoi An cung cấp chỗ nghỉ với hồ bơi ngoài trời và WiFi miễn phí cũng như chỗ đỗ xe riêng miễn phí cho khách lái xe. Phòng nghỉ tại đây có ban công, máy điều hòa, TV màn hình phẳng và phòng tắm riêng với chậu rửa vệ sinh (bidet) cùng đồ vệ sinh cá nhân miễn phí. Tủ lạnh và ấm đun nước cũng được trang bị trong phòng. Du khách có thể thư giãn trên sân hiên tắm nắng của biệt thự. Le Petit Villa Hoi An cung cấp dịch vụ cho thuê xe hơi. Các điểm tham quan nổi tiếng gần chỗ nghỉ bao gồm Bảo tàng Lịch sử Hội An, Chùa Cầu Nhật Bản và Hội quán Quảng Đông. Sân bay gần nhất là sân bay quốc tế Đà Nẵng, cách Le Petit Villa Hoi An 22 km.",7.8
1473,Saigon Garden Homestay,TP. Hồ Chí Minh,"Tọa lạc tại Thành phố Hồ Chí Minh, Saigon Garden Homestay có nhà hàng, bếp chung, quầy bar, vườn, sân hiên tắm nắng và tầm nhìn ra vườn. Homestay này cung cấp miễn phí cả WiFi lẫn chỗ đỗ xe riêng. Các căn tại đây được trang bị máy nướng bánh mỳ và ấm đun nước. Khách nghỉ tại Saigon Garden Homestay có thể thưởng thức bữa sáng kiểu Á. Sau một ngày đi bộ đường dài, đi xe đạp hoặc câu cá, du khách có thể thư giãn trong khu vực tiếp khách chung. Chỗ nghỉ nằm cách Chợ Tân Định 14 km và Bảo tàng Chứng tích Chiến tranh 16 km. Sân bay gần nhất là sân bay quốc tế Tân Sơn Nhất, nằm trong bán kính 12 km từ Saigon Garden Homestay.",7.4
1475,Oscar Saigon Hotel,TP. Hồ Chí Minh,"Nổi bật với kiến trúc thuộc địa Pháp, Oscar Saigon Hotel chiếm vị trí thuận tiện tại Quận 1, giữa lòng trung tâm Thành phố Hồ Chí Minh. Khách sạn này có khu vườn, nhà hàng trong khuôn viên và Wi-Fi miễn phí trong tất cả các khu vực. Du khách đi bộ trong vòng 10 phút là có thể đến Nhà Hát Lớn Sài Gòn, Ủy ban Nhân dân Thành phố, trung tâm tài chính Bitexco Financial Tower và Chợ Bến Thành. Sân bay gần nhất là sân bay quốc tế Tân Sơn Nhất, cách Oscar Saigon Hotel 30 phút lái xe. Tất cả phòng nghỉ tại đây đều được trang bị máy điều hòa, bàn làm việc, két an toàn và truyền hình vệ tinh. Trong phòng còn có minibar và máy pha trà/cà phê. Phòng tắm riêng trong mỗi phòng đi kèm vòi sen, máy sấy tóc và đồ vệ sinh cá nhân miễn phí. Áo choàng tắm và dép đi trong phòng cũng được cung cấp để tạo sự thoải mái cho du khách. Đội ngũ nhân viên nói hai thứ tiếng ở quầy lễ tân 24 giờ có thể hỗ trợ du khách với một loạt dịch vụ, bao gồm nhận phòng/trả phòng cấp tốc, giữ hành lý và thu đổi ngoại tệ. Các chuyến đi trong ngày, dịch vụ đưa đón và vận chuyển sân bay có thể được sắp xếp theo yêu cầu với một khoản phụ phí. Oscar Saigon Hotel cũng có trung tâm thể dục và trung tâm dịch vụ doanh nhân, đồng thời du khách có thể thư giãn với dịch vụ mát-xa chuyên nghiệp tại spa trong khuôn viên. Nhà hàng Starlight trong khuôn viên phục vụ một loạt các món ăn địa phương và quốc tế trong khi quán Mylife Coffee cung cấp nhiều lựa chọn đồ uống.",5.3
1487,Phu Quoc Village,Phú Quốc,"Nằm ở thị trấn Dương Đông, Phu Quoc Village đem đến cho quý khách 1 kỳ lưu trú thư giãn trong các phòng nghỉ giản dị và đầy đủ tiện nghi. Nơi đây cũng cung cấp sân hiên phơi nắng, nơi quý khách có thể thư giãn và dễ dàng lui tới Bãi biển Đình Cầu tuyệt đẹp, chỉ cách đó 1,5 km. Chỗ ở tự phục vụ này được cung cấp chỗ đậu xe cùng Wi-Fi miễn phí. Dịch vụ ủi, đặt vé và sắp xếp tour du lịch cũng được cung cấp. Du khách có thể chuẩn bị thức ăn trong bếp chung, hoặc nếm thử đặc sản địa phương tại các nhà hàng cũng như quán ăn cách đó một khoảng lái xe ngắn. Mỗi chỗ ở được trang bị máy lạnh, nhà bếp cùng phòng tắm kèm đồ vệ sinh cá nhân. Phòng khách bao gồm ghế sofa thoải mái và TV màn hình phẳng. Nơi nghỉ còn có sân hiên hoặc ban công, và võng. Những chỗ ở chọn lọc có tầm nhìn ra núi. Khách sạn cách Chùa Sư Muôn khoảng 400 m và cách Chợ Đêm Phú Quốc 900 m. Sân bay Phú Quốc cách biệt thự 7 km.",7.5
1495,Hoa Phat Hotel & Apartment,TP. Hồ Chí Minh,"Nhìn ra Sông Sài Gòn, Hoa Phat Hotel & Apartment cung cấp Wi-Fi miễn phí trong các phòng nghỉ và căn hộ. Chỉ cách làng du lịch Bình Quới 500 m, khách sạn có nhà hàng và chỗ đỗ xe miễn phí ngay trong khuôn viên. Các phòng theo phong cách Pháp có đồ nội thất bằng gỗ và ban công nhìn ra quang cảnh sông nước hoặc vườn cây. Trong các căn hộ tại đây có phòng khách, nhà bếp đầy đủ tiện nghi và máy giặt. TV màn hình LCD 32 inch và nước đóng chai miễn phí được trang bị trong tất cả các phòng nghỉ cũng như căn hộ. Bữa sáng kiểu Việt Nam được phục vụ tại nhà hàng ngay trong khuôn viên khách sạn, nơi cũng cung cấp các món ăn phương Tây và châu Á. Hoa Phat Hotel & Apartment chỉ nằm trong bán kính 7 km từ công viên giải trí Suối Tiên. Sân bay Tân Sơn Nhất cách đó 25 phút lái xe.",6.1
1498,Holi Panorama Nha Trang,Nha Trang,"Nằm cách bãi biển Nha Trang chưa đến 1 km, Holi Panorama Nha Trang cung cấp chỗ nghỉ với nhà hàng, hồ bơi ngoài trời, trung tâm thể dục và quầy bar. Chỗ nghỉ này có Wi-Fi miễn phí. Các căn tại đây có sàn gỗ parquet, bếp đầy đủ tiện nghi với lò vi sóng, khu vực ăn uống, TV màn hình phẳng cũng như phòng tắm riêng đi kèm vòi sen và dép đi trong phòng. Các căn còn được trang bị tủ lạnh, minibar, bếp nấu ăn và ấm đun nước. Căn hộ phục vụ bữa sáng buffet hàng ngày. Holi Panorama Nha Trang có sân hiên. Các điểm tham quan nổi tiếng gần các chỗ nghỉ gồm Tháp Trầm Hương, Nhà thờ Đá Nha Trang và trung tâm thương mại Nha Trang Centre. Sân bay gần nhất là sân bay quốc tế Cam Ranh, nằm cách Holi Panorama Nha Trang 36 km.",7.5
1501,Amigo Hue Hotel,Huế,"Với tầm nhìn ra Sông Hương và Cầu Tràng Tiền, Amigo Bridge có các phòng nghỉ với WiFi miễn phí cùng phòng tắm với bồn tắm cùng vòi sen. Khách sạn phục vụ ăn uống 24 giờ. Khách sạn cách Sân bay Phú Bài 15 km. Ga Huế cách đó 2 km. Tất cả các phòng đều có máy điều hòa và minibar. Các phòng được trang bị máy sấy tóc và điện thoại. Khách có thể sử dụng hồ bơi cách khách sạn 80 m. Du khách sắp xếp các chuyến tham quan tại bàn đặt tour. Amigo Hue Hotel cung cấp dịch vụ thu đổi ngoại tệ và giặt là. Két an toàn có tại lễ tân. Bamboo Restaurant có các món ăn địa phương và quốc tế, cũng như đồ ăn chay.",7.3
1507,Sapa Valley view hotel,Sa Pa,"Tọa lạc tại thị xã Sa Pa, Sapa Valley view hotel có nhà hàng, quầy bar, sảnh khách chung và vườn. Khách sạn 3 sao này có dịch vụ phòng, máy ATM và WiFi miễn phí. Chỗ nghỉ cung cấp dịch vụ lễ tân 24 giờ, bếp chung và dịch vụ thu đổi ngoại tệ cho khách. Phòng nghỉ tại khách sạn được trang bị máy điều hòa, TV truyền hình cáp màn hình phẳng, tủ lạnh, ấm đun nước, vòi xịt/chậu rửa vệ sinh, dép và bàn làm việc. Một số phòng có ban công và tầm nhìn ra quang cảnh thành phố. Mỗi phòng đều được bố trí phòng tắm riêng và tủ để quần áo. Tất cả các phòng sử dụng phòng tắm chung với vòi sen và máy sấy tóc. Khách nghỉ tại Sapa Valley view hotel có thể thưởng thức bữa sáng kiểu lục địa. Chỗ nghỉ có sân chơi cho trẻ em. Đạp xe là hoạt động được ưa chuộng trong khu vực và Sapa Valley view hotel cũng cung cấp dịch vụ cho thuê xe máy. Các điểm tham quan nổi tiếng gần khách sạn bao gồm trung tâm thương mại Sun Plaza, Hồ Sa Pa và Quảng trường Trung tâm Sa Pa.",9.1
1509,NGAN HA Hotel,TP. Hồ Chí Minh,"Khách sạn 2 sao này có WiFi miễn phí, lễ tân 24 giờ và dịch vụ phòng. Chỗ nghỉ có thể bố trí chỗ đỗ xe riêng cho khách với một khoản phụ phí. Mỗi phòng nghỉ tại khách sạn đều được trang bị tủ để quần áo. Phòng nghỉ tại NGAN HA Hotel được trang bị bàn làm việc, TV màn hình phẳng và phòng tắm riêng. Chỗ nghỉ nằm cách Chợ ẩm thực đường phố Bến Thành 4,2 km và Chợ Bến Thành 4,4 km. Sân bay gần nhất là sân bay quốc tế Tân Sơn Nhất, nằm trong bán kính 12 km từ NGAN HA Hotel.",6.0
1512,Village Love Homestay,Hội An,"Cách Hội quán Triều Châu 1,9 km, Village Love Homestay có chỗ nghỉ, nhà hàng, xe máy cho khách sử dụng miễn phí, sảnh khách chung và vườn. Du khách có thể truy cập WiFi miễn phí. Mỗi phòng nghỉ tại đây đều được bố trí phòng tắm riêng với chậu rửa vệ sinh (bidet), máy điều hòa, TV màn hình phẳng và tủ lạnh. Homestay này phục vụ bữa sáng à la carte. Village Love Homestay có sân hiên. Du khách có thể thuê xe hơi tại chỗ nghỉ. Village Love Homestay nằm cách Bảo tàng Lịch sử Hội An 2,4 km và Hội quán Quảng Đông 2,8 km. Sân bay gần nhất là sân bay quốc tế Đà Nẵng, cách đó 30 km, và chỗ nghỉ cung cấp dịch vụ đưa đón sân bay với một khoản phụ phí.",7.4
1513,Sunny Ocean Hotel & Spa,Đà Nẵng,"Tọa lạc tại thành phố Đà Nẵng, Sunny Ocean Hotel & Spa có nhà hàng, xe đạp miễn phí, hồ bơi ngoài trời và trung tâm thể dục. Nằm cách bãi biển Mỹ Khê 400 m và bãi biển Bắc Mỹ An 1,2 km, chỗ nghỉ này còn có quầy bar và sảnh khách chung. Chỗ nghỉ cung cấp dịch vụ lễ tân 24 giờ, dịch vụ đưa đón sân bay, dịch vụ phòng và Wi-Fi miễn phí trong toàn bộ khuôn viên. Tất cả phòng nghỉ tại khách sạn được bố trí máy điều hòa, khu vực ghế ngồi, TV màn hình phẳng với các kênh truyền hình vệ tinh, két an toàn và phòng tắm riêng với vòi sen, dép đi trong phòng cùng máy sấy tóc. Sunny Ocean Hotel & Spa có một số phòng nhìn ra biển và các phòng được trang bị ấm đun nước. Mỗi phòng tại chỗ nghỉ đều có ga trải giường và khăn tắm. Sunny Ocean Hotel & Spa phục vụ bữa sáng kiểu lục địa hằng ngày. Khách sạn có sân hiên tắm nắng. Khu vực này nổi tiếng với hoạt động đi xe đạp và du khách có thể thuê xe hơi tại Sunny Ocean Hotel & Spa. Chỗ nghỉ có tiệm làm tóc và dịch vụ văn phòng. Chỗ nghỉ nằm trong bán kính 2,8 km từ Cầu khóa Tình yêu và 3,4 km từ Bảo tàng Chăm. Sân bay gần nhất là sân bay quốc tế Đà Nẵng, nằm cách Sunny Ocean Hotel & Spa 7 km.",6.9
1520,Hoian Sincerity Hotel & Spa,Hội An,"Thuận tiện nằm gần nhiều điểm du lịch nổi tiếng, Hoi An Sincerity Hotel chỉ cách Bảo tàng Lịch sử Hội An 1,2 km. Khách sạn có nhà hàng tại chỗ phục vụ ẩm thực phong phú. Chỗ đỗ xe được cung cấp miễn phí tại chỗ nghỉ này. Hội quán Phúc Kiến Trung Quốc và Sân bay Quốc tế Đà Nẵng nằm trong bán kính lần lượt 1,3 km và 30 km từ khách sạn. Mỗi phòng đều được trang bị TV màn hình phẳng. Một số có khu vực tiếp khách để tạo thuận tiện cho du khách. Tất cả mọi phòng đều bao gồm phòng tắm riêng kèm bồn tắm/vòi sen. Khách được sử dụng dịch vụ lễ tân 24 giờ và Wi-Fi miễn phí trong toàn khuôn viên.",7.1
1523,Sea Memory Hotel,Vũng Tàu,"Nằm ở thành phố Vũng Tàu, cách Bãi Sau chưa đầy 1 km, Sea Memory Hotel có sảnh khách chung, phòng nghỉ không gây dị ứng và WiFi miễn phí. Chỗ nghỉ này nằm trong bán kính khoảng 2,4 km từ Mũi Nghinh Phong, 3 km từ Bạch Dinh và 4,3 km từ Ngọn hải đăng Vũng Tàu. Chỗ nghỉ cung cấp dịch vụ lễ tân 24 giờ và dịch vụ phòng cho khách. Phòng nghỉ tại Sea Memory Hotel được trang bị máy điều hòa, TV truyền hình cáp màn hình phẳng, tủ lạnh, ấm đun nước, vòi sen, dép và bàn làm việc. Một số phòng có két an toàn. Mỗi phòng đều được bố trí phòng tắm riêng, tủ để quần áo, ga trải giường và khăn tắm. Các điểm tham quan nổi tiếng gần chỗ nghỉ bao gồm Bãi Trước, Bãi Dứa và Tượng Chúa Kitô Vua. Sân bay gần nhất là sân bay quốc tế Tân Sơn Nhất, cách SEA Memory Hotel 108 km.",7.7
1529,Golden Hotel 2,Hà Nội,"Tọa lạc tại thành phố Hà Nội, cách Nhà Hát Lớn 3,2 km, Golden Hotel 2 cung cấp chỗ nghỉ với WiFi và chỗ đỗ xe riêng miễn phí. Chỗ nghỉ nằm cách trung tâm thương mại Tràng Tiền Plaza 3,4 km, Nhà hát múa rối nước Thăng Long 4,2 km và Nhà Thờ Lớn 4,2 km. Chỗ nghỉ cũng có lễ tân 24 giờ, dịch vụ concierge và dịch vụ thu đổi ngoại tệ cho khách. Phòng nghỉ tại khách sạn được trang bị máy điều hòa, TV truyền hình vệ tinh màn hình phẳng, ấm đun nước, chậu rửa vệ sinh (bidet), máy sấy tóc và bàn làm việc. Mỗi phòng đều có phòng tắm chung với vòi sen và đồ vệ sinh cá nhân miễn phí. Phòng cũng có tủ để quần áo và phòng tắm riêng. Golden Hotel 2 nằm cách Ô Quan Chưởng và Hồ Hoàn Kiếm 5 km. Sân bay gần nhất là sân bay quốc tế Nội Bài, nằm trong bán kính 23 km từ chỗ nghỉ.",7.9
1534,B & B Accommodation Service,Hội An,"Tọa lạc tại thành phố Hội An, B & B Accommodation Service cung cấp chỗ nghỉ yên tĩnh và thoải mái với truy cập Wi-Fi miễn phí trong các phòng. Nơi nghỉ này có lễ tân 24 giờ và chỗ đỗ xe miễn phí ngay trong khuôn viên. Các phòng máy lạnh được bài trí đơn giản tại đây có sàn lát gạch, tủ quần áo, khu vực tiếp khách, tủ lạnh và TV màn hình phẳng. Phòng tắm riêng đi kèm máy sấy tóc, dép và vòi sen. Khách nghỉ tại B & B Accommodation Service có thể gặp nhân viên để được hỗ trợ với các dịch vụ cho thuê xe đạp, đưa đón sân bay và giặt là. Nơi nghỉ này cách Chùa Cầu Nhật Bản chỉ 500 m. Sây bay Phú Bài cách đó khoảng 88 km.",8.2
1539,Hoi An Dat Cam Homestay,Hội An,"Với vị trí thuận tiện tại thành phố Hội An, Hoi An Dat Cam Homestay cung cấp chỗ nghỉ với tầm nhìn ra hồ nước và WiFi. Chỗ nghỉ chỉ cách Hội quán Triều Châu, Bảo tàng Lịch sử Hội An và Hội quán Quảng Đông một quãng ngắn. Các căn tại đây có sân trong, máy điều hòa, TV màn hình phẳng, phòng tắm riêng với vòi xịt/chậu rửa vệ sinh và dép đi trong phòng. Một số căn có ban công và/hoặc sân hiên nhìn ra sông. Homestay phục vụ bữa sáng à la carte hằng ngày. Du khách có thể thuê xe đạp tại ""Hoi An Dat Cam Homestay"". Các điểm tham quan nổi tiếng gần chỗ nghỉ bao gồm Chùa Cầu Nhật Bản, Hội quán Hải Nam và Miếu Quan Công. Sân bay gần nhất là sân bay quốc tế Đà Nẵng, cách Hoi An Dat Cam Homestay 28 km.",8.7
1547,Xuan Hien Resort - Sea Pearl Phu Quoc,Phú Quốc,"Nằm trong bán kính 25 km từ Chùa Sùng Hưng và 43 km từ Sòng bạc Corona, resort này cũng có sảnh khách chung và khu vườn. Chỗ nghỉ cung cấp dịch vụ lễ tân 24 giờ, dịch vụ phòng và dịch vụ thu đổi ngoại tệ cho khách. Phòng nghỉ tại Xuan Hien Resort có máy điều hòa, khu vực ghế ngồi, TV truyền hình vệ tinh màn hình phẳng, két an toàn và phòng tắm riêng với vòi sen, dép cùng máy sấy tóc. Mỗi phòng đều được trang bị ga trải giường và khăn tắm. Chỗ nghỉ phục vụ bữa sáng kiểu lục địa hoặc bữa sáng buffet. Xuan Hien Resort - Sea Pearl Phu Quoc có sân hiên. Đi bộ đường dài và đạp xe là các hoạt động được ưa chuộng trong khu vực trong khi du khách có thể thuê xe hơi tại resort. Xuan Hien Resort nằm cách công viên giải trí Vinpearl Land Phú Quốc 43 km và Nhà tù Phú Quốc 10 km. Sân bay gần nhất là sân bay quốc tế Phú Quốc, cách đó 13 km, và chỗ nghỉ cung cấp dịch vụ đưa đón sân bay với một khoản phụ phí.",6.6
1566,Andochine Resort & Spa Phu Quoc,Phú Quốc,"Tọa lạc trên đảo Phú Quốc, Andochine Resort & Spa Phu Quoc có nhà hàng, xe đạp cho khách sử dụng miễn phí, hồ bơi ngoài trời và quầy bar. Chỗ nghỉ này có khu vực bãi biển riêng, tiện nghi thể thao dưới nước, vườn và sân hiên. Nơi đây cung cấp dịch vụ lễ tân 24 giờ, dịch vụ phòng và dịch vụ thu đổi ngoại tệ cho khách. Tất cả phòng nghỉ tại resort đều được trang bị máy điều hòa, khu vực ghế ngồi, TV màn hình phẳng với các kênh truyền hình vệ tinh, két an toàn và phòng tắm riêng với vòi xịt/chậu rửa vệ sinh, áo choàng tắm cùng dép đi trong phòng. Andochine Resort & Spa Phu Quoc cung cấp một số phòng nhìn ra biển và tất cả các phòng đều có sân trong. Tất cả các phòng tại chỗ nghỉ đều được trang bị ga trải giường và khăn tắm. Andochine Resort & Spa Phu Quoc phục vụ bữa sáng buffet hoặc bữa sáng kiểu Á. Resort có sân chơi cho trẻ em. Khách nghỉ tại Andochine Resort & Spa Phu Quoc có thể tham gia các hoạt động trong và xung quanh đảo Phú Quốc, như đi xe đạp. Chỗ nghỉ nằm cách Chùa Sùng Hưng 12 km và công viên giải trí Vinpearl Land Phú Quốc 34 km. Sân bay gần nhất là sân bay quốc tế Phú Quốc, nằm trong bán kính 13 km từ Andochine Resort & Spa Phu Quoc, và chỗ nghỉ cung cấp dịch vụ đưa đón sân bay miễn phí.",6.6
1570,Jolia Hotel Danang Beach,Đà Nẵng,"Tọa lạc tại thành phố Đà Nẵng, Jolia Hotel & Apartment có nhà hàng, xe đạp cho khách sử dụng miễn phí, hồ bơi ngoài trời và trung tâm thể dục. Chỗ nghỉ này có quán bar, sảnh khách chung và vườn. Nơi đây cung cấp dịch vụ lễ tân 24 giờ, bếp chung và dịch vụ thu đổi ngoại tệ cho khách. Phòng nghỉ tại Jolia Hotel & Apartment được bố trí máy điều hòa, khu vực ghế ngồi, TV truyền hình vệ tinh màn hình phẳng, két an toàn, ấm đun nước và phòng tắm riêng đi kèm vòi xịt/chậu rửa vệ sinh, áo choàng tắm cùng dép đi trong phòng. Một số phòng nhìn ra khu vườn. Các phòng được trang bị ga trải giường và khăn tắm. Jolia Hotel & Apartment phục vụ bữa sáng kiểu lục địa và bữa sáng buffet. Khách sạn có sân hiên. Đi bộ đường dài và đi xe đạp là các hoạt động được ưa chuộng trong khu vực trong khi Jolia Hotel & Apartment cũng cung cấp dịch vụ cho thuê xe hơi. Chỗ nghỉ nằm cách Bãi biển Mỹ Khê 200 m và Bãi biển Bắc Mỹ An 800 m. Sân bay gần nhất là sân bay quốc tế Đà Nẵng, nằm trong bán kính 6 km từ Jolia Hotel & Apartment, và chỗ nghỉ cung cấp dịch vụ đưa đón sân bay với một khoản phụ phí.",7.4
1580,Aria Grand Hotel & Spa,Đà Nẵng,"Cách Bãi biển Mỹ Khê hoang sơ 5 phút đi bộ, Aria Grand Hotel & Spa có hồ bơi vô cực trên sân hiên, bữa sáng tự chọn & lục địa và hàng ngày cùng với phòng xông hơi khô/xông hơi ướt miễn phí. Khách sạn cũng có chỗ đỗ xe miễn phí, dịch vụ đưa đón sân bay và dịch vụ đặt tour du lịch trong ngày. Aria Grand Hotel & Spa cách trung tâm mua sắm Vincom 10 phút lái xe và gần CLB chơi golf, điểm đến hấp dẫn. Cầu khóa tình yêu cách đó 2,7 km trong khi Bảo tàng Chăm cách 3,4 km từ khách sạn. Các lựa chọn giải trí về đêm trong khu vực dành cho người đi bộ cách đó khoảng 5 phút đi bộ. Sân bay Quốc tế Đà Nẵng, cách khách sạn 4 km. Các phòng theo phong cách hiện đại có máy điều hòa và tầm nhìn tuyệt đẹp khác nhau ra quang cảnh thành phố. Mỗi phòng đều có TV truyền hình cáp màn hình phẳng với các kênh châu Á và quốc tế. Trong phòng còn có minibar và internet tốc độ cao. Dịch vụ phòng được cung cấp nhằm mang lại thuận tiện cho quý khách. Khách có thể đến quầy lễ tân 24 giờ để yêu cầu dịch vụ giữ hành lý và dịch vụ concierge. Du khách cũng có thể chăm sóc bản thân tại spa hoặc khu vực tập thể dục đầy đủ tiện nghi. Các phòng chức năng tại khách sạn có thể tổ chức hội họp và sự kiện. Tại đây có máy tính để du khách kiểm tra email và trang thiết bị phòng họp theo yêu cầu. Nhà hàng phục vụ ăn uống cả ngày các món ăn quốc tế và các món ăn yêu thích của địa phương, trong khi Sky bar trên sân thượng mang đến những món ngon châu Á, rượu vang hảo hạng và khung cảnh thoải mái với tầm nhìn toàn cảnh thành phố nơi khách có thể thư giãn.",6.6
1581,Cani Beach House,Đà Nẵng,"Nằm cách Bãi biển Mỹ Khê 50 m, Cani Beach House cung cấp chỗ nghỉ với nhà hàng, hồ bơi ngoài trời, sảnh khách chung và khu vườn. Chỗ nghỉ này có WiFi miễn phí trong toàn bộ khuôn viên. Mỗi căn tại đây đều được trang bị khu vực ghế ngồi, TV truyền hình cáp màn hình phẳng, bếp đầy đủ tiện nghi với khu vực ăn uống, két an toàn và phòng tắm riêng đi kèm áo choàng tắm. Một số căn có sân trong và/hoặc ban công nhìn ra vườn. Khách sạn căn hộ này phục vụ bữa sáng à la carte hàng ngày. Cani Beach House có sân hiên. Du khách có thể thuê xe đạp và xe hơi tại chỗ nghỉ. Cani Beach House nằm cách Cầu Sông Hàn 3,7 km và Cầu khóa Tình yêu 4,3 km. Sân bay gần nhất là sân bay quốc tế Đà Nẵng, nằm trong bán kính 8 km từ khách sạn căn hộ này, và chỗ nghỉ cung cấp dịch vụ đưa đón sân bay với một khoản phụ phí.",7.8
1585,Nu Hotel,TP. Hồ Chí Minh,"Khách sạn 1 sao này có dịch vụ tiền sảnh. Chỗ nghỉ cung cấp dịch vụ lễ tân 24 giờ và dịch vụ phòng. Khách sạn cung cấp một số phòng nhìn ra quang cảnh thành phố và được trang bị ấm đun nước. Các phòng còn được bố trí phòng tắm riêng, dép đi trong phòng và ga trải giường. Các điểm tham quan nổi tiếng gần Nu Hotel gồm có Bảo tàng Mỹ thuật, trung tâm thương mại Takashimaya Việt Nam và Chợ ẩm thực đường phố Bến Thành. Sân bay gần nhất là sân bay quốc tế Tân Sơn Nhất, cách chỗ nghỉ 13 km.",5.4
1589,The Code Hotel & Spa,Đà Nẵng,"Tọa lạc tại thành phố Đà Nẵng, cách Bãi biển Mỹ Khê vài bước chân, The Code Hotel & Spa cung cấp chỗ nghỉ với nhà hàng, chỗ đỗ xe riêng miễn phí, xe đạp cho khách sử dụng miễn phí và hồ bơi ngoài trời. Trong số nhiều tiện nghi của chỗ nghỉ này có trung tâm thể dục, quán bar cũng như sảnh khách chung. Nơi đây cung cấp dịch vụ lễ tân 24 giờ, dịch vụ phòng và dịch vụ thu đổi ngoại tệ cho khách. Phòng nghỉ gắn máy điều hòa tại The Code Hotel & Spa được bố trí bàn làm việc, ấm đun nước, minibar, két an toàn, TV màn hình phẳng và phòng tắm riêng với vòi xịt/chậu rửa vệ sinh. WiFi được cung cấp miễn phí cho tất cả các khách trong khi một số phòng còn có ban công. Tất cả các phòng đều được trang bị ga trải giường và khăn tắm. Chỗ nghỉ phục vụ bữa sáng kiểu lục địa và bữa sáng buffet hằng ngày. The Code Hotel & Spa có sân hiên tắm nắng. Đi bộ đường dài và đi xe đạp là các hoạt động được ưa chuộng trong khu vực trong khi du khách cũng có thể thuê xe hơi tại khách sạn. Trung tâm thương mại Indochina Riverside và Cầu Sông Hàn đều nằm trong bán kính 5 km từ The Code Hotel & Spa. Sân bay gần nhất là sân bay quốc tế Đà Nẵng, cách chỗ nghỉ 9 km.",6.8
1595,Hoi An Rosemary Boutique Hotel & Spa,Hội An,"Hoi An Rosemary Hotel cung cấp chỗ nghỉ với hồ bơi ngoài trời tại thành phố Hội An, cách Hội quán Triều Châu 19 phút đi bộ. Tất cả các khách nghỉ tại đây có thể thưởng thức bữa sáng hàng ngày, sử dụng xe đạp miễn phí cũng như dịch vụ đưa đón miễn phí (với lịch trình cố định của khách sạn) từ/đến Hội An và bãi biển. Du khách cũng có thể truy cập Wi-Fi miễn phí. Mỗi phòng nghỉ gắn máy điều hòa tại khách sạn đều có ban công và TV màn hình phẳng. Phòng tắm riêng được trang bị bồn tắm. Nước khoáng đóng chai miễn phí cũng được cung cấp trong phòng. Khách sạn có lễ tân 24 giờ và trung tâm thể dục. Dịch vụ cho thuê xe hơi có thể được thu xếp cho khách. Khách sạn cách Bảo tàng lịch sử Hội An 1,9 km và Hội quán Quảng Đông 2,3 km. Sân bay gần nhất là Sân bay quốc tế Đà Nẵng, cách đó 24 km. Du khách có thể thưởng thức bữa ăn tại nhà hàng trong khuôn viên hoặc thư giãn với đồ uống giải khát ở quầy bar.",8.0
1598,Phoenix Homestay,Hội An,"Tọa lạc tại thành phố Hội An, Phoenix Homestay cung cấp chỗ nghỉ với nhà hàng, xe máy cho khách sử dụng miễn phí, sảnh khách chung, vườn, sân hiên và tầm nhìn ra vườn. Homestay này có WiFi miễn phí trong toàn bộ khuôn viên. Mỗi phòng nghỉ tại đây đều có ghế sofa, khu vực ghế ngồi, TV màn hình phẳng với các kênh truyền hình vệ tinh, bếp được trang bị đầy đủ tiện nghi với khu vực ăn uống và phòng tắm riêng đi kèm máy sấy tóc. Lò vi sóng, tủ lạnh, lò nướng, ấm đun nước và máy pha cà phê cũng được bố trí trong phòng. Homestay phục vụ bữa sáng à la carte hàng ngày. Chỗ nghỉ có bàn đặt tour, dịch vụ cho thuê xe máy và trung tâm dịch vụ doanh nhân với máy ATM. Phoenix Homestay có sân chơi cho trẻ em và du khách có thể đi xe đạp trong khu vực gần đó. Các điểm tham quan nổi tiếng gần chỗ nghỉ bao gồm Bảo tàng Lịch sử Hội An, Chùa Phước Lâm và Bảo tàng Gốm sứ Mậu dịch. Sân bay gần nhất là sân bay quốc tế Đà Nẵng, cách đó 26 km, và Phoenix Homestay cung cấp dịch vụ đưa đón sân bay với một khoản phụ phí.",8.6
1602,Cosmo Park Hotel,TP. Hồ Chí Minh,"Cosmo Park Hotel cung cấp phòng nghỉ sáng sủa gắn máy điều hòa nằm tại Khu Phố Tây ở Quận 1 của Thành phố Hồ Chí Minh. Khách sạn cách Công viên 23/9 chỉ 150 m và có WiFi miễn phí trong tất cả các khu vực. Tất cả phòng nghỉ có lối bài trí trang nhã tại đây đều được trang bị sàn gỗ cứng, tủ để quần áo, quạt máy, truyền hình vệ tinh và minibar tiện lợi. Phòng tắm riêng đi kèm tiện nghi vòi sen, máy sấy tóc và đồ vệ sinh cá nhân miễn phí. Cosmo Park Hotel có quầy lễ tân phục vụ suốt 24 giờ. Nhân viên tại đây có thể giúp du khách thu xếp phòng giữ hành lý, dịch vụ nhận phòng/trả phòng cấp tốc và dịch vụ thu đổi ngoại tệ. Bàn đặt tour có thể tổ chức các chuyến đi trong ngày, cung cấp dịch vụ cho thuê xe hơi cũng như dịch vụ đưa đón sân bay theo yêu cầu với một khoản phụ phí. Cosmo Park Hotel cách Chợ Bến Thành 550 m, Dinh Thống Nhất 1 km và sân bay gần nhất là sân bay quốc tế Tân Sơn Nhất 7,2 km.  Nhà hàng của Cosmo Park Hotel phục vụ ẩm thực Âu Á. Ngoài ra, dịch vụ phòng cũng được cung cấp để tạo sự thuận tiện cho khách.",5.5
1603,20x19,Hà Nội,"20x19 tọa lạc ở quận Hoàn Kiếm của thành phố Hà Nội, cách Nhà Hát Lớn Hà Nội 1,3 km, Nhà hát múa rối nước Thăng Long 1,5 km và Nhà Thờ Lớn 1,5 km. Chỗ nghỉ này nằm trong bán kính 700 m từ trung tâm thương mại Tràng Tiền Plaza. Nơi đây cung cấp WiFi miễn phí và dịch vụ phòng. Căn hộ gắn máy điều hòa này có 3 phòng ngủ, phòng khách, bếp nhỏ đầy đủ tiện nghi với lò vi sóng và ấm đun nước cũng như 2 phòng tắm đi kèm máy sấy tóc cùng vòi sen. Truyền hình cáp màn hình phẳng cũng được trang bị trong căn hộ. Căn hộ nằm cách Hồ Hoàn Kiếm 2 km và Chợ Đồng Xuân 2,3 km. Sân bay gần nhất là sân bay quốc tế Nội Bài, nằm trong bán kính 27 km từ 20x19.",6.2
1609,Serene Beach Danang Hotel,Đà Nẵng,"Nằm đối diện Bãi biển Mỹ Khê ở thành phố Đà Nẵng, Serene Danang Hotel có hồ bơi ngoài trời và tầm nhìn ra biển trong khi du khách có thể thưởng thức bữa ăn tại nhà hàng hoặc đồ uống tại quầy bar. Phòng nghỉ tại đây được trang bị TV màn hình phẳng và ấm đun nước. Các phòng có phòng tắm riêng với bồn tắm/vòi sen, áo choàng tắm và dép, tạo sự thoải mái cho du khách. Serene Danang Hotel cung cấp WiFi miễn phí trong toàn bộ khuôn viên. Khách sạn cũng cung cấp dịch vụ cho thuê xe hơi và đặt tour. Serene Danang Hotel nằm cách Núi Khỉ 1,5 km, Bảo tàng Chăm 3 km và Cầu Sông Hàn 5 km. Cầu Rồng nằm trong bán kính khoảng 5 phút lái xe từ chỗ nghỉ. Sân bay gần nhất là sân bay quốc tế Đà Nẵng, cách chỗ nghỉ 6 km.",7.5
1615,Minh House,Đà Nẵng,"Tọa lạc tại thành phố Đà Nẵng, Minh House có nhà hàng, hồ bơi ngoài trời, sảnh khách chung và vườn. Các tiện nghi của chỗ nghỉ bao gồm dịch vụ phòng, dịch vụ tiền sảnh và WiFi miễn phí trong toàn bộ khuôn viên. Chỗ nghỉ cung cấp dịch vụ lễ tân 24 giờ, bếp chung và dịch vụ thu đổi ngoại tệ cho khách. Một số phòng nghỉ tại đây được bố trí khu vực bếp ăn với tủ lạnh, minibar và bếp nấu. Khách sạn phục vụ bữa sáng kiểu lục địa hoặc bữa sáng buffet. Minh House có sân chơi cho trẻ em. Các điểm tham quan nổi tiếng gần chỗ nghỉ bao gồm Bãi biển Mỹ Khê, Bãi biển Bắc Mỹ An và Cầu khóa Tình yêu. Sân bay gần nhất là sân bay quốc tế Đà Nẵng, cách Minh House 6 km, và chỗ nghỉ cung cấp dịch vụ đưa đón sân bay với một khoản phụ phí.",7.7
1619,La Casa Hanoi Hotel,Hà Nội,"Tọa lạc tại thành phố Hà Nội, cách Quảng trường Ba Đình 3 km, La Casa Hanoi Hotel có hồ bơi ngoài trời và trung tâm spa. Khách sạn còn có sân hiên phơi nắng và phòng xông hơi khô, đồng thời du khách có thể thưởng thức bữa ăn tại nhà hàng hoặc đồ uống ở quầy bar. Phòng nghỉ của khách sạn được trang bị máy điều hòa, TV màn hình phẳng và ấm đun nước. Một số phòng được bố trí khu vực ghế ngồi để khách thư giãn. Mỗi phòng đều có phòng tắm riêng với áo choàng tắm và dép để tạo thuận tiện cho khách. TV với các kênh truyền hình cáp cũng được cung cấp trong phòng. Khách sạn có cửa hàng quà tặng và quầy lễ tân làm việc 24 giờ. Du khách có thể thuê xe máy và xe hơi tại khách sạn. Nhà Hát Lớn Hà Nội và Bảo tàng Lịch sử Quốc gia Việt Nam đều nằm trong bán kính 900 m từ La Casa Hanoi Hotel. Sân bay gần nhất là Sân bay Quốc tế Nội Bài, cách đó 23 km.",7.9
1620,Atrium Hotel,Hà Nội,"Atrium Hotel cung cấp chỗ nghỉ giá cả phải chăng tại trung tâm Hà Nội, chỉ cách Ô Quan Chưởng 150 m. Khách sạn sở hữu kiến trúc kiểu Việt Nam cùng bộ sưu tập các tác phẩm nghệ thuật với 100 bức tranh gốm. Wi-Fi cũng được bố trí miễn phí trong khuôn viên. Trong bán kính 1 km từ khách sạn là rất nhiều điểm du lịch nổi tiếng của Hà Nội như Chợ Đồng Xuân, Hồ Hoàn Kiếm, Nhà Thờ Lớn và Hoàng Thành. Sân bay quốc tế Nội Bài cách khách sạn 21 km. Các phòng tại đây được bài trí đơn giản với máy điều hòa, TV màn hình phẳng, bàn làm việc, tủ quần áo cùng minibar và ấm đun nước điện. Phòng tắm riêng đi kèm vòi sen, dép và đồ vệ sinh cá nhân miễn phí. Khách sạn có bàn đặt tour và quầy lễ tân 24 giờ cung cấp nhiều dịch vụ như giữ hành lý, đặt tour tham quan, cho thuê xe hơi và đưa đón sân bay. Quý khách có thể dùng bữa sáng hàng ngày tại nhà hàng trong khách sạn.",5.5
1624,Tia Du Homestay,Đà Lạt,"Nằm ở thành phố Đà Lạt, Tia Du Homestay có chỗ nghỉ, quán bar, sảnh khách chung, vườn, tiện nghi BBQ, sân hiên và tầm nhìn ra quang cảnh thành phố. Biệt thự cung cấp miễn phí cả WiFi lẫn chỗ đỗ xe riêng. Các căn tại đây có tầm nhìn ra vườn, khu vực ghế ngồi, máy giặt, khu vực bếp ăn đầy đủ tiện nghi với lò vi sóng và phòng tắm riêng đi kèm dép đi trong phòng cùng máy sấy tóc. Các căn còn được trang bị tủ lạnh, lò nướng, bếp nấu ăn và ấm đun nước. Khách nghỉ tại Tia Du Homestay có thể thưởng thức bữa sáng kiểu lục địa hoặc kiểu Á. Chỗ nghỉ cung cấp dịch vụ cho thuê xe đạp và xe hơi trong khi du khách cũng có thể đi bộ đường dài ở khu vực gần đó. Hồ Xuân Hương và Công viên Yersin đều nằm cách Tia Du Homestay 2,8 km. Sân bay gần nhất là sân bay Liên Khương, cách biệt thự 27 km, và chỗ nghỉ cung cấp dịch vụ đưa đón sân bay với một khoản phụ phí.",6.7
1625,Goldsea Apartment Châu Homestay Vũng Tàu,Vũng Tàu,"Châu Homestay Goldsea Apartment at Back Beach Vung Tau cung cấp chỗ nghỉ tại thành phố Vũng Tàu, cách Tượng Chúa Kitô Vua chưa đầy 1 km và Ngọn hải đăng Vũng Tàu 14 phút đi bộ. Chỗ đỗ xe riêng được bố trí ngay trong khuôn viên. Các căn lắp máy điều hòa tại đây có sàn gỗ parquet, phòng tắm riêng, TV màn hình phẳng, WiFi miễn phí, tủ để quần áo, phòng khách, bếp đầy đủ vật dụng, ban công và tầm nhìn ra quang cảnh dòng sông. Để thêm phần thuận tiện cho du khách, chỗ nghỉ có thể cung cấp khăn tắm và ga trải giường với một khoản phụ phí. Các điểm tham quan nổi tiếng gần căn hộ bao gồm Bãi Sau, Bãi Dứa và Bãi Trước. Sân bay gần nhất là sân bay quốc tế Tân Sơn Nhất, cách Châu Homestay Goldsea Apartment at Back Beach Vung Tau 72 km.",7.6
1635,Hong Chau Guesthouse,Phú Quốc,"Nhà khách này nằm trong bán kính khoảng 2,4 km từ Bãi Khem, 2,9 km từ Bãi Dài và 25 km từ Chùa Sùng Hưng. Chỗ nghỉ cung cấp dịch vụ lễ tân 24 giờ và WiFi miễn phí. Tại nhà khách, mỗi phòng nghỉ đều được trang bị bàn làm việc, TV màn hình phẳng và phòng tắm riêng. Trong phòng còn có tủ để quần áo. Sòng bạc Corona và công viên giải trí Vinpearl Land Phú Quốc đều nằm trong bán kính 43 km từ Hong Chau Guesthouse.",5.8
1637,Anio Boutique Hotel Hoian,Hội An,"Tọa lạc tại thành phố Hội An, Anio Boutique Hotel Hoian có xe đạp cho khách sử dụng miễn phí, hồ bơi ngoài trời, trung tâm thể dục và quán bar. Khách sạn còn cung cấp các tiện nghi như nhà hàng, lễ tân 24 giờ, dịch vụ phòng, Wi-Fi miễn phí, sảnh khách chung, dịch vụ giặt hấp và dịch vụ thu đổi ngoại tệ cho khách. Tất cả các phòng nghỉ của khách sạn đều được trang bị máy điều hòa, TV truyền hình cáp màn hình phẳng, tủ lạnh, ấm đun nước, chậu rửa vệ sinh (bidet), máy sấy tóc và bàn làm việc. Ngoài ra, trong phòng còn có tủ quần áo và phòng tắm riêng. Anio Boutique Hotel Hoian phục vụ bữa sáng kiểu Á hoặc tự chọn. Đạp xe là một trong những hoạt động du khách có thể tận hưởng gần khách sạn. Anio Boutique Hotel Hoian cách Bảo tàng Lịch sử Hội An 1,7 km và Hội quán Triều Châu 2,2 km. Sân bay gần nhất là sân bay quốc tế Đà Nẵng, cách khách sạn 27 km.",7.8
1641,Windy River Homestay,Hội An,"Tọa lạc tại thành phố Hội An, cách Hội quán Triều Châu chưa đầy 1 km và Bảo tàng Lịch sử Hội An 16 phút đi bộ, Windy River Homestay cung cấp chỗ nghỉ với WiFi miễn phí, máy điều hòa, sảnh khách chung và khu vườn. Phòng nghỉ tại đây có phòng tắm riêng đầy đủ tiện nghi với vòi sen và đồ vệ sinh cá nhân miễn phí. Homestay này có dịch vụ cho thuê xe hơi trong khi du khách có thể đạp xe ở khu vực gần đó.  Các điểm tham quan nổi tiếng gần Windy River Homestay bao gồm Hội quán Quảng Đông, Hội quán Hải Nam và Miếu Quan Công. Sân bay gần nhất là sân bay quốc tế Đà Nẵng, cách đó 24 km, và chỗ nghỉ cung cấp dịch vụ đưa đón sân bay với một khoản phụ phí.",6.4
1647,Villa Song Saigon,TP. Hồ Chí Minh,"Khách sạn này có hồ bơi nước biển ngoài trời, phòng tập thể dục và trung tâm spa. Khách được cung cấp dịch vụ đưa đón 2 chiều miễn phí bằng thuyền cao tốc tới trung tâm thành phố. Các phòng nghỉ thanh lịch ở đây được trang bị máy điều hòa, TV truyền hình cáp màn hình phẳng và bộ khăn trải giường thoải mái. Các phòng tắm riêng đi kèm bồn tắm/vòi sen cùng đồ vệ sinh cá nhân miễn phí. Nhà hàng Bistro Song Vie của khách sạn cung cấp các món ăn quốc tế và có quán bar ngoài trời với một danh sách nhiều loại rượu vang và rượu mạnh. Bữa sáng với thực đơn gọi món được phục vụ hàng ngày, từ 06:00 đến 11:30. Sân bay quốc tế Tân Sơn Nhất cách khách sạn 16 km.",7.3
1649,Fansipan Terrace Cafe and Homestay,Sa Pa,"Nằm cách Ga cáp treo Fansipan Legend 3,1 km, Fansipan Terrace Cafe and Homestay có nhà hàng, quán bar cũng như chỗ nghỉ lắp máy điều hòa với ban công và WiFi miễn phí. Một số căn được bố trí phòng tắm riêng với vòi sen, dép đi trong phòng, máy sấy tóc và đồ vệ sinh cá nhân miễn phí. Homestay này phục vụ bữa sáng kiểu lục địa hàng ngày. Fansipan Terrace Cafe and Homestay có sân hiên. Khách lưu trú tại chỗ nghỉ có thể đi xe đạp ở khu vực gần đó hoặc thư giãn trong vườn. Trong số các điểm tham quan nổi tiếng gần Fansipan Terrace Cafe and Homestay có trung tâm thương mại Sun Plaza, Hồ Sa Pa và Quảng trường Trung tâm Sa Pa.",7.2
1651,Aquatel Vũng Tàu,Vũng Tàu,"Tọa lạc tại thành phố Vũng Tàu, cách Bãi Sau 400 m, Aquatel Vũng Tàu cung cấp chỗ nghỉ với nhà hàng, chỗ đỗ xe riêng miễn phí, quán bar và sảnh khách chung. Khách sạn 3 sao này cung cấp dịch vụ phòng, dịch vụ tiền sảnh và WiFi miễn phí. Nơi đây có lễ tân 24 giờ, bếp chung và dịch vụ thu đổi ngoại tệ cho khách. Mỗi phòng nghỉ tại khách sạn đều được trang bị máy điều hòa, khu vực ghế ngồi, TV màn hình phẳng với các kênh truyền hình cáp, két an toàn và phòng tắm riêng với vòi xịt/chậu rửa vệ sinh, áo choàng tắm cùng dép đi trong phòng. Các phòng còn có ấm đun nước trong khi một số phòng có bếp nhỏ với lò vi sóng, lò nướng và bếp nấu. Tất cả các phòng tại Aquatel Vũng Tàu đều đi kèm ga trải giường và khăn tắm. Chỗ nghỉ có tiện nghi BBQ. Du khách có thể thuê xe đạp/xe hơi tại Aquatel Vũng Tàu trong khi khu vực này nổi tiếng với hoạt động đi bộ đường dài và câu cá. Khách sạn nằm cách Bãi Dứa 1,9 km và Bãi Trước 2,1 km. Sân bay gần nhất là sân bay Vũng Tàu, cách Aquatel Vũng Tàu 6 km.",7.2
1666,BIỂN ĐỒI Bungalow,Phú Quốc,"Một số căn tại đây có sân trong, máy điều hòa, khu vực ăn uống và khu vực ghế ngồi với TV truyền hình vệ tinh màn hình phẳng. Một số căn còn được bố trí khu vực bếp ăn với tủ lạnh, minibar và bếp nấu. Lodge này có bồn nước nóng. BIỂN ĐỒI Bungalow cung cấp dịch vụ cho thuê xe hơi trong khi du khách có thể đi bộ đường dài ở khu vực gần đó. Chùa Sùng Hưng nằm trong bán kính 1,7 km từ chỗ nghỉ trong khi Sòng bạc Corona cách đó 23 km.",8.2
1673,Luxury Pool Villa Close To The Private Beach,Đà Nẵng,"Nằm ở thành phố Đà Nẵng, Luxury Pool Villa Close To The Private Beach có chỗ nghỉ, nhà hàng, xe đạp cho khách sử dụng miễn phí, hồ bơi ngoài trời, sảnh khách chung, vườn và tầm nhìn ra hồ bơi. Biệt thự cung cấp miễn phí cả WiFi lẫn chỗ đỗ xe riêng. Các căn gắn máy điều hòa tại đây có phòng khách với TV màn hình phẳng, bếp đi kèm lò vi sóng và tủ lạnh, máy giặt, két an toàn cũng như phòng tắm riêng với áo choàng tắm cùng dép đi trong phòng. Tất cả các căn đều được bố trí khu vực tiếp khách và ăn uống. Luxury Pool Villa Close To The Private Beach cung cấp bữa sáng kiểu lục địa hoặc bữa sáng buffet. Chỗ nghỉ có sân hiên tắm nắng. Chỗ nghỉ có CLB trẻ em với nhiều hoạt động khác nhau và sân chơi. Luxury Pool Villa Close to The Private Beach nằm cách Bãi biển Non Nước 800 m và cách Bãi biển Hà My 2,3 km. Sân bay gần nhất là sân bay quốc tế Đà Nẵng, nằm trong bán kính 12 km từ biệt thự, và chỗ nghỉ cung cấp dịch vụ đưa đón sân bay với một khoản phụ phí.",10.0
1677,Cozrum Homes Delightful Corner,TP. Hồ Chí Minh,"Tọa lạc tại Thành phố Hồ Chí Minh, cách Bảo tàng Mỹ thuật 2 km và trung tâm thương mại Takashimaya Việt Nam 2,3 km, Cozrum Homes Delightful Corner cung cấp chỗ nghỉ với WiFi miễn phí và sân hiên. Một số căn tại đây được bố trí khu vực bếp ăn nhỏ với lò vi sóng và tủ lạnh. Du khách có thể thuê xe đạp tại homestay này. Chợ ẩm thực đường phố Bến Thành nằm trong bán kính 2,6 km từ Cozrum Homes Delightful Corner trong khi Công viên Tao Đàn cách đó 2,7 km. Sân bay gần nhất là sân bay quốc tế Tân Sơn Nhất, cách chỗ nghỉ 14 km",7.5
1680,Kien Nhi Tam Motel,Vũng Tàu,"Trong số các tiện nghi của chỗ nghỉ này có lễ tân 24 giờ, dịch vụ phòng và WiFi miễn phí trong toàn bộ khuôn viên. Chỗ nghỉ có sảnh khách chung và dịch vụ tiền sảnh để đáp ứng nhu cầu của du khách. Tất cả phòng nghỉ tại đây đều được trang bị máy điều hòa, TV truyền hình cáp màn hình phẳng, tủ lạnh, ấm đun nước, vòi sen, dép và bàn làm việc. Tất cả các căn có phòng tắm riêng, máy sấy tóc và ga trải giường. Motel nằm cách Bạch Dinh 3,7 km và Tượng Chúa Kitô Vua 6 km. Sân bay gần nhất là sân bay quốc tế Tân Sơn Nhất, nằm trong bán kính 106 km từ Kien Nhi Tam Motel.",6.6
1687,Muong Thanh Grand Da Nang Hotel,Đà Nẵng,"Khách sạn có các phòng nghỉ 4 sao tuyệt đẹp, 6 lựa chọn ăn uống, 1 hồ bơi trong nhà và 1 spa cho một kỳ nghỉ thư giãn. Các phòng nghỉ tại Muong Thanh Da Nang Hotel được trang trí thanh nhã và đi kèm nước đóng chai miễn phí. Ngoài ra còn được trang bị TV truyền hình vệ tinh màn hình LCD lớn, minibar và máy lạnh. Một số phòng có bồn tắm spa. Khách sạn nằm trong bán kính 900 m từ Công viên Biển Đông và chỉ cách Bảo tàng Chăm 5 phút lái xe. Núi Ngũ Hành Sơn hùng vĩ cách khách sạn 7 phút lái xe trong khi Phố Cổ Hội An cách khách sạn 25 phút lái xe. Khách sạn có tiện nghi hát karaoke nằm trên tầng 26. Ngoài ra, khách có thể thư giãn với liệu pháp chăm sóc toàn thân dễ chịu tại spa. Các tiện nghi phục vụ doanh nhân được cung cấp miễn phí cho tất cả các khách nghỉ tại khách sạn. Khách có thể thưởng thức các món đặc sản địa phương, các món ăn Á/Âu khác tại bất kỳ nhà hàng nào của khách sạn. Đồ uống giải khát có tại Daknan Bar hoặc Non Nước Bar, quầy bar trên tầng mái của khách sạn. Dịch vụ ăn uống tại phòng cũng được cung cấp.",7.2
1691,Joy Trip Hotel & Spa Nha Trang,Nha Trang,"Nằm ở Nha Trang, cách Tháp Chàm Po Nagar 3 km, Joy Trip Hotel & Spa Nha Trang cung cấp chỗ nghỉ hướng ra biển và nhiều tiện nghi đa dạng như khu vườn, quán bar cùng khu vực bãi biển riêng. Khách sạn này cũng có nhà hàng, hồ bơi ngoài trời theo mùa, hồ bơi trong nhà và trung tâm thể dục. Chỗ nghỉ cung cấp dịch vụ lễ tân 24 giờ và dịch vụ phòng cho khách. Tất cả phòng nghỉ được trang bị bàn làm viêc, TV màn hình phẳng, phòng tắm riêng và tủ lạnh. Khách tại Joy Trip Hotel & Spa Nha Trang có thể thưởng thức bữa sáng kiểu lục địa. Khách sạn nằm trong bán kính 2 km từ Hòn Chồng và 5 km từ Chợ Đầm. Sân bay gần nhất là sân bay quốc tế Cam Ranh, cách Joy Trip Hotel & Spa Nha Trang 42 km, và khách sạn cung cấp dịch vụ đưa/đón sân bay với một khoản phụ phí.",7.8
1696,Quang Anh Hotel,Vũng Tàu,"Khách sạn này có quầy lễ tân 24 giờ, nhà hàng và sân hiên. Bữa sáng gọi món được phục vụ hàng ngày tại khách sạn. Quang Anh Hotel cách Tượng Chúa Ki-tô Vũng Tàu và Công viên Du lịch Sinh thái - Văn hóa Hồ Mây 3,5 km trong khi sân bay gần nhất là sân bay quốc tế Tân Sơn Nhất nằm cách đó 71 km.",5.8
1698,Saki Aparthotel,TP. Hồ Chí Minh,"Chỗ nghỉ này có máy điều hòa và bồn tắm spa. Mỗi căn hộ tại đây đều có bếp với lò vi sóng, tủ lạnh, TV truyền hình vệ tinh màn hình phẳng, tiện nghi ủi, bàn làm việc cũng như khu vực ghế ngồi đi kèm ghế sofa. Tất cả các phòng còn được bố trí phòng tắm riêng với chậu rửa vệ sinh (bidet), máy sấy tóc và đồ vệ sinh cá nhân miễn phí. Du khách có thể thuê xe hơi tại khách sạn căn hộ này. Bến Nhà Rồng và Bảo tàng Mỹ thuật đều nằm trong bán kính 5 km từ Saki Aparthotel. Sân bay gần nhất là sân bay quốc tế Tân Sơn Nhất, nằm trong bán kính 12 km từ khách sạn, và chỗ nghỉ cung cấp dịch vụ đưa đón sân bay với một khoản phụ phí.",8.1
1705,Golden Hotel & Apartment,TP. Hồ Chí Minh,"Golden Hotel & Apartment cung cấp phòng nghỉ gắn máy điều hòa với TV màn hình phẳng tại Quận 7 thuộc Thành phố Hồ Chí Minh. Chỗ nghỉ này nằm cách Trung tâm Hội chợ và Triển lãm Sài Gòn 1,3 km, Bến Nhà Rồng 3,8 km và Bảo tàng Mỹ thuật 4,2 km. Khách sạn có trung tâm thể dục, lễ tân 24 giờ và WiFi miễn phí trong toàn bộ khuôn viên. Tất cả phòng nghỉ tại khách sạn đều được trang bị ấm đun nước. Golden Hotel & Apartment nằm cách Chợ Bến Thành 4,4 km và trung tâm thương mại Takashimaya Việt Nam 5 km. Sân bay gần nhất là sân bay quốc tế Tân Sơn Nhất, nằm trong bán kính 11 km từ chỗ nghỉ.",6.9
1706,My Dream Hotel,Sa Pa,"Trong số các tiện nghi của chỗ nghỉ này có nhà hàng, lễ tân 24 giờ, sảnh khách chung và WiFi miễn phí trong toàn bộ khuôn viên. Khách sạn này cung cấp các phòng gia đình. Phòng nghỉ tại khách sạn được trang bị bàn làm việc, TV và phòng tắm riêng. Trong phòng cũng có tủ để quần áo. My Dream Hotel phục vụ bữa sáng à la carte hàng ngày. Các điểm tham quan nổi tiếng gần chỗ nghỉ bao gồm Hồ Sa Pa, trung tâm thương mại Sun Plaza và Chợ Sa Pa.",7.5
1706,My Dream Hotel,Đà Lạt,"Với nhiệt độ mát mẻ quanh năm, My Dream Hotel nằm cách Chợ Đà Lạt và Hồ Xuân Hương 10 phút tản bộ. Khách sạn phục vụ bữa sáng đơn giản hàng ngày và có truy cập Wi-Fi miễn phí. Các phòng tại đây được trang bị truyền hình cáp, minibar và khu vực tiếp khách. Các phòng tắm riêng đi kèm với vòi sen nước nóng và đồ vệ sinh cá nhân. Khách có thể tự nấu các bữa ăn trong nhà bếp chung. Ngoài ra, du khách có thể bố trí các tour du lịch hoặc được hỗ trợ với các dịch vụ giặt là, đưa đón sân bay và giữ hành lý tại quầy lễ tân 24 giờ. Khách sạn này nằm cách Chùa Linh Sơn 5 phút đi bộ đồng thời cách Vườn Hoa Đà Lạt và Biệt thự Kỳ dị Hằng Nga 15 phút đi bộ. Cung điện Mùa hè của Vua Bảo Đại cách nơi đây 20 phút tản bộ trong khi khách đi 30 km là tới Sân bay Liên Khương.",6.4
1707,Hanoi Rose Hotel,Hà Nội,"Hanoi Rose Hotel cung cấp phòng nghỉ lắp máy điều hòa với TV truyền hình vệ tinh màn hình phẳng tại quận Hoàn Kiếm thuộc thành phố Hà Nội. Khách sạn này có quầy bar và nằm gần một số điểm tham quan nổi tiếng, cách Nhà Thờ Lớn khoảng 600 m, Nhà hát múa rối nước Thăng Long chưa đầy 1 km và Hồ Hoàn Kiếm 10 phút đi bộ. Chỗ nghỉ cung cấp dịch vụ lễ tân 24 giờ, dịch vụ đưa đón sân bay, dịch vụ phòng và WiFi miễn phí. Các điểm tham quan nổi tiếng gần khách sạn bao gồm Ô Quan Chưởng, ga Hà Nội và trung tâm thương mại Tràng Tiền Plaza. Sân bay gần nhất là sân bay quốc tế Nội Bài, nằm trong bán kính 25 km từ Hanoi Rose Hotel.",7.0
1719,Vân Nhi MTV Hotel,Đà Lạt,"Trong số các tiện nghi của chỗ nghỉ này có lễ tân 24 giờ, dịch vụ phòng và WiFi miễn phí trong toàn bộ khuôn viên. Khách sạn cung cấp các phòng gia đình. Mỗi phòng nghỉ tại khách sạn đều có bàn làm việc, TV màn hình phẳng, phòng tắm riêng, ga trải giường và khăn tắm. Tất cả các căn được trang bị tủ để quần áo và ấm đun nước. Vân Nhi MTV Hotel có sân hiên. Các điểm tham quan nổi tiếng gần chỗ nghỉ bao gồm Quảng trường Lâm Viên, Công viên Yersin và Vườn hoa Đà Lạt. Sân bay gần nhất là sân bay Liên Khương, cách Vân Nhi MTV Hotel 23 km.",7.0
1722,Sunny B Hotel,Huế,"Nơi đây có bàn đặt tour và bãi đỗ xe miễn phí. Các phòng tại Sunny B Hotel được trang bị ban công, phòng tắm riêng cùng truyền hình cáp. Két an toàn, minibar và dép cũng được cung cấp. Quý khách có thể thuê xe hơi, xe máy hoặc xe đạp tại khách sạn. Các dịch vụ để hành lý, trợ giúp đặc biệt và thu đổi ngoại tệ cũng được cung cấp. Khách sạn cung cấp dịch vụ giặt là, giặt hấp và đón sâ Sunny B Hotel cách Sân bay Phú Bài 15 phút đi xe. Khách sạn nằm trong bán kính đi bộ từ Sông Hương và Cầu Tràng Tiền.",6.8
1723,Erica Nha Trang Hotel,Nha Trang,"Tọa lạc ở thành phố Nha Trang, Erica Nha Trang Hotel có nhà hàng, hồ bơi ngoài trời, trung tâm thể dục và quán bar. Khách sạn 4 sao này cũng có WiFi miễn phí, sảnh khách chung và dịch vụ tiền sảnh. Chỗ nghỉ cung cấp dịch vụ lễ tân 24 giờ, dịch vụ phòng và dịch vụ thu đổi ngoại tệ cho khách. Phòng nghỉ tại Erica Nha Trang Hotel được trang bị TV và phòng tắm riêng với vòi sen. Một số phòng có két an toàn. Chỗ nghỉ phục vụ bữa sáng kiểu lục địa và bữa sáng buffet hằng ngày. Các điểm tham quan nổi tiếng gần Erica Nha Trang Hotel bao gồm Bãi biển Nha Trang, Trung tâm Thuyền buồm Việt Nam và quán Sailing Club. Sân bay gần nhất là sân bay quốc tế Cam Ranh, cách khách sạn 37 km, và chỗ nghỉ cung cấp dịch vụ đưa đón sân bay với một khoản phụ phí.",7.6
1725,Somerset Grand Hanoi,Hà Nội,"Tọa lạc tại quận Hoàn Kiếm thuộc thủ đô Hà Nội, Somerset Grand Hanoi cung cấp các dinh thự tự phục vụ. Du khách có thể sử dụng hồ bơi ngoài trời, phòng tập thể dục hay dùng bữa tại nhà hàng và quầy bar của chỗ nghỉ. Du khách cũng có thể sử dụng Wi-Fi miễn phí trong tất cả các khu vực. Từ Sommerset Grand Hanoi du khách đi bộ 15 phút là đến nhiều điểm tham quan nổi tiếng, bao gồm Hồ Hoàn Kiếm mang tính biểu tượng, Khu Phố Cổ, Nhà Thờ Lớn và Nhà Hát Lớn. Sân bay quốc tế Nội Bài cách đó 45 phút lái xe. Tất cả các phòng nghỉ rộng rãi đầy đủ tiện nghi tại đây được trang trí bằng tông màu be sáng và có cửa sổ vách kính cho tầm nhìn bao quát thành phố, phòng khách với ghế sofa, bếp đầy đủ vật dụng với khu vực phòng ăn cùng thiết bị giặt là. Mỗi phòng đều được trang bị TV màn hình phẳng, đầu đĩa DVD và hệ thống giải trí gia đình. Phòng tắm riêng có vòi sen, máy sấy tóc và đồ vệ sinh cá nhân miễn phí. Du khách có thể chơi tennis, ngâm mình trong bể sục hoặc thư giãn trong phòng xông hơi khô. Chỗ nghỉ cũng có trung tâm dịch vụ doanh nhân, đồng thời cung cấp các dịch vụ giữ trẻ và giặt là. Du khách có thể thưởng thức ẩm thực Việt Nam và quốc tế ngon miệng tại Nhà hàng Jaspa hoặc trong sự thoải mái ngay tại phòng nghỉ.",7.1
1727,Napoly Hotel,Vũng Tàu,"Napoly Hotel nằm bên bờ biển ở thành phố Vũng Tàu, cách Bãi Sau 400 m và Bãi Dứa 1,4 km. Trong số các tiện nghi của chỗ nghỉ này có lễ tân 24 giờ, dịch vụ phòng và WiFi miễn phí trong toàn bộ khuôn viên. Chỗ đỗ xe riêng có thể được bố trí cho khách với một khoản phụ phí. Phòng nghỉ tại Napoly Hotel được trang bị ấm đun nước, TV màn hình phẳng, máy điều hòa, tủ lạnh và phòng tắm riêng với vòi xịt/chậu rửa vệ sinh. Một số phòng có ban công.  Chỗ nghỉ có sân hiên. Các điểm tham quan nổi tiếng gần Napoly Hotel bao gồm Bãi Trước, Ngọn hải đăng Vũng Tàu và Tượng Chúa Kitô Vua. Sân bay gần nhất là sân bay quốc tế Tân Sơn Nhất, nằm trong bán kính 72 km từ khách sạn.",6.9
1732,Handy Beachfront Apartment - Muong thanh Vien Trieu,Nha Trang,"Nằm cách Bãi biển Hòn Chồng vài bước chân, Handy Beachfront Apartment - Muong thanh Vien Trieu cung cấp chỗ nghỉ với nhà hàng, sảnh khách chung và lễ tân 24 giờ để tạo thuận tiện cho khách. Chỗ nghỉ này có WiFi miễn phí. Tất cả các căn tại đây đều được trang bị máy điều hòa, TV màn hình phẳng, phòng khách với ghế sofa, bếp đầy đủ tiện nghi đi kèm khu vực ăn uống và phòng tắm riêng với vòi xịt/chậu rửa vệ sinh, dép đi trong phòng cùng máy sấy tóc. Các căn còn được trang bị lò vi sóng, tủ lạnh, bếp nấu ăn và ấm đun nước. Căn hộ phục vụ bữa sáng kiểu Á hàng ngày. Handy Beachfront Apartment - Muong thanh Vien Trieu có sân chơi cho trẻ em. Chỗ nghỉ cung cấp dịch vụ cho thuê xe đạp và xe hơi trong khi du khách cũng có thể đi bộ đường dài ở khu vực gần đó. Handy Beachfront Apartment - Muong thanh Vien Trieu nằm cách Bãi biển Nha Trang 2 km và Hòn Chồng 1,2 km. Sân bay gần nhất là sân bay quốc tế Cam Ranh, nằm trong bán kính 41 km từ căn hộ, và chỗ nghỉ cung cấp dịch vụ đưa đón sân bay với một khoản phụ phí.",6.0
1735,Viet Duc Guest House,Sa Pa,"Trong số các tiện nghi của nhà khách này còn có nhà hàng, lễ tân 24 giờ, sảnh khách chung và WiFi miễn phí. Chỗ nghỉ cũng có máy ATM, dịch vụ trợ giúp đặc biệt và dịch vụ thu đổi ngoại tệ cho khách. Tất cả phòng nghỉ tại Viet Duc Guest House đều được bố trí bàn làm việc, TV, phòng tắm riêng và khu vực ghế ngồi. Nhà khách nằm gần các điểm tham quan nổi tiếng như trung tâm thương mại Sun Plaza, Hồ Sa Pa và Quảng trường Trung tâm Sa Pa.",7.3
1737,Bap Homestay,Hội An,"Tọa lạc tại thành phố Hội An, cách Hội quán Triều Châu 700 m và Bảo tàng Lịch sử Hội An 1,1 km, Bap Homestay cung cấp chỗ nghỉ với WiFi miễn phí, máy điều hòa, quầy bar và sảnh khách chung. Tất cả phòng nghỉ tại đây đều được bố trí khu vực ghế ngồi, TV màn hình phẳng và phòng tắm riêng đi kèm máy sấy tóc, chậu rửa vệ sinh (bidet) cùng vòi sen. Khách nghỉ tại homestay này có thể thưởng thức bữa sáng kiểu Á. Bap Homestay có sân hiên và khu vườn. Chỗ nghỉ nằm gần các điểm tham quan nổi tiếng như Hội quán Quảng Đông, Chùa Cầu Nhật Bản và Hội quán Hải Nam. Sân bay gần nhất là sân bay quốc tế Đà Nẵng, nằm trong bán kính 24 km từ Bap Homestay.",8.0
1738,Ngoc Loan Hotel,TP. Hồ Chí Minh,"Ngoc Loan Hotel cung cấp phòng nghỉ gắn máy điều hòa ở Quận 7 thuộc Thành phố Hồ Chí Minh, cách Trung tâm Hội chợ và Triển lãm Sài Gòn 5 km. Khách sạn 1 sao này có Wi-Fi miễn phí, lễ tân 24 giờ và dịch vụ phòng. Khách sạn cung cấp các phòng gia đình. Phòng nghỉ tại Ngoc Loan Hotel được trang bị tủ để quần áo, bàn làm việc, TV và phòng tắm riêng. Chỗ nghỉ nằm trong bán kính 5 km từ Bến Nhà Rồng và 6 km từ Chợ ẩm thực đường phố Bến Thành. Sân bay gần nhất là sân bay quốc tế Tân Sơn Nhất, cách Ngoc Loan Hotel 9 km.",7.0
1743,Nhà Của Bắp - CSJ Tower Vũng Tàu,Vũng Tàu,"Tọa lạc tại thành phố Vũng Tàu, Nhà Bé Bắp cung cấp chỗ nghỉ với ban công. Chỗ đỗ xe riêng được bố trí ngay trong khuôn viên. Căn hộ lắp máy điều hòa này có 1 phòng ngủ riêng biệt, phòng khách, bếp đầy đủ tiện nghi và 1 phòng tắm. Căn này được trang bị TV màn hình phẳng. Ngọn hải đăng Vũng Tàu nằm cách căn hộ 2,4 km trong khi Tượng Chúa Kitô Vua cách đó 2,6 km. Sân bay gần nhất là sân bay quốc tế Tân Sơn Nhất, nằm trong bán kính 71 km từ Nhà Bé Bắp.",7.0
1744,Hoi An Garden Villas,Hội An,"Các phòng hiện đại với Wi-Fi miễn phí đang chờ đón du khách tại Hoi An Garden Villas. Nằm cách Bãi biển Cửa Đại cũng như Phố Cổ Hội An 2 km, khách sạn có vườn kiểng thư giãn và hồ bơi ngoài trời. Sân bay Quốc tế Đà Nẵng cách nơi nghỉ này khoảng 45 phút lái xe. Tất cả các loại phòng tại đây đều có tầm nhìn ra hồ bơi, truyền hình vệ tinh màn hình phẳng và phòng tắm riêng với vòi sen. Ngoài ra còn có bàn làm việc, minibar và khu vực tiếp khách với máy pha trà/cà phê. Tại Hoi An Garden Villas, nhân viên thân thiện của nơi nghỉ này có thể cung cấp dịch vụ cho thuê xe đạp cho phép khách đạp xe tới trung tâm thị trấn trong vòng 10 phút. Du khách có thể thư giãn trong hồ bơi tạo cảm giác vô tận hoặc hoặc nằm dài trên ghế tắm nắng. Bữa sáng theo kiểu gọi món được phục vụ tại nhà hàng ngay trong khuôn viên chỗ ở này. Bữa trưa và bữa tối được cung cấp theo yêu cầu.",8.3
1748,Hoi An Sunny Pool Villa,Hội An,"Hoi An Sunny Pool Villa chào đón quý khách với hồ bơi ngoài trời lớn và chỗ nghỉ yên tĩnh tại phường Cẩm Nam, thuộc thành phố Hội An. Quý khách có thể dùng bữa tại nhà hàng trong nhà và truy cập Wi-Fi miễn phí trong toàn bộ khuôn viên. Hoi An Sunny Pool Villa cách trung tâm thành phố 5 phút đi bộ. Chùa Cầu Nhật Bản và Hội quán Triều Châu đều cách đó 300 m. Sân bay quốc tế Đà Nẵng cách chỗ nghỉ 20 phút lái xe hơi. Mỗi phòng đều được trang bị TV màn hình phẳng với các kênh vệ tinh, ấm đun nước điện và tủ lạnh mini. Quý khách có thể thư giãn hoặc nhâm nhi cà phê trên sân hiên riêng nhìn ra khu vườn cũng như hồ bơi.",7.7
1749,Đức Long,Vũng Tàu,"Chỗ nghỉ này có dịch vụ phòng và sân hiên. Nhà khách cung cấp chỗ đỗ xe riêng miễn phí và cho khách thuê xe đạp để khám phá khu vực xung quanh. Phòng nghỉ tại Đức Long được trang bị bàn làm việc, TV màn hình phẳng, phòng tắm riêng, ga trải giường và khăn tắm. Các phòng được bố trí máy điều hòa và lò vi sóng. Một số phòng có ban công.  Các điểm tham quan nổi tiếng gần chỗ nghỉ bao gồm Bãi Dứa, Mũi Nghinh Phong và Tượng Chúa Kitô Vua. Sân bay gần nhất là sân bay Vũng Tàu, nằm trong bán kính 7 km từ Đức Long.",6.8
1752,Villa De Campagne Hoi An,Hội An,"Tọa lạc tại thành phố Hội An, Villa De Campagne Hoi An có chỗ nghỉ, nhà hàng, xe đạp cho khách sử dụng miễn phí, hồ bơi ngoài trời, vườn, khu vực bãi biển riêng và tầm nhìn ra vườn. Chỗ nghỉ này cung cấp WiFi miễn phí. Mỗi căn tại đây đều có sân trong nhìn ra hồ bơi, TV truyền hình vệ tinh màn hình phẳng, bếp đầy đủ tiện nghi và phòng tắm riêng với vòi sen, áo choàng tắm cùng dép đi trong phòng. Để thêm phần thuận tiện cho du khách, chỗ nghỉ có thể cung cấp khăn tắm và ga trải giường với một khoản phụ phí. Biệt thự phục vụ bữa sáng kiểu lục địa hàng ngày. Trong khuôn viên chỗ nghỉ có sân hiên và du khách có thể đi xe đạp trong khu vực gần ""Villa De Campagne Hoi An"". Chỗ nghỉ nằm cách Bãi biển Cửa Đại 1,8 km và Bãi biển An Bàng 1,9 km. Sân bay gần nhất sân bay quốc tế Đà Nẵng, cách đó 30 km, và ""Villa De Campagne Hoi An"" cung cấp dịch vụ đưa đón sân bay với một khoản phụ phí.",7.1
1757,Le House Boutique Hotel,Đà Nẵng,"Nằm trên khu vực Bãi biển Mỹ Khê ở thành phố Đà Nẵng, trong bán kính 2 km từ Cầu Sông Hàn, Le House Boutique Hotel cung cấp các phòng gắn máy điều hòa với Wi-Fi miễn phí toàn khuôn viên. Khách sạn theo phong cách Pháp này có quán bar và bãi đỗ xe riêng miễn phí. Mỗi phòng tại đây đều được trang bị truyền hình cáp. Một số phòng có khu vực ghế ngồi để khách thư giãn, trong khi một số phòng cho khách tầm nhìn ra quang cảnh biển hoặc thành phố. Các phòng còn đi kèm phòng tắm riêng với bồn tắm/vòi sen, dép và đồ vệ sinh cá nhân miễn phí. Khách sạn có lễ tân 24 giờ. Le House Boutique Hotel cách Bảo tàng Chăm 2,4 km và Bãi biển Mỹ An 3 km. Sân bay gần nhất là sân bay quốc tế Đà Nẵng, cách đó 5 km.",6.3
1758,Hoi An Garden Palace & Spa,Hội An,"Nằm cách Bảo tàng Lịch sử Hội An 18 km, Hoi An Garden Palace & Spa có khu vực bãi biển riêng và cung cấp dịch vụ đưa đón miễn phí hàng ngày đến khu vực thành phố và bãi biển. Resort này có khu vực BBQ, sân hiên tắm nắng và quán bar trong nhà. Quý khách có thể sử dụng miễn phí Wi-Fi trong toàn bộ khuôn viên, xe đạp và trái cây cùng đồ uống chào đón. Mỗi phòng nghỉ tại resort này đều được trang bị máy điều hòa và TV thông minh. Một số phòng có khu vực ghế ngồi để tạo thuận tiện cho quý khách. Các phòng nhất định nhìn ra quang cảnh hồ bơi, vườn hoặc thành phố. Ngoài ra, các phòng cũng đi kèm phòng tắm riêng, áo choàng tắm và dép. Hoi An Garden Palace & Spa có trung tâm spa và trung tâm thể dục. Resort này cũng có lễ tân 24 giờ và chỗ đỗ xe miễn phí ngay trong khuôn viên. Quý khách có thể đăng ký các lớp học nấu ăn cũng như tham gia nhiều hoạt động khác nhau trong khu vực xung quanh như đi xe đạp và câu cá. Chỗ nghỉ có thể thu xếp dịch vụ đưa đón sân bay với một khoản phụ phí. Chỗ nghỉ cũng cung cấp xe đạp cho khách sử dụng miễn phí. Phố Cổ Hội An nằm trong bán kính 1 km từ chỗ nghỉ này trong khi Chùa Cầu Nhật Bản và Nhà cổ Tấn Ký đều cách đó 3 km. Sân bay gần nhất là sân bay quốc tế Đà Nẵng, cách Hoi An Garden Palace & Spa 30 km.",6.4
1759,Hoang Linh Hotel,Vũng Tàu,"Mỗi phòng nghỉ tại khách sạn đều được trang bị máy lạnh và TV truyền hình cáp. Các phòng còn có phòng tắm riêng và cửa sổ mở ra toàn cảnh bãi biển. Du khách có thể truy cập Wi-Fi miễn phí. Chỗ nghỉ này có lễ tân làm việc 24 giờ. Khách sạn cũng cung cấp dịch vụ cho thuê xe đạp và xe hơi. Mũi Nghinh Phong cách Hoang Linh Hotel 400 m, còn Bãi Sau cách đó 5 phút đi bộ. Sân bay gần nhất là Sân bay Quốc tế Tân Sơn Nhất, cách chỗ nghỉ 72 km.",7.6
1759,Hoang Linh Hotel,Đà Nẵng,"Hoang Linh Hotel nằm trong bán kính chỉ 2 km từ Sân bay Quốc tế Đà Nẵng. Khách lưu trú tại khách sạn có thể truy cập Wi-Fi miễn phí tại tất cả các khu vực và sử dụng tiện nghi đỗ xe miễn phí. Các phòng máy lạnh trang nhã tại Hoang Linh Hotel được trang bị truyền hình cáp màn hình phẳng, minibar và khu vực tiếp khách. Trong các phòng tắm riêng đi kèm với đồ vệ sinh cá nhân miễn phí và máy sấy tóc. Quầy lễ tân 24 giờ của Hoang Linh Hotel sẽ sẵn lòng hỗ trợ dịch vụ giặt là/ủi, chỗ để hành lý và dịch vụ đỗ xe cho khách. Du khách cũng có thể chọn từ một loạt lựa chọn dịch vụ phòng. Tọa lạc chỉ cách Sông Hàn vài bước chân, khách sạn được trang bị đầy đủ tiện nghi này cũng nằm trong bán kính chỉ 2 phút đi bộ từ Chợ Hàn nổi tiếng và 10 phút đi bộ từ Nhà thờ Đà Nẵng. Tuy Hoang Linh Hotel không có nhà hàng nhưng xung quanh khách sạn có nhiều quán ăn Việt Nam.",6.1
1765,New Sun Hotel Đà Lạt,Đà Lạt,"Tọa lạc tại thành phố Đà Lạt, cách Quảng trường Lâm Viên 1,9 km và Hồ Xuân Hương 2,6 km, New Sun Hotel Đà Lạt cung cấp chỗ nghỉ với sân hiên cũng như chỗ đỗ xe riêng miễn phí cho khách lái xe. Khách sạn 1 sao này có dịch vụ tiền sảnh và bàn đặt tour. Chỗ nghỉ cung cấp dịch vụ lễ tân 24 giờ, dịch vụ đưa đón, dịch vụ phòng và WiFi miễn phí. Mỗi phòng nghỉ tại khách sạn đều được trang bị tủ để quần áo, TV màn hình phẳng, phòng tắm riêng, ga trải giường và khăn tắm. Tất cả các phòng đi kèm ấm đun nước. Một số phòng có sân trong trong khi các phòng còn lại cho tầm nhìn ra khu vườn. Các phòng được bố trí tủ lạnh. Khu vực này nổi tiếng với hoạt động đi xe đạp và du khách cũng có thể thuê xe đạp/xe hơi tại New Sun Hotel Đà Lạt. Công viên Yersin nằm cách chỗ nghỉ 2,8 km trong khi sân golf Dalat Palace Golf Club cách đó 3,1 km. Sân bay gần nhất là sân bay Liên Khương, nằm trong bán kính 30 km từ New Sun Hotel Đà Lạt.",6.6
1768,DaLaHa,Đà Lạt,"Tọa lạc tại thành phố Đà Lạt, DaLaHa cung cấp chỗ nghỉ với nhà hàng, quầy bar, vườn, WiFi miễn phí và tầm nhìn ra quang cảnh thành phố. Nhà nghỉ dưỡng này có chỗ đỗ xe riêng miễn phí và bếp chung. Nhà nghỉ dưỡng có 5 phòng ngủ, 2 phòng tắm, ga trải giường, khăn tắm, TV truyền hình cáp màn hình phẳng, khu vực ăn uống, bếp đầy đủ tiện nghi và sân hiên nhìn ra vườn. Nhà nghỉ dưỡng nằm cách Vườn hoa Đà Lạt 4,4 km và Hồ Xuân Hương 6 km. Sân bay gần nhất là sân bay Liên Khương, nằm trong bán kính 50 km từ DaLaHa.",8.1
1778,BB Homestay,Đà Lạt,"Mỗi căn tại đây đều được bố trí phòng tắm riêng với vòi xịt/chậu rửa vệ sinh, dép đi trong phòng, máy sấy tóc và đồ vệ sinh cá nhân miễn phí. Homestay này cung cấp dịch vụ cho thuê xe hơi. BB Homestay nằm trong bán kính 2,8 km từ Quảng trường Lâm Viên và 3 km từ Hồ Xuân Hương. Sân bay gần nhất là sân bay Liên Khương, cách đó 21 km, và chỗ nghỉ cung cấp dịch vụ đưa đón sân bay với một khoản phụ phí.",6.5
1780,Santa Sea Villa,Hội An,"Nằm trong khoảng cách đi bộ đến bãi biển An Bàng thơ mộng, Santa Sea Villa cung cấp chỗ nghỉ với ban công riêng nhìn ra biển ở phường Cẩm An, cách Phố cổ Hội An khoảng 4 km. Khách sạn có hồ bơi ngoài trời mở cửa quanh năm và nhà hàng ngay trong khuôn viên, đồng thời cung cấp dịch vụ lễ tân 24 giờ. Quý khách có thể truy cập Wi-Fi và sử dụng xe đạp miễn phí. Tất cả các phòng tại khách sạn đều có TV màn hình phẳng, phòng tắm riêng với đồ vệ sinh cá nhân miễn phí và Wi-Fi không tính phí. Các phòng chọn lọc đi kèm sân hiên. Bàn làm việc và ấm đun nước cũng được trang bị trong phòng. Khách sạn phục vụ bữa sáng tự chọn và kiểu Á hàng ngày. Santa Sea Villa có nhà hàng cung cấp các món ăn kiểu Phi, kiểu Á và kiểu Mỹ. Quý khách cũng có thể yêu cầu món Halal (dành cho người theo đạo Hồi). Nhân viên tại chỗ nghỉ thành thạo tiếng Anh và tiếng Trung luôn sẵn sàng hỗ trợ quý khách 24/24. Hội quán Phúc Kiến cách Santa Sea Villa 4,1 km. Sân bay gần nhất là sân bay quốc tế Đà Nẵng, cách đó 21 km.",8.0
1783,Mango Bay Resort,Phú Quốc,"Mango Bay Phu Quoc Resort nằm trải dài trên 700 m bãi biển đầy cát riêng và 20 ha cây xanh tự nhiên. Riêng tư và yên tĩnh, resort tự nhiên thân thiện với môi trường này có truy cập WiFi miễn phí và chỗ đỗ xe miễn phí trong khuôn viên. Làn gió tự nhiên mát rượi thổi vào các phòng và bungalow qua cửa chớp bằng gỗ. Trong phòng nghỉ được trang bị giường 4 cọc, quạt trần, hệ thống làm mát Evening Breeze và màn chống muỗi. Tất cả các phòng và bungalow đều có tầm nhìn ra biển/vườn từ sân hiên. Vòi sen nước nóng bằng năng lượng mặt trời được trang bị trong các phòng tắm. Mango Bay Phu Quoc Resort nằm cách Bãi Sao 9 km. Chỗ nghỉ nằm trong bán kính 10 km từ Chợ Dương Đông ở trung tâm thành phố và sân bay nội địa Phú Quốc. Nhà hàng Mango Bay Beach phục vụ các món ăn Á-Âu. Du khách có thể ngắm nhìn cảnh bình minh và hoàng hôn tuyệt đẹp trong khi thưởng thức đồ uống giải khát tại quán Beach Bar Mango Bay. Du khách có thể tận hưởng dịch vụ mát-xa thư giãn, tắm nắng trên sân hiên tắm nắng hoặc sắp xếp các chuyến đi trong ngày tại bàn đặt tour. Resort cũng có trung tâm dịch vụ doanh nhân và dịch vụ giặt là.",8.1
1787,NK.Dalat Hotel,Đà Lạt,"Dalat Hotel! Để tiết kiệm tại chỗ nghỉ này, bạn chỉ cần đăng nhập. Tọa lạc tại thành phố Đà Lạt, cách Quảng trường Lâm Viên 2,5 km, NK.Dalat Hotel cung cấp chỗ nghỉ với nhà hàng, chỗ đỗ xe riêng miễn phí, quán bar và sảnh khách chung. Nằm trong bán kính 2,7 km từ Hồ Xuân Hương và 2,9 km từ Công viên Yersin, khách sạn này có khu vườn và sân hiên. Chỗ nghỉ cung cấp dịch vụ lễ tân 24 giờ, dịch vụ phòng và dịch vụ thu đổi ngoại tệ cho khách. WiFi được cung cấp miễn phí cho tất cả các khách trong khi một số phòng còn có ban công. Khách sạn phục vụ bữa sáng kiểu Á hàng ngày. Du khách có thể chơi bóng bàn tại NK.Dalat Hotel trong khi đi xe đạp là hoạt động được ưa chuộng trong khu vực. Vườn hoa Đà Lạt nằm cách chỗ nghỉ 4 km trong khi Thiền viện Trúc Lâm cách đó 6 km. Sân bay gần nhất là sân bay Liên Khương, nằm trong bán kính 30 km từ NK.Dalat Hotel, và chỗ nghỉ cung cấp dịch vụ đưa đón sân bay với một khoản phụ phí.",6.6
1788,Luxury Apartment View My Khe beach 2-3bedroom,Đà Nẵng,"Chỗ nghỉ này cung cấp bếp chung. Căn hộ được bố trí 2 phòng ngủ, 2 phòng tắm, ga trải giường, khăn tắm, TV truyền hình cáp màn hình phẳng, khu vực ăn uống, bếp đầy đủ tiện nghi và ban công nhìn ra biển. Căn hộ có sân hiên. Du khách có thể đi bộ đường dài để khám phá khu vực xung quanh và Luxury Apartment View My Khe beach 2-3bedroom có thể thu xếp dịch vụ cho thuê xe hơi. Chỗ nghỉ nằm cách Cầu khóa Tình yêu 2,9 km và Bảo tàng Chăm 3,6 km. Sân bay gần nhất là sân bay quốc tế Đà Nẵng, nằm trong bán kính 6 km từ Luxury Apartment View My Khe beach 2-3bedroom, và chỗ nghỉ cung cấp dịch vụ đưa đón sân bay với một khoản phụ phí.",7.0
1792,S Bungalow Phú Quốc,Phú Quốc,"Nằm trên đảo Phú Quốc, cách Bãi Dài 500 m, S Bungalow Phú Quốc cung cấp chỗ nghỉ với nhà hàng, chỗ đỗ xe riêng miễn phí, hồ bơi ngoài trời và quán bar. Trong số các tiện nghi của chỗ nghỉ này có dịch vụ phòng, sảnh khách chung và WiFi miễn phí trong toàn bộ khuôn viên. Chỗ nghỉ có lễ tân 24 giờ, bếp chung và dịch vụ thu đổi ngoại tệ cho khách. Phòng nghỉ tại S Bungalow Phú Quốc có máy điều hòa, khu vực ghế ngồi, TV truyền hình vệ tinh màn hình phẳng, két an toàn, sân trong và phòng tắm riêng với vòi xịt/chậu rửa vệ sinh, áo choàng tắm cùng dép. Một số phòng cho tầm nhìn ra hồ nước. Các phòng được trang bị ga trải giường và khăn tắm. S Bungalow Phú Quốc phục vụ bữa sáng kiểu lục địa hoặc bữa sáng à la carte. Nhà khách cung cấp tiện nghi BBQ. Du khách có thể chơi ném phi tiêu và thuê xe hơi tại S Bungalow Phú Quốc. Chùa Sùng Hưng nằm trong bán kính 2,1 km từ chỗ nghỉ trong khi Sòng bạc Corona cách đó 24 km.",5.1
1793,Miana Resort Phu Quoc,Phú Quốc,"Nằm cách Dinh Cậu ở thị trấn Dương Đông chỉ 1,1 km, Miana Resort Phu Quoc cung cấp chỗ nghỉ tuyệt đẹp với khu vườn và hồ bơi ngoài trời. Khách lưu trú có thể tận hưởng một loạt các món ăn ngon được phục vụ tại nhà hàng của chỗ nghỉ. Nơi đây cũng cung cấp xe đạp cho khách sử dụng miễn phí, Wi-Fi miễn phí và chỗ đỗ xe riêng miễn phí ngay trong khuôn viên. Lặn biển và lặn với ống thở là các hoạt động phổ biến trong khu vực. Chỗ nghỉ này nằm gần quán Coco Bar, cách đó 1,1 km. Chợ đêm Phú Quốc và Sân bay quốc tế Phú Quốc nằm trong bán kính lần lượt 1,1 km và 9 km lái xe từ resort. Mỗi phòng nghỉ tại đây đều được trang bị TV truyền hình cáp màn hình phẳng. Du khách cũng sẽ tìm thấy ấm đun nước trong phòng. Tất cả các phòng có phòng tắm riêng với dép đi trong phòng và đồ vệ sinh cá nhân miễn phí, tạo sự thoải mái cho khách. Nhân viên thân thiện nói song ngữ có thể hỗ trợ khách 24 giờ/ngày tại lễ tân.",6.3
1796,Hue Happy Homestay,Huế,"Chỗ nghỉ này cung cấp WiFi miễn phí trong toàn khuôn viên. Mỗi phòng thường và phòng ngủ tập thể đều có máy điều hòa, quạt, khăn tắm miễn phí, bản đồ thành phố miễn phí và tầm nhìn ra quang cảnh thành phố. Các phòng thường cũng có TV truyền hình cáp và minibar. Khách sử dụng phòng tắm riêng hoặc chung. Khách có thể sử dụng nhà bếp chung, miễn phí 1 ly bia từ 18:00 - 21:00, trái cây, trà và cà phê trong suốt thời gian lưu trú. Chỗ nghỉ cũng có thể hỗ trợ du khách với các dịch vụ đặt vé, giặt là và thuê phương tiện đi lại. Homestay cách cầu Tràng Tiền 900 m và chùa Chiêu Ứng 1,4 km. Sân bay Phú Bài cách đó 14 km.",8.0
1797,Đức Anh Bungalow,Phú Quốc,"Nằm trên đảo Phú Quốc, Đức Anh Bungalow có chỗ nghỉ, hồ bơi ngoài trời, quầy bar, khu vườn, sân hiên và tầm nhìn ra hồ nước. Các căn tại đây có sân trong, máy điều hòa, TV màn hình phẳng và phòng tắm riêng đi kèm vòi sen cùng dép đi trong phòng. Tất cả các căn đều được bố trí ban công nhìn ra hồ bơi. Nhà nghỉ B&B này phục vụ bữa sáng à la carte hằng ngày. Đức Anh Bungalow nằm cách Bãi Dài 1,1 km và Chùa Sùng Hưng 4,1 km.",7.3
1798,Happy Life Hotel SaiGon,TP. Hồ Chí Minh,"Tọa lạc tại Thành phố Hồ Chí Minh, Happy Life Hotel có nhà hàng, quán bar, sảnh khách chung và khu vườn. Khách sạn này có các phòng gia đình và sân hiên. Chỗ nghỉ này cung cấp dịch vụ lễ tân 24 giờ, dịch vụ phòng và dịch vụ thu đổi ngoại tệ cho khách. Mỗi phòng nghỉ tại Happy Life Hotel đều có máy điều hòa, khu vực ghế ngồi, TV truyền hình cáp màn hình phẳng, két an toàn và phòng tắm riêng với vòi xịt/chậu rửa vệ sinh, áo choàng tắm cùng dép. Tất cả các phòng được trang bị ga trải giường và khăn tắm. Khách lưu trú tại chỗ nghỉ có thể thưởng thức bữa sáng kiểu lục địa. Trung tâm Hội nghị và Triển lãm Sài Gòn nằm cách Happy Life Hotel 1,1 km trong khi Bến Nhà Rồng cách đó 4,3 km. Sân bay gần nhất là sân bay quốc tế Tân Sơn Nhất, nằm trong bán kính 13 km từ khách sạn, và chỗ nghỉ cung cấp dịch vụ đưa đón sân bay với một khoản phụ phí.",7.2
1801,Cen Hotel,Vũng Tàu,"Mỗi chỗ nghỉ tại khách sạn 2 sao này đều có tầm nhìn ra quang cảnh thành phố và Wi-Fi miễn phí. Chỗ nghỉ cung cấp dịch vụ lễ tân 24 giờ, dịch vụ phòng và dịch vụ thu đổi ngoại tệ cho khách. Các căn tại khách sạn có máy điều hòa, khu vực ghế ngồi, TV màn hình phẳng với các kênh truyền hình vệ tinh, két an toàn và phòng tắm riêng với vòi xịt/chậu rửa vệ sinh, dép đi trong phòng cùng máy sấy tóc. Cen Hotel cung cấp một số phòng nhìn ra hồ và các phòng có sân trong. Mỗi phòng tại chỗ nghỉ đều được trang bị ga trải giường và khăn tắm. Du khách có thể thuê xe đạp/xe hơi tại Cen Hotel đồng thời đi bộ đường dài hay đạp xe là các hoạt động được ưa chuộng trong khu vực. Khách sạn nằm cách Bãi Dứa 1,8 km và Bãi Trước 2,7 km. Sân bay gần nhất là sân bay Vũng Tàu, cách Cen Hotel 6 km và chỗ nghỉ cung cấp dịch vụ đưa đón sân bay với một khoản phụ phí.",8.6
1802,Hmong house Sapa,Sa Pa,"Homestay này cung cấp miễn phí cả WiFi lẫn chỗ đỗ xe riêng. Một số căn tại đây được bố trí phòng tắm riêng đi kèm vòi xịt/chậu rửa vệ sinh, dép đi trong phòng, máy sấy tóc và đồ vệ sinh cá nhân miễn phí. Khách nghỉ tại Hmong house Sapa có thể thưởng thức bữa sáng buffet. Du khách cũng có thể thư giãn tại khu vực tiếp khách chung. Ga cáp treo Fansipan Legend nằm cách chỗ nghỉ 13 km trong khi Núi Fansipan cách đó 24 km.",7.6
1803,Azura Gold Hotel & Apartment,Nha Trang,"Nằm cách Bãi biển Nha Trang chưa đầy 100 m, Azura Gold Hotel & Apartment cung cấp phòng nghỉ nhìn ra biển. Chỗ nghỉ này có bàn đặt tour, lễ tân 24 giờ và WiFi miễn phí. Trung tâm Thuyền buồm Việt Nam và Quảng trường chính đều nằm trong bán kính 200 m từ khách sạn. Sân bay Nha Trang cách đó 26 km. Phòng nghỉ tại đây có TV truyền hình cáp, minibar và phòng tắm riêng với tiện nghi vòi sen cùng đồ vệ sinh cá nhân. Một số phòng được trang bị bồn tắm. Du khách có thể được hỗ trợ với các dịch vụ giữ hành lý, giặt, ủi và cho thuê phương tiện đi lại. Dịch vụ đưa đón sân bay cũng được cung cấp.",8.2
1805,Vinpearl Resort & Spa Phu Quoc,Phú Quốc,"Vinpearl Resort & Spa Phu Quoc cung cấp chỗ nghỉ hiện đại và sang trọng với WiFi miễn phí trong toàn bộ khuôn viên và có hồ bơi ngoài trời cũng như khu vực bãi biển riêng. Chỗ nghỉ này có lễ tân 24 giờ, dịch vụ văn phòng và tiện nghi tổ chức tiệc/hội họp. Tọa lạc tại vị trí chiến lược, resort này nằm cách Suối Tranh 47 km và Làng chài Hàm Ninh 37 km. Sân bay quốc tế Phú Quốc cách resort 33 km lái xe. Được bài trí trang nhã, phòng nghỉ lắp máy điều hòa tại đây có tủ để quần áo, két an toàn (trong phòng), minibar, khu vực ghế ngồi và TV truyền hình cáp màn hình phẳng. Phòng tắm riêng đi kèm tiện nghi vòi sen, máy sấy tóc và đồ vệ sinh cá nhân miễn phí. Du khách có thể tận hưởng dịch vụ mát xa thư giãn tại spa hoặc hát karaoke trong khuôn viên. Chỗ nghỉ cũng có phòng giữ hành lý, dịch vụ đặt vé và giặt là. Dịch vụ cho thuê xe hơi, dịch vụ đưa đón và đưa đón sân bay có thể được bố trí với một khoản phụ phí. Resort có 3 nhà hàng phục vụ nhiều món ăn ngon của địa phương và Phương Tây. Du khách có thể thưởng thức đồ uống sau bữa ăn tại quầy bar trong khi dịch vụ phòng cũng được cung cấp để tạo thuận tiện cho du khách. Lưu ý: Theo thông báo của Sở Du lịch Kiên Giang, tất cả du khách đến Phú Quốc cần phải có kết quả xét nghiệm Covid-19 âm tính trong vòng 24 giờ. Vì vậy, du khách vui lòng tiến hành xét nghiệm và xuất trình kết quả xét nghiệm khi đến nhận phòng tại Vinpearl.",7.2
1809,Nhat Quynh Hotel,Đà Lạt,"Tọa lạc ở thành phố Đà Lạt, cách Vườn hoa Đà Lạt 1,2 km và Hồ Xuân Hương 2,1 km, Nhat Quynh Hotel cung cấp chỗ nghỉ với sân hiên cũng như chỗ đỗ xe riêng miễn phí cho khách lái xe. Trong số các tiện nghi của chỗ nghỉ này có nhà hàng, lễ tân 24 giờ, dịch vụ phòng và WiFi miễn phí. Khách sạn cung cấp các phòng gia đình. Phòng nghỉ tại khách sạn có bàn làm việc, TV màn hình phẳng, phòng tắm riêng, ga trải giường, khăn tắm và ban công nhìn ra quang cảnh núi non. Tất cả các phòng sử dụng phòng tắm chung với vòi sen, áo choàng tắm và dép. Mỗi phòng đều được trang bị tủ để quần áo và ấm đun nước. Nhat Quynh Hotel nằm trong bán kính 2,3 km từ Quảng trường Lâm Viên và 2,4 km từ Công viên Yersin. Sân bay gần nhất là sân bay Liên Khương, cách chỗ nghỉ 32 km.",9.0
1811,Xala Boutique Hotel,Nha Trang,"Tọa lạc tại thành phố Nha Trang, cách Bãi biển Nha Trang 150 m, Xala Boutique Hotel cung cấp chỗ nghỉ bên bờ biển và nhiều tiện nghi như quầy bar. Trong số các tiện nghi của chỗ nghỉ này có nhà hàng, lễ tân 24 giờ, dịch vụ phòng và WiFi miễn phí trong toàn bộ khuôn viên, bàn đặt tour và dịch vụ thu đổi ngoại tệ cho khách. Phòng nghỉ gắn máy điều hòa tại Xala Boutique Hotel có bàn làm việc, ấm đun nước, minibar, két an toàn, TV màn hình phẳng và phòng tắm riêng với vòi sen. Các phòng được trang bị ga trải giường và khăn tắm. Các điểm tham quan nổi tiếng gần chỗ nghỉ bao gồm quán Sailing Club, Trung tâm Thuyền buồm Việt Nam và Quảng trường 2/4. Sân bay gần nhất là sân bay quốc tế Cam Ranh, cách Xala Boutique Hotel 36 km, và chỗ nghỉ cung cấp dịch vụ đưa đón sân bay với một khoản phụ phí.",7.6
1813,GOLD SEA VUNG TAU HOMESTAY,Vũng Tàu,"Chỗ nghỉ này có WiFi miễn phí và sảnh khách chung. Một số căn tại đây được bố trí TV truyền hình cáp màn hình phẳng, khu vực bếp ăn đầy đủ tiện nghi với tủ lạnh và phòng tắm riêng đi kèm vòi xịt/chậu rửa vệ sinh cùng dép đi trong phòng. Căn hộ nằm cách Bãi Trước 2,2 km và Bãi Dứa 2,3 km. Sân bay gần nhất là sân bay Vũng Tàu, nằm trong bán kính 6 km từ GOLD SEA VUNG TAU HOMESTAY.",7.2
1816,M Village Phu Quoc,Phú Quốc,"Nằm trên đảo Phú Quốc, M Village Phu Quoc có nhà hàng, hồ bơi ngoài trời, trung tâm thể dục và quán bar. Với khu vườn, resort nằm gần một số điểm tham quan nổi tiếng, cách Bãi Trường khoảng 500 m và Bảo tàng Cội Nguồn khoảng 600 m. Chỗ nghỉ cung cấp dịch vụ lễ tân 24 giờ, dịch vụ đưa đón sân bay, dịch vụ phòng và WiFi miễn phí. Phòng nghỉ của resort được trang bị máy điều hòa, bàn làm việc, ấm đun nước, minibar, két an toàn, TV màn hình phẳng và phòng tắm riêng với vòi sen. Tại M Village Phu Quoc, mỗi phòng đều được trang bị ga trải giường và khăn tắm. Chỗ nghỉ phục vụ bữa sáng buffet hằng ngày. Chùa Sùng Hưng nằm trong bán kính 3,5 km từ M Village Phu Quoc trong khi công viên giải trí Vinpearl Land Phú Quốc cách đó 25 km. Sân bay gần nhất là sân bay quốc tế Phú Quốc, cách resort 7 km.",7.0
1819,Legend Connect Homestay,Hội An,"Tọa lạc tại vị trí tuyệt đẹp ở trung tâm thành phố Hội An, OYO 564 Legend Connect Homestay có phòng nghỉ với máy điều hòa và WiFi miễn phí, chỗ đỗ xe riêng miễn phí cùng dịch vụ phòng. Chỗ nghỉ còn có phòng gia đình và sân hiên. Chỗ nghỉ cung cấp dịch vụ lễ tân 24 giờ, phòng khách chung và tổ chức tour du lịch cho khách. Phòng nghỉ tại OYO 564 Legend Connect Homestay được trang bị tủ để quần áo, bàn làm việc, TV màn hình phẳng và phòng tắm riêng. Các điểm tham quan nổi tiếng gần chỗ nghỉ bao gồm Bảo tàng Lịch sử Hội An, Chùa Cầu Nhật Bản và Hội quán Quảng Đông. Sân bay gần nhất là sân bay quốc tế Đà Nẵng, cách OYO 564 Legend Connect Homestay 23 km.",5.7
1820,"InterContinental Saigon, an IHG Hotel",TP. Hồ Chí Minh,"Từ InterContinental Saigon, du khách có thể đi sang tòa nhà M Plaza Saigon, nơi tập trung nhiều cửa hàng bán lẻ. Khách sạn cũng nằm gần một số địa danh lịch sử và văn hóa như Nhà thờ Đức Bà, chợ Bến Thành và Dinh Thống Nhất. Phòng nghỉ tại đây có cửa sổ vách kính, phòng tắm lát đá cẩm thạch với vòi sen riêng, không gian làm việc rộng rãi, ổ cắm cho iPod và đầu đĩa DVD. Dịch vụ chỉnh trang giường buổi tối cũng được cung cấp. The Health Club and Spa InterContinental có thiết bị hiện đại và các liệu pháp spa đặc trưng cao cấp. Nhà hàng trong khuôn viên InterContinental Saigon phục vụ nhiều món Quảng Đông, Ý và quốc tế. Ngoài ra, du khách cũng có thể thư giãn với đồ uống giải khát tại The Library hoặc Purple Jade.",6.8
1822,My Gallery Boutique Hotel & Spa,Sa Pa,"Tọa lạc tại thị xã Sa Pa, My Gallery Boutique Hotel & Spa cung cấp chỗ nghỉ 4 sao với ban công riêng. Trong số các tiện nghi của chỗ nghỉ này có bàn đặt tour, phòng giữ hành lý và WiFi miễn phí trong toàn bộ khuôn viên. Khách sạn cung cấp các phòng gia đình. Tất cả phòng nghỉ tại My Gallery Boutique Hotel & Spa được bố trí máy điều hòa, khu vực ghế ngồi, TV truyền hình cáp màn hình phẳng, két an toàn và phòng tắm riêng đi kèm vòi xịt/chậu rửa vệ sinh, áo choàng tắm cùng dép. Một số phòng nhìn ra thành phố trong khi mỗi phòng đều có sân trong, ga trải giường và khăn tắm. Khách nghỉ tại My Gallery Boutique Hotel & Spa có thể thưởng thức bữa sáng kiểu lục địa hoặc bữa sáng buffet. Các điểm tham quan nổi tiếng gần khách sạn bao gồm Hồ Sa Pa, Nhà thờ Đá Sa Pa và Bến xe Sa Pa. Sân bay gần nhất là sân bay Điện Biên Phủ, cách My Gallery Boutique Hotel & Spa 269 km.",7.3
1824,Hanoi Daewoo Hotel,Hà Nội,"Mở cửa từ năm 1996, Hanoi Daewoo Hotel nằm gần một số đại sứ quán và công viên. Được bài trí trang nhã, khách sạn này cung cấp phòng nghỉ đầy đủ tiện nghi cũng như các tiện nghi tổ chức tiệc và hội họp. Khách sạn còn có trung tâm spa và khu vườn với hồ bơi lớn nhất trong thành phố. Tất cả phòng nghỉ được trang trí đầy phong cách tại đây đều có WiFi miễn phí, đồ nội thất bằng gỗ cũng như các tác phẩm nghệ thuật gốc của các nghệ sĩ trong nước và quốc tế. Du khách có thể ngắm nhìn quang cảnh thành phố Hà Nội cũng như Công viên và Hồ Thủ Lệ qua cửa sổ. Bữa sáng buffet sang trọng tại Hà Nội, tiệc Trung Hoa xa hoa, các món ăn Nhật Bản tinh tế, hương vị Đức chính thống - ẩm thực tại Hanoi Daewoo Hotel sẽ làm hài lòng mọi khẩu vị. Với nhiều nhà hàng, sảnh khách và tiệm bánh trong khuôn viên, khách sạn mang đến cho du khách trải nghiệm ẩm thực ngon tuyệt vời, với các món ăn ngon nhất của địa phương và quốc tế. Dịch vụ ăn uống tại phòng được cung cấp 24/24. Nhân viên thân thiện tại lễ tân 24 giờ có thể hỗ trợ du khách với dịch vụ giặt là, cho thuê xe hơi và thu xếp tour du lịch. Dịch vụ đưa đón sân bay và tiện nghi phục vụ doanh nhân cũng được cung cấp với một khoản phụ phí.",5.7
1826,Wings Bungalow,Phú Quốc,"Tọa lạc trên đảo Phú Quốc, cách Bãi Dài 700 m và Chùa Sùng Hưng 3,7 km, Wings Bungalow cung cấp chỗ nghỉ có WiFi miễn phí, máy điều hòa và khu vườn với hồ bơi ngoài trời. Biệt thự này có sân trong, tầm nhìn ra vườn, khu vực ghế ngồi, TV truyền hình vệ tinh màn hình phẳng, bếp đầy đủ tiện nghi với tủ lạnh và lò nướng cũng như phòng tắm riêng đi kèm vòi xịt/chậu rửa vệ sinh cùng dép đi trong phòng. Một số căn có ban công và/hoặc sân hiên nhìn ra hồ nước. Sòng bạc Corona và công viên giải trí Vinpearl Land Phú Quốc đều nằm trong bán kính 25 km từ Wings Bungalow.",7.5
1827,COTTAGES Resort - Ong Lang Beach,Phú Quốc,"Tọa lạc tại đảo Phú Quốc, cách Bãi biển Ông Lang 100 m, COTTAGES Resort - Ong Lang Beach cung cấp chỗ nghỉ với hồ bơi ngoài trời, chỗ đỗ xe riêng miễn phí, quầy bar và sảnh khách chung. Chỗ nghỉ này có dịch vụ phòng, tiện nghi BBQ, lễ tân 24 giờ, dịch vụ đưa đón sân bay, bếp chung và WiFi miễn phí trong toàn bộ khuôn viên. Phòng nghỉ tại COTTAGES Resort - Ong Lang Beach có máy điều hòa, khu vực ghế ngồi, TV truyền hình cáp màn hình phẳng, két an toàn và phòng tắm riêng với vòi xịt/chậu rửa vệ sinh, dép cùng máy sấy tóc. Mỗi phòng đều được trang bị ga trải giường và khăn tắm. Chỗ nghỉ có sân hiên. Chùa Sùng Hưng nằm trong bán kính 6 km từ COTTAGES Resort - Ong Lang Beach trong khi Sòng bạc Corona cách đó 12 km.",5.3
1831,Dolce by Wyndham Hanoi Golden Lake,Hà Nội,"Trong số các tiện nghi tại chỗ nghỉ này có sảnh khách chung, dịch vụ văn phòng và WiFi miễn phí trong toàn bộ khuôn viên. Chỗ nghỉ cung cấp dịch vụ lễ tân 24 giờ, dịch vụ phòng và dịch vụ thu đổi ngoại tệ cho khách. Phòng nghỉ gắn máy điều hòa của khách sạn được bố trí bàn làm việc, ấm đun nước, minibar, két an toàn, TV màn hình phẳng và phòng tắm riêng với vòi xịt/chậu rửa vệ sinh. Các phòng đi kèm máy pha cà phê trong khi một số phòng có sân trong và các phòng còn lại cung cấp tầm nhìn ra hồ. Tất cả các phòng đều được trang bị tủ để quần áo. Dolce by Wyndham Hanoi Golden Lake phục vụ bữa sáng à la carte hàng ngày. Nơi đây cung cấp chỗ nghỉ 5 sao với bồn nước nóng và sân hiên. Bảo tàng Mỹ thuật Việt Nam và Văn Miếu - Quốc Tử Giám đều nằm trong bán kính 2 km từ Dolce by Wyndham Hanoi Golden Lake. Sân bay gần nhất là sân bay quốc tế Nội Bài, cách khách sạn 26 km.",6.2
1833,Mercury Hotel & Apartment,Vũng Tàu,"Khách sạn 2 sao này có WiFi miễn phí, lễ tân 24 giờ và dịch vụ phòng. Khách sạn cung cấp các phòng gia đình. Một số phòng nghỉ tại khách sạn có tầm nhìn ra quang cảnh thành phố và phòng tắm riêng với vòi sen cùng dép. Các điểm tham quan nổi tiếng gần Mercury Hotel & Apartment bao gồm Bãi Trước, Bạch Dinh và Khu du lịch sinh thái Hồ Mây. Sân bay gần nhất là sân bay quốc tế Tân Sơn Nhất, cách chỗ nghỉ 70 km.",5.1
1839,Anh Duc Homestay,Sa Pa,Homestay này cung cấp miễn phí cả WiFi lẫn chỗ đỗ xe riêng. Một số căn tại đây có khu vực ghế ngồi và/hoặc ban công. Homestay phục vụ bữa sáng kiểu lục địa hoặc bữa sáng à la carte. Chỗ nghỉ có sân hiên. Homestay này nằm cách Núi Fansipan 24 km và trung tâm mua sắm Sun Plaza 10 km.,7.6
1845,Lucky Budda Inn Villa,Hà Nội,"Tọa lạc tại thành phố Hà Nội, Lucky Budda Inn Villa có nhà hàng, xe đạp cho khách sử dụng miễn phí, quán bar và sảnh khách chung. Mỗi phòng nghỉ tại khách sạn 3 sao này đều có tầm nhìn ra cảnh thành phố. Du khách có thể thư giãn trong vườn và sân hiên. Chỗ nghỉ có lễ tân 24 giờ, dịch vụ phòng và dịch vụ thu đổi ngoại tệ cho khách. Phòng nghỉ của khách sạn được trang bị máy điều hòa, truyền hình cáp màn hình phẳng, tủ lạnh, ấm đun nước, vòi sen, máy sấy tóc và bàn làm việc. Các phòng cũng có khu vực ghế ngồi. Khách lưu trú tại Lucky Budda Inn Villa có thể thưởng thức bữa sáng kiểu lục địa hoặc bữa sáng à la carte. Chỗ nghỉ có sân chơi cho trẻ em. Lucky Budda Inn Villa cung cấp dịch vụ cho thuê xe đạp và xe hơi trong khi đi xe đạp và câu cá là các hoạt động phổ biến trong khu vực. Khách sạn nằm cách Ô Quan Chưởng 2,7 km và Nhà hát múa rối nước Thăng Long 3,2 km. Sân bay gần nhất là sân bay quốc tế Nội Bài, nằm trong bán kính 19 km từ Lucky Budda Inn Villa, và chỗ nghỉ cung cấp dịch vụ đưa đón sân bay với một khoản phụ phí.",8.9
1846,Full House Hotel,Nha Trang,"Nằm ở thành phố Nha Trang, cách Bãi biển Nha Trang 800 m, Full House Hotel cung cấp chỗ nghỉ bên bờ biển với nhiều tiện nghi như nhà hàng, quán bar và sảnh khách chung. Chỗ nghỉ này còn có phòng gia đình và sân hiên. Nơi đây cung cấp dịch vụ lễ tân 24 giờ, dịch vụ phòng và dịch vụ thu đổi ngoại tệ cho khách. Phòng nghỉ tại Full House Hotel được bố trí máy điều hòa, khu vực ghế ngồi, TV truyền hình vệ tinh màn hình phẳng, két an toàn, ấm đun nước và phòng tắm riêng với vòi xịt/chậu rửa vệ sinh, dép cùng máy sấy tóc. Một số phòng có ban công. Mỗi phòng đều được trang bị ga trải giường và khăn tắm. Full House Hotel phục vụ bữa sáng kiểu lục địa hoặc bữa sáng buffet. Đi xe đạp là hoạt động được ưa chuộng trong khu vực và du khách có thể thuê xe đạp/xe hơi tại khách sạn. Full House Hotel nằm gần các điểm tham quan nổi tiếng như Nhà thờ Nha Trang, Bảo tàng Alexandre Yersin và Trung tâm thương mại Nha Trang Centre. Sân bay gần nhất là sân bay quốc tế Cam Ranh, cách đó 38 km, và chỗ nghỉ cung cấp dịch vụ đưa đón sân bay với một khoản phụ phí.",5.4
1847,Phu Nam House - Resort,Phú Quốc,"""Phu Nam House - Resort"" cung cấp chỗ nghỉ tại một vị trí tuyệt đẹp ở đảo Phú Quốc, cách Bãi Sao và Bãi Khem một quãng ngắn. Chỗ nghỉ này có vườn, tầm nhìn ra vườn và WiFi miễn phí. Lodge này nằm cách Chùa Sùng Hưng 26 km và Sòng bạc Corona 44 km.",7.2
1855,The Light Hotel,Nha Trang,"Tại đây có Wi-Fi miễn phí và hồ bơi. Nằm trong một tòa nhà 14 tầng, tất cả mọi phòng đều có thiết kế hiện đại và cửa sổ nhìn ra biển cũng như thành phố. Mỗi phòng còn được trang bị truyền hình vệ tinh và máy sấy tóc. Du khách có thể sử dụng dịch vụ ăn uống tại phòng để đảm bảo sự riêng tư. Dịch vụ giặt ủi và chỗ đậu xe được sắp xếp theo yêu cầu. Nhà hàng của The Light Hotel & Resort phục vụ ẩm thực châu Âu và châu Á trong nhà hoặc ngoài trời. Bữa sáng tự chọn được phục vụ mỗi ngày. Chỗ nghỉ này cách Sân bay Quốc tế Cam Ranh 45 phút lái xe.",7.0
1856,Cherry Hotel and Apartment,TP. Hồ Chí Minh,"Cherry Hotel and Apartment cung cấp chỗ nghỉ tại Thành phố Hồ Chí Minh, cách Chùa Giác Lâm 5 km và Công viên Văn hóa Đầm Sen 6 km. Chỗ nghỉ này có WiFi miễn phí. Phòng nghỉ tại đây có sàn lát gạch, khu vực ghế ngồi với TV màn hình phẳng, bếp đầy đủ tiện nghi và phòng tắm riêng. Lò vi sóng và ấm đun nước cũng được trang bị trong phòng. Căn hộ có sân hiên. Du khách có thể sử dụng hồ bơi trong nhà tại Cherry Hotel and Apartment. Chợ Tân Định nằm trong bán kính 7 km từ chỗ nghỉ. Sân bay gần nhất là sân bay quốc tế Tân Sơn Nhất, cách đó 5 km.",6.3
1860,An Bang Beach Villa,Hội An,"Nằm cách Bãi biển An Bàng 100 m, An Bang Beach Villa cung cấp chỗ nghỉ, nhà hàng, xe đạp miễn phí, hồ bơi ngoài trời và quầy bar. Homestay này cung cấp miễn phí cả WiFi lẫn chỗ đỗ xe riêng. Một số căn tại đây có sân trong, máy điều hòa, khu vực ăn uống và khu vực ghế ngồi với TV truyền hình vệ tinh màn hình phẳng. Một số căn được bố trí ban công và/hoặc sân hiên nhìn ra hồ bơi. An Bang Beach Villa phục vụ bữa sáng kiểu lục địa. Du khách cũng có thể thư giãn trong vườn hoặc tại khu vực tiếp khách chung. Chỗ nghỉ nằm trong bán kính 150 m từ Bãi biển Hà My và 2,4 km từ Bãi biển Cửa Đại. Sân bay gần nhất là sân bay quốc tế Đà Nẵng, nằm trong bán kính 24 km từ An Bang Beach Villa, và chỗ nghỉ cung cấp dịch vụ đưa đón sân bay với một khoản phụ phí.",7.7
1870,Hoi An Impression Homestay,Hội An,"Tọa lạc tại thành phố Hội An, cách Hội quán Quảng Đông 700 m và Chùa Cầu Nhật Bản chưa đầy 1 km, Hoi An Impression Homestay cung cấp chỗ nghỉ với WiFi miễn phí, máy điều hòa, xe đạp cho khách sử dụng miễn phí và hồ bơi ngoài trời. Homestay này có TV màn hình phẳng và phòng tắm riêng với dép đi trong phòng, máy sấy tóc cùng vòi sen. Các căn còn được trang bị tủ lạnh, minibar và ấm đun nước. Hoi An Impression Homestay phục vụ bữa sáng à la carte và bữa sáng kiểu Á hàng ngày. Chỗ nghỉ có sân hiên tắm nắng và sảnh khách chung. Các điểm tham quan nổi tiếng gần Hoi An Impression Homestay bao gồm Bảo tàng Lịch sử Hội An, Hội quán Triều Châu và Đình Cẩm Phô. Sân bay gần nhất là sân bay quốc tế Đà Nẵng, nằm trong bán kính 28 km từ homestay, và chỗ nghỉ cung cấp dịch vụ đưa đón sân bay với một khoản phụ phí.",8.5
1874,Hilas Masteri Thao Dien Apartment,TP. Hồ Chí Minh,"Nằm giữa Quận 2, dọc theo Xa lộ Hà Nội ở thành phố Hồ Chí Minh, Brandnew 2BR Apartment có ban công mở ra tầm nhìn thành phố và Sông Sài Gòn. WiFi miễn phí được cung cấp trong căn hộ. Chỗ nghỉ có khu vực tiếp khách, ghế sofa, TV màn hình phẳng, máy giặt và nhà bếp với tủ lạnh. Phòng tắm riêng đi kèm vòi sen. Trong khuôn viên có hồ bơi ngoài trời để quý khách có thể bơi lội. Với vị trí chiến lược, chỗ nghỉ cách 1 phút đi bộ từ trung tâm mua sắm Vincom Mall Thảo Điền. Chùa Ngọc Hoàng và Nhà Hát Lớn đều cách 8 km từ Brandnew 2BR Apartment. Sân bay gần nhất là Sân bay Quốc tế Tân Sơn Nhất, cách 12 km từ Brandnew 2BR Apartment. Quý khách có thể thưởng thức các bữa ăn ở các nhà hàng xung quanh chỗ nghỉ. Các lựa chọn hoạt động phù hợp với gia đình và giải trí về đêm đều nằm gần chỗ nghỉ.",6.5
1877,Eden Plaza Da Nang,Đà Nẵng,"Tọa lạc tại vị trí trung tâm ở Thành phố Đà Nẵng, Eden Plaza Da Nang là khách sạn 4 sao có lễ tân 24 giờ, hồ bơi, spa, truy cập WiFi miễn phí trong tất cả các khu vực và chỗ đỗ xe miễn phí trong khuôn viên. Khách sạn tọa lạc tại vị trí thuận tiện, trong bán kính khoảng 1,6 km từ Bảo tàng Chăm cũng như Cầu Rồng, 3 km từ Chợ Cồn cùng Cầu Sông Hàn nổi tiếng và 7 km từ núi Ngũ Hành Sơn. Phòng nghỉ gắn máy điều hòa tại đây có sàn lát gỗ, tủ quần áo, bàn, TV truyền hình cáp màn hình phẳng, tủ lạnh mini, khu vực ghế ngồi cũng như phòng tắm riêng đi kèm máy sấy tóc, tiện nghi vòi sen và đồ vệ sinh cá nhân miễn phí. Eden Plaza Da Nang có xe đạp miễn phí và trung tâm thể dục. Khách sạn cung cấp phòng giữ hành lý, dịch vụ thu đổi ngoại tệ, dịch vụ giặt là và trang thiết bị phòng họp theo yêu cầu. Nhà hàng trong khuôn viên phục vụ thực đơn gồm các món ăn ngon của Việt Nam và quốc tế suốt cả ngày. Dịch vụ phòng cũng được cung cấp cho khách.",6.4
1890,Common Inn Thao Dien,TP. Hồ Chí Minh,"Tọa lạc tại Thành phố Hồ Chí Minh, cách tòa nhà Landmark 81 khoảng 2,5 km, Common Inn Thao Dien có dịch vụ nhận phòng và trả phòng cấp tốc, phòng nghỉ không hút thuốc, sảnh khách chung, WiFi miễn phí trong toàn bộ khuôn viên cũng như sân hiên. Trung tâm thương mại Diamond Plaza, Nhà Hát Lớn Sài Gòn và Trụ sở UBND Thành phố Hồ Chí Minh đều nằm trong bán kính 6 km từ chỗ nghỉ này. Du khách có thể thưởng thức đồ uống tại quầy bar thức ăn nhẹ. Khách sạn cung cấp phòng nghỉ có máy điều hòa, bàn làm việc, két an toàn, TV màn hình phẳng và phòng tắm riêng với vòi sen. Tại Common Inn Thao Dien, mỗi phòng đều được trang bị ga trải giường và khăn tắm. Bưu điện Trung tâm Sài Gòn và Nhà thờ Đức Bà đều nằm cách chỗ nghỉ 6 km. Sân bay gần nhất là sân bay quốc tế Tân Sơn Nhất, nằm trong bán kính 15 km từ Common Inn Thao Dien.",7.4
1893,Hanoi Endless Hotel,Hà Nội,"Hanoi Endless Hotel nằm trên Phố Mã Mây trong Khu phố cổ, thành phố Hà Nội và có Wi-Fi miễn phí, nhà hàng phục vụ bữa sáng tự chọn cùng phòng nghỉ với TV truyền hình cáp/vệ tinh màn hình phẳng. Kết hợp đồ nội thất phương Đông truyền thống với tiện nghi hiện đại, các phòng nghỉ được trang bị máy điều hoà, minibar và két an toàn cá nhân. Tiện nghi pha cà phê/trà cũng được cung cấp cho khách sử dụng. Hanoi Endless Hotel cách Hồ Hoàn Kiếm, Đền Ngọc Sơn và Nhà hát Múa rối nước Thăng Long 3 phút đi bộ. Khách sạn cách sân bay quốc tế Nội Bài khoảng 21 km. Dịch vụ đưa đón sân bay được cung cấp theo yêu cầu. Chùa Một Cột cách đó 7 phút lái xe. Khách sạn có trung tâm dịch vụ doanh nhân và dịch vụ giặt là. Khách có thể đặt chuyến du ngoạn hoặc sắp xếp thuê xe tại bàn đặt tour. Sau một ngày tham quan, khách có thể thưởng thức các bữa ăn nóng tại nhà hàng trong khuôn viên hoặc thư giãn với đồ uống tại sảnh khách.",7.4
1895,Dan Oasis Hotel and Apartment,Đà Nẵng,"Dan Oasis Beach Boutique Hotel có Wi-Fi miễn phí và dịch vụ cho thuê xe đạp miễn phí. Chỉ cách Núi Khỉ 3,6 km, khách sạn cung cấp chỗ ở đầy phong cách với phòng tắm riêng. Chỗ nghỉ này tọa lạc tại một vị trí thuận tiện cách Sân bay Quốc tế Đà Nẵng 8 km. Du khách cũng có thể tham quan Bảo tàng Chăm, cách khách sạn 5,2 km, và Bãi biển Mỹ An, cách đó 6,2 km. Tất cả các phòng nghỉ máy lạnh tại đây được trang bị TV truyền hình cáp màn hình phẳng, khu vực tiếp khách và két an toàn. Du khách cũng có thể ngắm nhìn quang cảnh biển hoặc núi non. Dan Oasis Beach Boutique Hotel có lễ tân 24 giờ và sân hiên. Dịch vụ đặt vé và giữ hành lý cũng nằm trong số các tiện ích tại khách sạn. Những khách lái xe có thể sử dụng tiện nghi đỗ xe miễn phí. Du khách có thể thưởng thức các món ăn Việt Nam chính thống tại nhà hàng trong khuôn viên.",7.0
1899,Căn hộ 60 Trần Phú hướng biển,Nha Trang,"Tọa lạc tại thành phố Nha Trang, Căn hộ 60 Trần Phú hướng biển cung cấp chỗ nghỉ nhìn ra biển, sòng bài và WiFi miễn phí ở gần Bãi biển Nha Trang, Trung tâm thuyền buồm Việt Nam và CLB thuyền buồm. Chỗ nghỉ trang bị máy điều hòa, nhà bếp đầy đủ tiện nghi cùng khu vực ăn uống, TV màn hình phẳng và phòng tắm riêng đi kèm vòi sen, dép đi trong phòng cùng máy sấy tóc. Chỗ nghỉ còn được trang bị lò vi sóng, tủ lạnh, bếp nấu ăn và ấm đun nước. Căn hộ cung cấp dịch vụ cho thuê xe hơi. Các điểm tham quan nổi tiếng gần Căn hộ 60 Trần Phú hướng biển bao gồm Quảng trường 2/4, Tháp Trầm Hương và Trung tâm thương mại Nha Trang Center. Sân bay gần nhất là sân bay quốc tế Cam Ranh, cách chỗ nghỉ 37 km, và chỗ nghỉ cung cấp dịch vụ đưa đón sân bay với một khoản phụ phí.",6.6
1903,V House 6 Serviced Apartment,Hà Nội,"Nằm ở thành phố Hà Nội, cách trung tâm thương mại Vincom Center Nguyễn Chí Thanh 1,8 km và Bảo tàng Dân tộc học Việt Nam 3,9 km, ""V House 6 Serviced Apartment"" cung cấp chỗ nghỉ với WiFi miễn phí, máy điều hòa, sảnh khách chung và sân hiên. Phòng nghỉ tại đây có sàn lát gạch, bếp đầy đủ tiện nghi với lò vi sóng, truyền hình vệ tinh màn hình phẳng và phòng tắm riêng đi kèm chậu rửa vệ sinh (bidet) cùng máy sấy tóc. Trong phòng còn được trang bị tủ lạnh, bếp nấu và ấm đun nước. Khách sạn căn hộ này nằm cách Chùa Một Cột 4,4 km và Văn Miếu - Quốc Tử Giám 5 km. Sân bay gần nhất là sân bay quốc tế Nội Bài, nằm trong bán kính 23 km từ V House 6 Serviced Apartment, và chỗ nghỉ cung cấp dịch vụ đưa đón sân bay với một khoản phụ phí.",7.0
1904,"Vinpearl Landmark 81, Autograph Collection",TP. Hồ Chí Minh,"Khách sạn này cũng có lễ tân 24 giờ, nhà hàng và hồ bơi ngoài trời. Chỗ nghỉ cung cấp dịch vụ phòng và dịch vụ concierge. Khách nghỉ tại khách sạn có thể thưởng thức bữa sáng tự chọn. Vinpearl Landmark 81, Autograph Collection nằm trong bán kính 3,2 km từ Bảo tàng Lịch sử Việt Nam và 3,8 km từ trung tâm mua sắm Union Square Sài Gòn. Sân bay gần nhất là sân bay quốc tế Tân Sơn Nhất, cách chỗ nghỉ 15 km.",7.7
1906,Prague Airport Hotel,TP. Hồ Chí Minh,"Tọa lạc tại vị trí thuận tiện ở quận Tân Bình thuộc Thành phố Hồ Chí Minh, Prague Airport Hotel nằm cách Bảo tàng Lịch sử Việt Nam 5 km, Chợ Tân Định 6 km và Chùa Giác Lâm 6 km. Khách sạn 3 sao này có máy ATM và dịch vụ concierge. Chỗ nghỉ cũng có dịch vụ phòng, sảnh khách chung và dịch vụ thu đổi ngoại tệ cho khách. Phòng nghỉ tại khách sạn được trang bị máy điều hòa, truyền hình vệ tinh màn hình phẳng, tủ lạnh, ấm đun nước, chậu rửa vệ sinh (bidet), máy sấy tóc và bàn làm việc. Ngoài ra, phòng còn có phòng tắm riêng với vòi sen và đồ vệ sinh cá nhân miễn phí cùng WiFi miễn phí. Trong phòng cũng được bố trí tủ để quần áo. Tại đây có chỗ đỗ xe riêng miễn phí, trung tâm dịch vụ doanh nhân và lễ tân 24 giờ. Bảo tàng Chứng tích Chiến tranh và Dinh Thống Nhất đều nằm trong bán kính 7 km từ Prague Airport Hotel. Sân bay gần nhất là sân bay quốc tế Tân Sơn Nhất, cách khách sạn 1,1 km, và chỗ nghỉ cung cấp dịch vụ đưa đón sân bay với một khoản phụ phí.",7.1
1908,Muong Thanh Luxury Nha Trang Hotel,Nha Trang,"Muong Thanh Nha Trang Centre Hotel chiếm vị trí trung tâm ở thành phố Nha Trang, cách Bãi biển Nha Trang chỉ 200 m. Khách sạn có hồ bơi ngoài trời và trung tâm thể dục hiện đại. Quý khách có thể truy cập Wi-Fi miễn phí trong toàn bộ khuôn viên khách sạn. Nơi nghỉ này cách Sân bay Quốc tế Cam Ranh khoảng 27 km. Quảng trường 2/4 và Trung tâm Thuyền buồm Việt Nam đều cách đó 300 m. Tất cả các phòng tại đây đều được trang bị minibar, TV màn hình phẳng và két an toàn. Phòng tắm riêng hiện đại có máy sấy tóc, góc tắm vòi sen biệt lập và đồ vệ sinh cá nhân cao cấp. Du khách có thể thư giãn trên bãi biển bằng cách đọc một cuốn sách hay hoặc tận hưởng các liệu pháp spa xoa dịu. Quý khách cũng sẽ tìm thấy tiện nghi hát karaoke, phòng xông hơi khô và trung tâm dịch vụ doanh nhân tại đây. Các tiện nghi khác bao gồm quầy lễ tân 24 giờ và dịch vụ thu đổi ngoại tệ. Hàng loạt món ăn địa phương và quốc tế ngon tuyệt được phục vụ tại nhà hàng trong khuôn viên. Khách có thể thưởng thức đồ ăn nhẹ, bia địa phương và cocktail giải khát tại quầy bar.",7.0
1915,FIVITEL King,Đà Nẵng,"Tọa lạc tại thành phố Đà Nẵng, King's Finger Luxury Hotel có nhà hàng, hồ bơi ngoài trời, trung tâm thể dục và quán bar. Mỗi chỗ nghỉ tại khách sạn 4 sao này đều có tầm nhìn ra quang cảnh dòng sông và du khách có thể thư giãn tại sảnh khách chung cũng như khu vườn. Chỗ nghỉ cung cấp dịch vụ lễ tân 24 giờ, dịch vụ phòng và dịch vụ thu đổi ngoại tệ cho khách. Tất cả phòng nghỉ tại King's Finger Luxury Hotel được bố trí máy điều hòa, khu vực ghế ngồi, TV truyền hình vệ tinh màn hình phẳng, két an toàn và phòng tắm riêng với vòi xịt/chậu rửa vệ sinh, áo choàng tắm cùng dép. Mỗi phòng đều được trang bị ga trải giường và khăn tắm. Chỗ nghỉ phục vụ bữa sáng kiểu lục địa hàng ngày. King's Finger Luxury Hotel có sân chơi cho trẻ em. Du khách có thể chơi bida và thuê xe hơi tại khách sạn. Chỗ nghỉ có CLB trẻ em và du khách có thể sử dụng dịch vụ văn phòng. King's Finger Luxury Hotel nằm cách Bãi biển Mỹ Khê 600 m và Bãi biển Bắc Mỹ An 1,3 km. Sân bay gần nhất là sân bay quốc tế Đà Nẵng, cách đó 5 km, và chỗ nghỉ cung cấp dịch vụ đưa đón sân bay miễn phí.",6.9
1917,Motel Thanh Long,Đà Nẵng,"Bảo tàng Chăm và Trung tâm thương mại Indochina Riverside đều nằm trong bán kính khoảng 8 km từ khách sạn. Chỗ nghỉ này có lễ tân 24 giờ và dịch vụ phòng cho khách. Khách sạn nằm cách Cầu Sông Hàn 8 km và Cầu tàu Tình yêu 9 km. Sân bay gần nhất là sân bay quốc tế Đà Nẵng, cách Motel Thanh Long 8 km.",5.0
1918,M Village The Boutique,TP. Hồ Chí Minh,"Chỗ nghỉ này cung cấp chỗ đỗ xe riêng ngay trong khuôn viên. Các căn tại đây có tầm nhìn ra vườn, máy giặt, khu vực bếp ăn đầy đủ tiện nghi với lò vi sóng và phòng tắm riêng đi kèm dép cùng máy sấy tóc. Các căn còn được trang bị tủ lạnh và ấm đun nước. Khách sạn căn hộ này có sân hiên. Các điểm tham quan nổi tiếng gần M Village The Boutique bao gồm Chợ Tân Định, Công viên Tao Đàn và Dinh Thống Nhất. Sân bay gần nhất là sân bay quốc tế Tân Sơn Nhất, nằm trong bán kính 6 km từ chỗ nghỉ.",7.5
1920,Hanoi Charming House,Hà Nội,"Hanoi Charming House cung cấp phòng nghỉ gắn máy điều hòa với TV màn hình phẳng ở quận Hoàn Kiếm thuộc thành phố Hà Nội. Trong số các tiện nghi của chỗ nghỉ này có dịch vụ tiền sảnh, bàn đặt tour và WiFi miễn phí trong toàn bộ khuôn viên. Nơi đây cung cấp dịch vụ lễ tân 24 giờ, dịch vụ phòng và dịch vụ thu đổi ngoại tệ cho khách. Nhà khách phục vụ bữa sáng kiểu Mỹ hoặc kiểu Á. Các điểm tham quan nổi tiếng gần Hanoi Charming House bao gồm Nhà Thờ Lớn, Nhà hát múa rối nước Thăng Long và Hồ Hoàn Kiếm. Sân bay gần nhất là sân bay quốc tế Nội Bài, cách đó 25 km, và chỗ nghỉ cung cấp dịch vụ đưa đón sân bay với một khoản phụ phí.",7.3
1923,Cozy Savvy Boutique Hotel Hoi An,Hội An,"Nằm ở thành phố Hội An, cách Chùa Cầu Nhật Bản 850 km, Cozy Savvy Boutique Hotel Hoi An cung cấp chỗ nghỉ với nhà hàng, chỗ đỗ xe riêng miễn phí, xe máy cho khách sử dụng miễn phí và trung tâm thể dục. Trong số nhiều tiện nghi của khách sạn này còn có quầy bar, sảnh khách chung và khu vườn. Chỗ nghỉ cũng có lễ tân 24 giờ, bếp chung và dịch vụ thu đổi ngoại tệ cho khách. Phòng nghỉ tại Cozy Savvy Boutique Hotel Hoi An được trang bị máy điều hòa, truyền hình cáp màn hình phẳng, tủ lạnh, ấm đun nước, bể sục, máy sấy tóc và bàn làm việc. Các phòng còn có phòng tắm riêng với chậu rửa vệ sinh (bidet) cùng đồ vệ sinh cá nhân miễn phí và tầm nhìn ra vườn. Mỗi phòng đều được bố trí tủ để quần áo. Chỗ nghỉ phục vụ bữa sáng tự chọn hàng ngày. Cozy Savvy Boutique Hotel Hoi An cung cấp chỗ nghỉ 4 sao với phòng xông hơi khô và sân hiên. Du khách có thể chơi bi-a và thuê xe máy cũng như xe hơi tại khách sạn. Các điểm tham quan nổi tiếng gần Cozy Savvy Boutique Hotel Hoi An bao gồm Hội quán Quảng Đông, Bảo tàng Lịch sử Hội An và Đình Cẩm Phô. Sân bay gần nhất là sân bay quốc tế Đà Nẵng, cách đó 28 km, và chỗ nghỉ cung cấp dịch vụ đưa đón sân bay với một khoản phụ phí.",7.9
1924,Coco Viet Homestay,Hội An,"Nằm tại thành phố Hội An, cách Chùa Cầu Nhật Bản và Hội quán Quảng Đông 1,2 km, Coco Viet Homestay cung cấp WiFi miễn phí, máy điều hòa, quầy bar và sân hiên. Homestay có TV màn hình phẳng cùng phòng tắm riêng với máy sấy tóc, đồ vệ sinh cá nhân miễn phí và vòi sen. Coco Viet Homestay phục vụ bữa sáng à la carte. Chỗ nghỉ cho thuê xe đạp và xe hơi. Du khách có thể đạp xe ở khu vực gần đó. Các điểm tham quan nổi tiếng gần Coco Viet Homestay bao gồm Bảo tàng lịch sử Hội An, Hội quán Triều Châu và Đình Cẩm Phô. Sân bay gần nhất là sân bay quốc tế Đà Nẵng, cách homestay 28 km.",7.9
1930,La Casa Hotel,Vũng Tàu,"Tọa lạc tại thành phố Vũng Tàu, cách Bãi Sau chưa đầy 1,1 km, La Casa Hotel cung cấp chỗ nghỉ với xe đạp cho khách sử dụng miễn phí, chỗ đỗ xe riêng miễn phí, hồ bơi ngoài trời và sân hiên. Chỗ nghỉ này có bể sục và dịch vụ cho thuê xe hơi. Nơi đây cung cấp dịch vụ lễ tân 24 giờ, dịch vụ phòng và dịch vụ thu đổi ngoại tệ cho khách. Phòng nghỉ tại khách sạn có máy điều hòa, bàn làm việc, TV màn hình phẳng, phòng tắm riêng, ga trải giường, khăn tắm và ban công nhìn ra hồ nước. Tất cả các phòng đều được trang bị tủ để quần áo và ấm đun nước. La Casa Hotel nằm cách Bãi trước 1,4 km và Mũi Nghinh Phong 2,6 km. Sân bay gần nhất là sân bay Vũng Tàu, cách chỗ nghỉ 5 km và tại đây cung cấp dịch vụ đưa đón sân bay với một khoản phụ phí.",6.8
1934,The Grace Hotel,Đà Lạt,"Tọa lạc tại vị trí tuyệt đẹp ở khu Hồ Xuân Hương thuộc thành phố Đà Lạt, The Grace Hotel nằm cách Quảng trường Lâm Viên 1,8 km, Hồ Xuân Hương 1,9 km và Công viên Yersin 2,1 km. Các tiện nghi của chỗ nghỉ bao gồm dịch vụ lễ tân 24 giờ, sảnh khách chung và WiFi miễn phí trong toàn bộ khuôn viên. Khách sạn cung cấp các phòng gia đình. Tất cả phòng nghỉ tại khách sạn đều được bố trí khu vực ghế ngồi, TV truyền hình cáp màn hình phẳng, ấm đun nước và phòng tắm riêng với dép cùng vòi sen. Một số phòng có ban công trong khi những phòng còn lại cho tầm nhìn ra quang cảnh thành phố. Vườn hoa Đà Lạt nằm trong bán kính 3,2 km từ The Grace Hotel trong khi Thiền viện Trúc Lâm cách đó 6 km. Sân bay gần nhất là sân bay Liên Khương, cách chỗ nghỉ 30 km.",7.6
1939,Sheraton Phu Quoc Long Beach Resort,Phú Quốc,"Resort có bãi biển riêng, tiện nghi thể thao dưới nước và 4 nhà hàng ngay trong khuôn viên. Tất cả các phòng đều có máy điều hòa, két an toàn cá nhân, khu vực ghế ngồi, TV màn hình phẳng và tủ lạnh mini. Một số phòng cho tầm nhìn ra quang cảnh biển hoặc núi non. Phòng tắm riêng được trang bị tiện nghi vòi sen và đồ vệ sinh cá nhân miễn phí. Quầy lễ tân 24 giờ có thể hỗ trợ du khách thu đổi ngoại tệ còn bàn đặt tour có thể giúp khách sắp xếp các chuyến du lịch. Chơi golf và lặn biển là các hoạt động phổ biến trong khu vực. Thành phố Sihanoukville cách Vinpearl Phu Quoc Resort & Golf 43 km trong khi thị trấn Dương Đông cách đó 23 km. Sân bay Quốc tế Phú Quốc cách chỗ nghỉ 28 km.",5.8
1948,Em Oi Boutique Hotel,Nha Trang,"Em Oi Hotel có nhà hàng, hồ bơi ngoài trời, sảnh khách chung và vườn ở Nha Trang. Khách sạn 4 sao này cũng có sân hiên và phòng nghỉ gắn máy điều hòa với WiFi miễn phí. Chỗ nghỉ cung cấp dịch vụ lễ tân 24 giờ, dịch vụ phòng và dịch vụ thu đổi ngoại tệ cho khách. Các phòng tại Hotel Thinh Anh được bố trí bàn làm việc, TV màn hình phẳng, phòng tắm riêng, Ngoài ra còn đi kèm khu vực ghế ngồi. Chỗ nghỉ phục vụ bữa sáng tự chọn hoặc kiểu Mỹ. Các điểm tham quan nổi tiếng gần Em Oi Hotel bao gồm Chợ Đầm, Bảo tàng Alexandre Yersin và Nhà thờ Nha Trang. Sân bay gần nhất là sân bay quốc tế Cam Ranh, cách khách sạn 27 km, và chỗ nghỉ cung cấp dịch vụ đưa đón sân bay với một khoản phụ phí.",7.9
1951,Charming Danang Hotel,Đà Nẵng,"Chỗ nghỉ này nằm trong bán kính 1,2 km từ Bãi biển Bắc Mỹ An, 2,4 km từ Cầu khóa Tình yêu và 3,1 km từ Bảo tàng Chăm. Nơi đây cung cấp bếp chung, dịch vụ phòng và dịch vụ thu đổi ngoại tệ cho khách. Phòng nghỉ tại Charming Danang Hotel có bàn làm việc, TV màn hình phẳng, phòng tắm riêng, ga trải giường và khăn tắm. Tất cả các phòng đều được trang bị máy điều hòa và tủ để quần áo. Chỗ nghỉ nằm cách Cầu Sông Hàn 3,5 km và Trung tâm thương mại Indochina Riverside 3,9 km. Sân bay gần nhất là sân bay quốc tế Đà Nẵng, nằm trong bán kính 5 km từ Charming Danang Hotel, và chỗ nghỉ cung cấp dịch vụ đưa đón sân bay với một khoản phụ phí.",7.3
1957,Red Sun Nha Trang Hotel,Nha Trang,"Nằm ở thành phố Nha Trang, cách Bãi biển Nha Trang chưa đến 1 km, Red Sun Nha Trang Hotel có dịch vụ nhận phòng/trả phòng cấp tốc, phòng nghỉ không hút thuốc, quầy bar, WiFi miễn phí trong toàn bộ khuôn viên và sảnh khách chung. Ngoài nhà hàng, chỗ nghỉ còn có hồ bơi ngoài trời, hồ bơi trong nhà và trung tâm thể dục. Chỗ nghỉ cung cấp dịch vụ lễ tân 24 giờ, dịch vụ phòng và dịch vụ thu đổi ngoại tệ cho khách. Tất cả các căn tại khách sạn đều được trang bị máy điều hòa, khu vực ghế ngồi, TV truyền hình vệ tinh màn hình phẳng, két an toàn và phòng tắm riêng với vòi sen, áo choàng tắm cùng dép đi trong phòng. Tại Red Sun Nha Trang Hotel có một số phòng nhìn ra biển và tất cả các phòng đều có ban công. Mỗi phòng tại chỗ nghỉ đều được trang bị ga trải giường và khăn tắm. Red Sun Nha Trang Hotel phục vụ bữa sáng buffet hàng ngày. Khách sạn có sân hiên. Chỗ nghỉ có CLB trẻ em và du khách có thể sử dụng dịch vụ văn phòng. Red Sun Nha Trang Hotel cách Tháp Trầm Hương 1,7 km và Viện Hải dương học 3,1 km. Sân bay gần nhất là sân bay quốc tế Cam Ranh, cách đó 34 km, và chỗ nghỉ cung cấp dịch vụ đưa đón sân bay với một khoản phụ phí.",7.3
1958,Phuc Bao Homestay,Hội An,"Tọa lạc tại thành phố Hội An, cách Hội quán Quảng Đông 600 m và Bảo tàng Lịch sử Hội An 700 m, Phuc Bao Homestay cung cấp chỗ nghỉ với WiFi miễn phí, máy điều hòa, sảnh khách chung và sân hiên. Tất cả chỗ ở tại đây đều được bố trí khu vực ghế ngồi, TV màn hình phẳng cũng như phòng tắm riêng với máy sấy tóc, chậu rửa vệ sinh (bidet), vòi sen và bồn tắm. Homestay này có dịch vụ cho thuê xe hơi trong khi du khách có thể đạp xe ở khu vực gần đó.  Các điểm tham quan nổi tiếng gần Phuc Bao Homestay bao gồm Chùa Cầu Nhật Bản, Hội quán Triều Châu và Đình Cẩm Phô. Sân bay gần nhất là sân bay quốc tế Đà Nẵng, cách đó 27 km, và chỗ nghỉ cung cấp dịch vụ đưa đón sân bay với một khoản phụ phí.",6.2
1961,PhuQuoc EcoLodge,Phú Quốc,"Nằm trên đảo Phú Quốc, cách Bãi biển Cửa Cạn 200 m, PhuQuoc EcoLodge cung cấp chỗ nghỉ với nhà hàng, chỗ đỗ xe riêng miễn phí, quán bar và sảnh khách chung. Mỗi chỗ nghỉ tại resort 3 sao này đều có tầm nhìn ra vườn và du khách có thể thư giãn tại vườn cũng như khu vực bãi biển riêng. Resort này cung cấp các phòng gia đình. Phòng nghỉ tại PhuQuoc EcoLodge có sân trong, phòng tắm riêng và bàn làm việc. Một số phòng còn có ban công và tầm nhìn ra hồ nước. Mỗi phòng tại chỗ nghỉ đều được bố trí khu vực ghế ngồi. PhuQuoc EcoLodge phục vụ bữa sáng kiểu lục địa hàng ngày. Resort có sân hiên. Đi xe đạp là hoạt động được ưa chuộng trong khu vực và du khách có thể thuê xe hơi tại PhuQuoc EcoLodge. Bãi biển Ông Lang nằm cách chỗ nghỉ 500 m trong khi Bãi biển Vũng Bầu cách đó 2,6 km.",5.4
1963,White Lotus Hue Hotel,Huế,"Tọa lạc tại thành phố Huế, White Lotus Hue Hotel có nhà hàng, hồ bơi ngoài trời, quán bar và sảnh khách chung. Chỗ nghỉ này có các phòng gia đình và sân hiên tắm nắng. Chỗ nghỉ cung cấp dịch vụ lễ tân 24 giờ, dịch vụ phòng và dịch vụ thu đổi ngoại tệ cho khách. Phòng nghỉ gắn máy điều hòa tại khách sạn được trang bị bàn làm việc, ấm đun nước, tủ lạnh, két an toàn, TV màn hình phẳng và phòng tắm riêng đi kèm vòi sen. Một số phòng còn có bếp với lò vi sóng và minibar. Tất cả các phòng đều được bố trí tủ để quần áo. Khách nghỉ tại White Lotus Hue Hotel có thể thưởng thức bữa sáng buffet hoặc bữa sáng kiểu Mỹ. Các điểm tham quan nổi tiếng gần chỗ nghỉ bao gồm Cầu Tràng Tiền, Chợ Đông Ba và Bảo tàng Cổ vật Cung đình Huế. Sân bay gần nhất là sân bay quốc tế Phú Bài, cách White Lotus Hue Hotel 15 km.",8.2
1971,Nostalgia Hotel and Spa,Hội An,"Chỉ cách Chùa Cầu Nhật Bản ở thị trấn Hội An 900 m, Nostalgia Hotel and Spa có hồ bơi thư giãn ngoài trời và trung tâm spa. Khách sạn có sân hiên phơi nắng, nơi du khách có thể thư giãn, và quán bar phục vụ đủ loại đồ uống cho khách chọn. Mỗi phòng tại khách sạn này đều được trang bị máy lạnh, TV và ấm đun nước để pha trà/cà phê. Một số phòng còn có khu vực tiếp khách. Các phòng đi kèm phòng tắm riêng với bồn tắm/vòi sen. Áo choàng tắm và dép cũng được cung cấp trong phòng để tạo sự thoải mái cho du khách. Nostalgia Hotel and Spa có Wi-Fi miễn phí trong toàn bộ khuôn viên. Khách sạn có lễ tân là việc 24/24, cửa hàng quà tặng cùng các cửa hiệu khác. Chỗ nghỉ cho thuê xe đạp và đạp xe là hoạt động phổ biến trong khu vực này. Khách sạn cũng cho thuê xe hơi. Nostalgia Hotel and Spa nằm trong bán kính 1 km từ Hội quán Quảng Đông Trung Quốc và 1,2 km từ Khu Phố Cổ Hội An. Sân bay Quốc tế Đà Nẵng cách đó 45 phút đi taxi. Du khách đi taxi 40 phút từ Ga Tàu Đà Nẵng là đến khách sạn.",6.7
1976,New York Thien Phuc Hotel Pham Ngu Lao,TP. Hồ Chí Minh,"New York Thien Phuc Hotel Pham Ngu Lao nằm ở khu tây ba lô của Thành phố Hồ Chí Minh. Cách Chợ Bến Thành 10 phút lái xe, khách sạn có nhà hàng, bàn đặt tour và Wi-Fi miễn phí. Các phòng máy lạnh tại đây được trang bị TV truyền hình cáp màn hình phẳng, két an toàn và tiện nghi pha trà/cà phê. Ngoài ra còn có phòng tắm riêng với máy sấy tóc và vòi sen. New York Thien Phuc Hotel Pham Ngu Lao nằm cách Sông Sài Gòn, Nhà thờ Đức Bà và Ga Tàu Hồ Chí Minh 6 phút lái xe. Du khách lái xe 30 phút là đến Sân bay Quốc Tế Tân Sơn Nhất. Khách sạn cung cấp các dịch vụ đặt vé, trợ giúp đặc biệt và giặt là. Trong khuôn viên có chỗ đỗ xe riêng miễn phí cho khách. Các món ăn địa phương và phương Tây được phục vụ tại nhà hàng. Du khách cũng có thể yêu cầu dịch vụ ăn uống tại phòng.",5.5
1978,22Land Residence Hotel & Spa 36 Hang Trong,Hà Nội,"22Land Residence Hotel & Spa 36 Hang Trong nằm ở giữa Khu phố cổ Hà Nội, cách hồ Hoàn Kiếm 3 phút đi bộ. Khách sạn này có các phòng nghỉ với máy điều hòa và TV màn hình phẳng 40 inch. Khách sạn cấm hút thuốc này có nhà hàng, quầy lễ tân 24 giờ và WiFi cùng xe máy miễn phí. 22Land Residence Hotel & Spa 36 Hang Trong nằm cách Nhà hát múa rối nước Thăng Long 5 phút đi bộ. Văn Miếu - Quốc Tử Giám, Chợ Đồng Xuân và Bảo tàng Mỹ thuật Việt Nam đều nằm trong bán kính 10 phút đi bộ từ khách sạn. Các phòng tại Rice Golden Hotel có sàn và nội thất gỗ. Tất cả các phòng tràn ngập ánh sáng tự nhiên và được trang bị minibar, tiện nghi vòi sen cùng đồ vệ sinh cá nhân miễn phí. Các phòng premium và executive có tầm nhìn ra thành phố. Khách sạn cung cấp dịch vụ cho thuê xe hơi và đón khách tại sân bay. Du khách cũng có thể bố trí việc đi lại và tham quan ở bàn đặt tour.",7.3
1981,La Uy Villa,Hội An,"Nằm tại thành phố Hội An thuộc Tỉnh Quảng Nam, cách Hội quán Triều Châu 2,9 km, La Uy Villa có hồ bơi ngoài trời, WiFi miễn phí trong tất cả các khu vực và chỗ đỗ xe riêng miễn phí trong khuôn viên. Phòng nghỉ tại đây được trang bị TV truyền hình vệ tinh màn hình phẳng, ấm đun nước cũng như phòng tắm riêng với dép và đồ vệ sinh cá nhân miễn phí. Một số phòng còn có khu vực ghế ngồi để tạo thuận tiện cho khách. Nhà nghỉ B&B này có xe đạp cho khách sử dụng miễn phí cùng dịch vụ cho thuê xe máy và xe hơi. Đi xe đạp và đi bộ đường dài là các hoạt động phổ biến tại khu vực. La Uy Villa cách Bảo tàng lịch sử Hội An 3 km, Làng mộc Kim Bồng 3,5 km và sân bay quốc tế Đà Nẵng 23 km.",7.8
1983,Hung Vuong Resort,Phú Quốc,"Nằm trên đảo Phú Quốc, cách Bãi Dài 2 km, Hung Vuong Resort cung cấp chỗ nghỉ với hồ bơi ngoài trời, chỗ đỗ xe riêng miễn phí, quán bar và khu vườn. Resort 3 sao này có tiện nghi thể thao dưới nước, dịch vụ phòng và WiFi miễn phí. Chỗ nghỉ cung cấp dịch vụ lễ tân 24 giờ, bếp chung và dịch vụ thu đổi ngoại tệ cho khách. Tất cả phòng nghỉ tại Hung Vuong Resort đều có máy điều hòa, bàn làm việc, phòng tắm riêng, TV màn hình phẳng, ga trải giường, khăn tắm và sân trong nhìn ra khu vườn. Một số phòng nhìn ra quang cảnh hồ nước và sử dụng phòng tắm chung với vòi xịt/chậu rửa vệ sinh cùng dép. Các phòng được trang bị tủ để quần áo và ấm đun nước. Chỗ nghỉ phục vụ bữa sáng buffet hoặc bữa sáng kiểu Á. Hung Vuong Resort có sân hiên tắm nắng. Du khách có thể chơi ném phi tiêu tại resort và chỗ nghỉ cũng cho thuê xe đạp/xe hơi. Bãi biển Ông Lang nằm trong bán kính 2,8 km từ Hung Vuong Resort trong khi Chùa Sùng Hưng cách đó 2,5 km.",7.4
1985,Nature Boutique Hotel,Đà Lạt,"Tọa lạc tại thành phố Đà Lạt, cách sân golf Dalat Palace Golf Club 1,5 km, Nature Boutique Hotel cung cấp WiFi miễn phí, dịch vụ nhận phòng và trả phòng cấp tốc cũng như dịch vụ tiền sảnh. Khách sạn 3 sao này có bàn đặt tour. Chỗ nghỉ cung cấp dịch vụ lễ tân 24 giờ, dịch vụ phòng và dịch vụ thu đổi ngoại tệ cho khách. Phòng nghỉ tại Nature Boutique Hotel được bố trí khu vực ghế ngồi, TV truyền hình cáp màn hình phẳng, két an toàn, ấm đun nước và phòng tắm riêng đi kèm vòi xịt/chậu rửa vệ sinh, áo choàng tắm cùng dép. Một số phòng có sân trong trong khi các phòng còn lại nhìn ra quang cảnh thành phố. Các phòng được trang bị ga trải giường và khăn tắm. Chỗ nghỉ phục vụ bữa sáng kiểu lục địa hoặc bữa sáng buffet. Nature Boutique Hotel nằm cách Vườn hoa Đà Lạt 2,3 km và Quảng trường Lâm Viên 2,6 km. Sân bay gần nhất là sân bay Liên Khương, nằm trong bán kính 30 km từ khách sạn.",6.7
1987,Anh Family Homestay,Hội An,"Nằm ở thành phố Hội An, Anh Family Homestay cung cấp chỗ nghỉ với WiFi miễn phí và có hồ bơi, nhà hàng, vườn cũng như tầm nhìn ra vườn. Mỗi phòng nghỉ tại đây đều có sân trong, máy điều hòa, khu vực ăn uống và khu vực ghế ngồi với truyền hình vệ tinh màn hình phẳng. Tất cả các phòng còn được bố trí chậu rửa vệ sinh (bidet), máy sấy tóc và đồ vệ sinh cá nhân miễn phí. Homestay này phục vụ bữa sáng tự chọn. Anh Family Homestay có sân hiên. Du khách có thể bơi ở hồ bơi trong nhà hoặc đi xe đạp. Trong số các điểm tham quan nổi tiếng gần chỗ nghỉ có Bảo tàng Lịch sử Hội An, Hội quán Triều Châu và Chùa Cầu Nhật Bản. Sân bay gần nhất là sân bay quốc tế Đà Nẵng, cách Anh Family Homestay 27 km, và chỗ nghỉ cung cấp dịch vụ đưa đón sân bay với một khoản phụ phí.",8.2
1988,Phi Yen Gold Coast Apartment,Nha Trang,"Phi Yến Gold Coast Nha Trang apartment tọa lạc tại thành phố Nha Trang, cách Trung tâm mua sắm Nha Trang Centre 100 m, Bảo tàng Khánh Hòa 300 m và Bảo tàng Alexandre Yersin 500 m. Căn hộ cung cấp WiFi miễn phí. Căn hộ nằm gần các địa danh nổi tiếng như Nhà thờ Nha Trang, Tháp Trầm Hương và Chợ Đầm. Sân bay quốc tế Cam Ranh cách đó 27 km.",7.0
1999,Coral Phu Quoc Hotel,Phú Quốc,"Trong số các tiện nghi của chỗ nghỉ này có nhà hàng, lễ tân 24 giờ, dịch vụ phòng và WiFi miễn phí trong toàn bộ khuôn viên. Khách sạn cung cấp các phòng gia đình. Tất cả phòng nghỉ tại khách sạn được bố trí máy điều hòa, khu vực ghế ngồi, TV truyền hình vệ tinh màn hình phẳng, két an toàn và phòng tắm riêng với vòi sen, dép cùng máy sấy tóc. Mỗi phòng đều có bàn làm việc và ấm đun nước. Khách nghỉ tại Coral Phu Quoc Hotel có thể thưởng thức bữa sáng kiểu Á. Chỗ nghỉ có sân hiên. Chùa Sùng Hưng nằm trong bán kính 11 km từ Coral Phu Quoc Hotel trong khi Sòng bạc Corona cách đó 32 km.",7.7
2002,Hanoi Discovery Homestay,Hà Nội,"Chỗ ở này có quầy lễ tân 24 giờ và Wi-Fi miễn phí trong toàn bộ tòa nhà. Hanoi Discovery Homestay cách Bảo tàng Nhà tù Hỏa Lò và Cột Cờ Hà Nội 1,3 km. Văn Miếu và Bảo tàng Mỹ thuật Quốc gia cách đó 1,8 km. Các phòng được trang bị truyền hình cáp, ấm đun nước điện và máy sấy tóc. Các phòng tắm riêng được cung cấp đồ vệ sinh cá nhân. Dịch vụ đặt vé và thu đổi ngoại tệ được cung cấp tại bàn bán tour. Dịch vụ giặt thường, giặt hấp và ủi cũng có tại đây. Quý khách có thể thuê xe đạp để khám phá các khu vực xung quanh.",6.1
2003,StarLight Nha Trang,Nha Trang,"Tọa lạc tại thành phố Nha Trang, cách Bãi biển Nha Trang 400 m và Quảng trường 2/4 khoảng 500 m, Star Light Nha Trang cung cấp chỗ nghỉ với sân hiên cũng như chỗ đỗ xe riêng miễn phí cho khách lái xe. Chỗ nghỉ này nằm trong bán kính 1,3 km từ Nhà thờ Nha Trang, 1,3 km từ Trung tâm mua sắm Nha Trang Centre và 1,5 km từ Bảo tàng Khánh Hòa. Nơi đây có lễ tân 24 giờ, dịch vụ đưa đón sân bay, dịch vụ phòng và WiFi miễn phí. Phòng nghỉ tại khách sạn được trang bị máy điều hòa, bàn làm việc, TV màn hình phẳng, tủ để quần áo và ấm đun nước. Một số phòng có ban công.  Các điểm tham quan nổi tiếng gần Star Light Nha Trang bao gồm Trung tâm Thuyền buồm Việt Nam, quán Sailing Club và Tháp Trầm Hương. Sân bay gần nhất là sân bay quốc tế Cam Ranh, cách chỗ nghỉ 26 km.",8.2
2010,Nemo Homestay,Huế,"Các căn tại đây có sân trong, máy điều hòa, TV màn hình phẳng cũng như phòng tắm riêng với vòi xịt/chậu rửa vệ sinh và áo choàng tắm. Mỗi căn đều có ban công nhìn ra vườn. Homestay này có khu vườn và sân hiên. Các điểm tham quan nổi tiếng gần Nemo Homestay bao gồm Hoàng Thành, Bảo tàng Cổ vật Cung đình Huế và Hồ Tịnh Tâm. Sân bay gần nhất là sân bay Phú Bài, cách chỗ nghỉ 16 km.",8.3
2016,Radisson Hotel Danang,Đà Nẵng,"Tọa lạc tại thành phố Đà Nẵng, cách Bãi biển Mỹ Khê 200 m, Radisson Hotel Danang cung cấp chỗ nghỉ với nhà hàng, chỗ đỗ xe riêng miễn phí, trung tâm thể dục và quán bar. Khách sạn 5 sao này có sảnh khách chung, dịch vụ tiền sảnh và WiFi miễn phí. Chỗ nghỉ cung cấp dịch vụ lễ tân 24 giờ, dịch vụ phòng và dịch vụ thu đổi ngoại tệ cho khách. Phòng nghỉ tại Radisson Hotel Danang có máy điều hòa, bàn làm việc, ấm đun nước, minibar, két an toàn, TV và phòng tắm riêng với vòi sen. Mỗi phòng đều được trang bị ga trải giường và khăn tắm. Chỗ nghỉ phục vụ bữa sáng kiểu lục địa hoặc bữa sáng buffet. Radisson Hotel Danang có sân hiên tắm nắng. Khách sạn nằm cách Cầu Sông Hàn 2,5 km và Cầu khóa Tình yêu 3 km. Sân bay gần nhất là sân bay quốc tế Đà Nẵng, nằm trong bán kính 7 km từ Radisson Hotel Danang, và chỗ nghỉ cung cấp dịch vụ đưa đón sân bay với một khoản phụ phí.",7.4
2019,HOUSE OF LÝ,Huế,"Chỗ nghỉ này có vườn. Một số căn tại đây được bố trí khu vực ăn uống và/hoặc ban công. Homestay này có sân hiên. HOUSE OF LÝ nằm cách Bảo tàng Cổ vật Cung đình Huế 1,6 km và Tử Cấm Thành 2,1 km. Sân bay gần nhất là sân bay Phú Bài, nằm trong bán kính 14 km từ chỗ nghỉ.",8.0
2020,Vinpearl Resort & Spa Hoi An- Wellness Resort with Private Beach,Hội An,"Resort có 2 nhà hàng, quầy bar và hồ bơi lớn ngoài trời. Khách có thể chơi quần vợt tại resort, nuông chiều bản thân bằng cách mát-xa thư giãn tại spa hoặc rèn luyện sức khoẻ trong phòng tập thể dục. Wi-Fi được cung cấp miễn phí ở các khu vực chung. Các phòng nghỉ tại resort có khu vực ghế ngồi, tủ quần áo và TV. Một số phòng có ban công riêng. Phòng tắm riêng đi kèm bồn tắm và đồ vệ sinh cá nhân miễn phí. Nhà hàng Cham phục vụ bữa sáng tự chọn hàng ngày cung cấp một loạt các món ăn Kiểu Á và châu Âu. Nhà hàng Faifo chuyên phục vụ các món hải sản tươi sống của ẩm thực Việt Nam, Đông Nam Á và quốc tế. Quầy lễ tân có thể hỗ trợ quý khách suốt 24 giờ. Vinpearl Hoi An Resort & Villas cách Hội quán Quảng Đông 7 km và sân bay quốc tế Đà Nẵng 27 km.",7.0
2021,La Siesta Hoi An Resort & Spa,Hội An,"Nằm trong 2 cánh ở thành phố Hội An, Hoi An La Siesta Resort & Spa có hồ bơi nước mặn rộng 400 m², hồ bơi vô cực rộng 200 m², hồ bơi trẻ em và hồ bơi nước ngọt rộng 100 m². Cánh Cổ Điển kiểu truyền thống hợp thời có 70 phòng nghỉ trong khi cánh Club có 67 suite cổ điển mang nét đặc trưng của khu phố cổ. Du khách có thể tự thưởng cho mình một buổi mát-xa vô cùng dễ chịu tại spa hoặc thư giãn trong vườn. Chỗ nghỉ cung cấp WiFi miễn phí trong toàn bộ khuôn viên và xe đạp cho khách sử dụng miễn phí. Tất cả phòng nghỉ gắn máy điều hòa tại đây đều có ban công riêng hoặc cửa sổ mở ra quang cảnh hồ bơi | khu vườn xanh tươi | ruộng lúa. Các phòng được trang bị TV truyền hình cáp màn hình phẳng, máy tính xách tay và phòng tắm riêng với buồng tắm đứng/bồn tắm. Áo choàng tắm, dép đi trong phòng và đồ vệ sinh cá nhân miễn phí được cung cấp để tạo sự thoải mái cho khách. Nhà hàng Red Bean phục vụ một loạt món ăn Châu Á trong khi nhà hàng Nhà hàng The Temple cung cấp ẩm thực Châu Âu. Dịch vụ phòng được cung cấp theo yêu cầu. Hội quán Quảng Đông và Chùa Cầu Nhật Bản đều nằm cách Hoi An La Siesta Resort & Spa 1,1 km trong khi Phố Cổ Hội An cách đó 700 m. Sân bay quốc tế Đà Nẵng nằm trong bán kính 30 km từ chỗ nghỉ. Chỗ nghỉ cung cấp dịch vụ đưa đón miễn phí đến Khu Phố Cổ và Bãi biển An Bàng.",8.8
2022,Sapa Clay House - Mountain Retreat,Sa Pa,"Chỗ nghỉ cách trạm cáp treo Fansipan Legend 6 km và Núi Phan-xi-păng 17 km. Chỗ nghỉ cung cấp dịch vụ lễ tân 24 giờ, dịch vụ phòng và dịch vụ thu đổi ngoại tệ cho khách. Mỗi phòng nghỉ tại khách sạn đều được trang bị tủ để quần áo. Các căn có phòng tắm riêng, dép đi trong phòng và ga trải giường. Khách nghỉ tại Sapa Clay House - Mountain Retreat có thể thưởng thức bữa sáng à la carte. Đi xe đạp là hoạt động được ưa chuộng trong khu vực trong khi du khách có thể thuê xe đạp và xe hơi tại chỗ nghỉ. Trung tâm thương mại Sun Plaza nằm trong bán kính 3,3 km từ Sapa Clay House - Mountain Retreat trong khi Hồ Sa Pa cách đó 4,3 km.",7.5
2027,Hoi An Golden Rice Villa,Hội An,"Tọa lạc tại thành phố Hội An, tỉnh Quảng Nam, cách Hội Quán Triều Châu 2 km, Hoi An Golden Rice Villa có hồ bơi ngoài trời và tầm nhìn ra cánh đồng lúa. Khách sạn cũng có hồ bơi ngoài trời mở cửa quanh năm, sân hiên tắm nắng, nhà hàng và quán bar phục vụ đồ uống. Mỗi phòng nghỉ tại đây đều được trang bị TV màn hình phẳng. Một số phòng có khu vực ghế ngồi để tạo thuận tiện cho khách. Một số phòng nhìn ra quang cảnh hồ bơi, khu vườn hoặc thành phố. Các phòng còn đi kèm phòng tắm riêng. Dép, đồ vệ sinh cá nhân miễn phí và máy sấy tóc cũng được cung cấp nhằm mang lại sự thoải mái cho khách. Hoi An Golden Rice Villa có Wi-Fi miễn phí. Khách sạn có lễ tân phục vụ 24 giờ/ngày. Khách sạn này có khu vực bãi biển riêng và xe đạp cho khách sử dụng miễn phí. Khách sạn cũng cung cấp dịch vụ cho thuê xe hơi. Hoi An Golden Rice Villa cách Bảo tàng Lịch sử Hội An và Hội Quán Hải Nam Trung Quốc 2,1 km. Sân bay gần nhất là sân bay quốc tế Đà Nẵng, cách đó 23 km.",7.9
2030,Minh Hien Hotel,Vũng Tàu,"Chỗ nghỉ này nằm trong bán kính 1,6 km từ Bãi Trước, 2,2 km từ Mũi Nghinh Phong và 2,6 km từ Tượng Chúa Kitô Vua. Chỗ nghỉ có lễ tân 24 giờ, dịch vụ phòng và phòng giữ hành lý cho khách. Khách sạn nằm cách Bạch Dinh 3,8 km và Ngọn hải đăng Vũng Tàu 5 km. Sân bay gần nhất là sân bay quốc tế Tân Sơn Nhất, nằm trong bán kính 108 km từ Minh Hien Hotel.",7.3
2037,Panoramic view - My Khe Beach Da Nang,Đà Nẵng,"Tọa lạc tại thành phố Đà Nẵng, cách Bãi biển Mỹ Khê chỉ 50 m và Bãi biển Bắc Mỹ An 1,2 km, Panoramic view - My Khe Beach Da Nang cung cấp chỗ nghỉ bên bờ biển với nhà hàng, xe đạp cho khách sử dụng miễn phí, sảnh khách chung và WiFi miễn phí. Chỗ nghỉ này có lễ tân 24 giờ. Căn hộ được bố trí 2 phòng ngủ, 2 phòng tắm, ga trải giường, khăn tắm, TV truyền hình vệ tinh màn hình phẳng, khu vực ăn uống, bếp đầy đủ tiện nghi và ban công nhìn ra dòng sông. Để thêm phần thuận tiện cho du khách, chỗ nghỉ có thể cung cấp khăn tắm và ga trải giường với một khoản phụ phí. Panoramic view - My Khe Beach Da Nang có sân hiên tắm nắng và dịch vụ cho thuê xe hơi. Chỗ nghỉ nằm trong bán kính 3,1 km từ Cầu khóa Tình yêu và 3,8 km từ Bảo tàng Chăm. Sân bay gần nhất là sân bay quốc tế Đà Nẵng, cách Panoramic view - My Khe Beach Da Nang 7 km, và chỗ nghỉ cung cấp dịch vụ đưa đón sân bay miễn phí.",7.0
2038,An Nhien Hotel,Đà Lạt,"Chỗ nghỉ này có các phòng gia đình và sân hiên. Chỗ nghỉ cung cấp dịch vụ lễ tân 24 giờ và dịch vụ phòng cho khách. Tất cả phòng nghỉ tại khách sạn có bàn làm việc, sân trong nhìn ra quang cảnh thành phố, phòng tắm riêng, TV màn hình phẳng, ga trải giường và khăn tắm. Mỗi phòng đều được trang bị tủ để quần áo và ấm đun nước. Các điểm tham quan nổi tiếng gần An Nhien Hotel bao gồm Hồ Xuân Hương, Dinh Bảo Đại và Biệt thự Hằng Nga (Ngôi nhà điên). Sân bay gần nhất là sân bay Liên Khương, nằm trong bán kính 27 km từ chỗ nghỉ.",7.3
2041,Quang Nhat Hotel,Nha Trang,"Khách sạn 1 sao này cung cấp phòng giữ hành lý, dịch vụ đặt vé, dịch vụ lễ tân 24 giờ, dịch vụ trợ giúp đặc biệt và dịch vụ thu đổi ngoại tệ cho khách. Mỗi phòng nghỉ tại khách sạn đều được trang bị tủ để quần áo, TV màn hình phẳng và phòng tắm riêng. Trong số các điểm tham quan nổi tiếng gần Quang Nhat Hotel có Quảng trường 2/4, Tháp Trầm Hương và Trung tâm Thuyền buồm Việt Nam. Sân bay gần nhất là sân bay quốc tế Cam Ranh, cách đó 38 km, và chỗ nghỉ cung cấp dịch vụ đưa đón sân bay với một khoản phụ phí.",6.8
2045,Camellia Guest House,Sa Pa,"Tọa lạc tại thị xã Sa Pa, cách Ga cáp treo Fansipan Legend 2,6 km, Camellia Guest House có tầm nhìn ra quang cảnh núi non. Trong số các tiện nghi của chỗ nghỉ này có nhà hàng, lễ tân 24 giờ, phòng giữ hành lý và WiFi miễn phí trong toàn bộ khuôn viên. Nhà khách cung cấp các phòng gia đình. Phòng nghỉ tại nhà khách có máy điều hòa, tủ để quần áo, ban công nhìn ra vườn, phòng tắm riêng, TV màn hình phẳng, ga trải giường và khăn tắm. Trong phòng được trang bị két an toàn. Khách nghỉ tại Camellia Guest House có thể thưởng thức bữa sáng kiểu Á. Các điểm tham quan nổi tiếng gần chỗ nghỉ bao gồm trung tâm thương mại Sun Plaza, Hồ Sa Pa và Quảng trường Trung tâm Sa Pa.",6.7
2047,La Casona Hotel,TP. Hồ Chí Minh,"Tọa lạc tại Thành phố Hồ Chí Minh, cách Trung tâm Hội chợ & Triển lãm Sài Gòn 1,3 km, La Casona Hotel có tầm nhìn ra quang cảnh thành phố. Khách sạn 3 sao này cung cấp dịch vụ lễ tân 24 giờ, dịch vụ phòng và WiFi miễn phí. Khách sạn cung cấp các phòng gia đình. Phòng nghỉ tại La Casona Hotel được bố trí tủ để quần áo, TV màn hình phẳng, máy điều hòa và phòng tắm riêng với vòi sen cùng dép. Một số phòng có ban công. Mỗi phòng đều được trang bị ga trải giường và khăn tắm. Bến Nhà Rồng nằm trong bán kính 4 km từ La Casona Hotel trong khi Bảo tàng Mỹ thuật cách đó 4,3 km. Sân bay gần nhất là sân bay quốc tế Tân Sơn Nhất, cách khách sạn 12 km.",7.2
2049,Pharaon Hotel,TP. Hồ Chí Minh,"Pharaon Hotel cung cấp chỗ nghỉ 3 sao tại Thành phố Hồ Chí Minh, cách Chợ Bến Thành 3,9 km và Công viên Tao Đàn 4 km. Chỗ nghỉ này nằm trong bán kính 3,5 km từ Trung tâm Hội chợ và Triển lãm Sài Gòn, 3,6 km từ Bảo tàng Mỹ thuật và 3,8 km từ Bến Nhà Rồng. Nơi đây cung cấp dịch vụ lễ tân 24 giờ, dịch vụ phòng và phòng giữ hành lý cho khách. Phòng nghỉ tại Pharaon Hotel được trang bị ấm đun nước, máy điều hòa và TV màn hình phẳng. Một số phòng có ban công. Du khách được sử dụng bồn nước nóng tại chỗ nghỉ. Trung tâm thương mại Takashimaya Việt Nam và Chợ ẩm thực đường phố Bến Thành đều nằm trong bán kính 4 km từ Pharaon Hotel. Sân bay gần nhất là sân bay quốc tế Tân Sơn Nhất, cách khách sạn 10 km.",7.7
2051,Deluxe Beach Villas by Danatrip,Đà Nẵng,"Tọa lạc tại thành phố Đà Nẵng, Luxury Ocean Villa DnTRIP có chỗ nghỉ, nhà hàng, xe đạp cho khách sử dụng miễn phí, hồ bơi ngoài trời, sảnh khách chung, vườn và tầm nhìn ra hồ bơi. Biệt thự cung cấp miễn phí cả WiFi lẫn chỗ đỗ xe riêng. Mỗi biệt thự tại đây đều có sân trong, bếp đầy đủ tiện nghi với lò vi sóng, khu vực ghế ngồi đi kèm ghế sofa, TV màn hình phẳng, máy giặt cũng như phòng tắm riêng với chậu rửa vệ sinh (bidet) và máy sấy tóc. Tủ lạnh, bếp nấu, máy nướng bánh mỳ, ấm đun nước và máy pha cà phê cũng được trang bị cho khách sử dụng. Luxury Ocean Villa DnTRIP phục vụ bữa sáng kiểu lục địa hoặc kiểu Á. Chỗ nghỉ có sân chơi cho trẻ em. Du khách có thể sử dụng hồ bơi trong nhà tại Luxury Ocean Villa DnTRIP. Bãi biển Hà My và Bãi biển Non Nước đều nằm cách biệt thự 2,3 km. Sân bay gần nhất là sân bay quốc tế Đà Nẵng, nằm trong bán kính 15 km từ Luxury Ocean Villa DnTRIP, và chỗ nghỉ cung cấp dịch vụ đưa đón sân bay với một khoản phụ phí.",7.0
2066,Alba Hotel,Huế,"Chỉ cách Cố Đô 15 phút đi bộ, Alba Hotel có nhà hàng với tầm nhìn ra thành phố Huế. Khách có thể truy cập Wi-Fi miễn phí. Hotel Alba 2 chỉ cách Ga Huế và Sông Hương 10 phút đi bộ. Khách sạn cách Sân bay Quốc tế Phú Bài 20 phút đi taxi. Khách sạn cung cấp dịch vụ cho thuê xe hơi. Các phòng được trang bị máy lạnh và đi kèm phòng tắm riêng. Du khách có thể dễ dàng thưởng thức đồ uống giải khát với minibar ngay trong phòng và máy pha trà/cà phê. Nước uống đóng chai miễn phí cũng được cung cấp cho khách. Các chuyến đi trong ngày có thể được bố trí ở bàn đặt tour của khách sạn. Các dịch vụ giặt là/giặt hấp và trợ giúp đặc biệt cũng được cung cấp tại khách sạn. Nhà hàng Windy phục vụ ẩm thực châu Á và châu Âu cho bữa sáng. Du khách có thể thư giãn với đồ uống tại quán Hue Street Bar.",7.3
2071,Khách Sạn Lối Về Đà Lạt,Đà Lạt,"Khách sạn 1 sao này còn có dịch vụ đặt vé và bàn đặt tour. Chỗ nghỉ cũng cung cấp dịch vụ lễ tân 24 giờ, dịch vụ đưa đón sân bay, dịch vụ phòng và WiFi miễn phí. Mỗi phòng nghỉ của khách sạn đều được trang bị bàn làm việc, TV màn hình phẳng và phòng tắm riêng. Các điểm tham quan nổi tiếng gần Lối Về Hotel Đà Lạt bao gồm Hồ Xuân Hương, Công viên Yersin và Biệt thự Hằng Nga (Ngôi nhà điên). Sân bay gần nhất là sân bay Liên Khương, nằm trong bán kính 22 km từ chỗ nghỉ.",7.3
2075,Colours Land Home,Nha Trang,"Tọa lạc tại thành phố Nha Trang, cách Chùa Long Sơn 8 km, Colours Land Home có tầm nhìn ra hồ nước, WiFi miễn phí và chỗ đỗ xe riêng miễn phí. Tất cả chỗ ở tại đây đều có máy điều hòa, khu vực ghế ngồi, TV màn hình phẳng và bếp đầy đủ tiện nghi với khu vực ăn uống. Chỗ ở còn được trang bị lò vi sóng, tủ lạnh, lò nướng và ấm đun nước. Biệt thự đồng quê này phục vụ bữa sáng kiểu lục địa hoặc bữa sáng à la carte. Colors Land Home có sân hiên. Khách lưu trú tại chỗ nghỉ này có thể bơi xuồng gần đó hoặc thư giãn trong vườn. Nhà thờ Nha Trang và Chợ Đầm đều nằm trong bán kính 8 km từ Colours Land Home. Sân bay gần nhất là sân bay quốc tế Cam Ranh, cách đó 49 km, và biệt thự đồng quê này cung cấp dịch vụ đưa đón sân bay với một khoản phụ phí.",7.2
2079,Royal HPM Hotel,Nha Trang,"Tọa lạc tại thành phố Nha Trang, cách Bãi biển Nha Trang 400 m, Royal HPM Hotel có phòng nghỉ gắn máy điều hòa và quầy bar. Trong số các tiện nghi của chỗ nghỉ này còn có nhà hàng, lễ tân 24 giờ, dịch vụ phòng và WiFi miễn phí. Khách sạn cung cấp các phòng gia đình. Mỗi phòng nghỉ tại khách sạn đều được trang bị tủ để quần áo. Tại Royal HPM Hotel, tất cả các phòng có bàn làm việc, TV màn hình phẳng và phòng tắm riêng. Chỗ nghỉ phục vụ bữa sáng à la carte hoặc bữa sáng kiểu Á. Các điểm tham quan nổi tiếng gần Royal HPM Hotel bao gồm Quảng trường 2/4, Trung tâm Thuyền buồm Việt Nam và quán Sailing Club. Sân bay gần nhất là sân bay quốc tế Cam Ranh, nằm trong bán kính 26 km từ khách sạn, và chỗ nghỉ cung cấp dịch vụ đưa đón sân bay với một khoản phụ phí.",7.6
2081,Sapa Eco Bungalows & Spa,Sa Pa,"Nằm cách Ga cáp treo Fansipan Legend 14 km, Sapa Eco Bungalows & Spa có chỗ nghỉ, nhà hàng, hồ bơi ngoài trời, quầy bar và sảnh khách chung. Lodge này cung cấp miễn phí cả Wi-Fi lẫn chỗ đỗ xe riêng. Một số căn đi kèm phòng tắm riêng với vòi xịt/chậu rửa vệ sinh, áo choàng tắm, dép đi trong phòng và máy sấy tóc. Khách lưu trú tại Sapa Eco Bungalows & Spa có thể thưởng thức bữa sáng à la carte. Chỗ nghỉ có sân hiên tắm nắng. Khách lưu trú tại Sapa Eco Bungalows & Spa có thể đạp xe gần đó hoặc thư giãn trong khu vườn. Lodge cách Hồ Sa Pa 10 km và Nhà thờ Đá Sa Pa 9,2 km. Sân bay gần nhất là sân bay Điện Biên Phủ, nằm trong bán kính 277 km từ Sapa Eco Bungalows & Spa, và chỗ nghỉ cung cấp dịch vụ đưa đón sân bay với một khoản phụ phí.",8.2
2084,Golden Sail Hotel & Spa,Hà Nội,"Tọa lạc tại thành phố Hà Nội, cách Ô Quan Chưởng 300 m và Chợ Đồng Xuân 500 m, Golden Sail Hotel cung cấp chỗ nghỉ có sảnh khách chung, WiFi miễn phí trong toàn bộ khuôn viên cũng như chỗ đỗ xe riêng miễn phí cho những khách lái xe. Chỗ nghỉ này còn có phòng gia đình và sân hiên tắm nắng. Chỗ nghỉ cung cấp dịch vụ lễ tân 24 giờ, dịch vụ phòng và dịch vụ thu đổi ngoại tệ cho khách. Tất cả phòng nghỉ tại đây đều được trang bị máy điều hòa, truyền hình cáp màn hình phẳng, tủ lạnh, ấm đun nước, chậu rửa vệ sinh (bidet), máy sấy tóc và bàn. Ngoài ra, phòng còn có phòng tắm riêng với vòi sen cùng đồ vệ sinh cá nhân miễn phí và tầm nhìn ra quang cảnh thành phố. Tại Golden Sail Hotel, mỗi phòng đều được bố trí khu vực ghế ngồi. Khách nghỉ tại đây có thể thưởng thức bữa sáng kiểu lục địa. Các điểm tham quan nổi tiếng gần Golden Sail Hotel gồm có Nhà hát múa rối nước Thăng Long, Hồ Hoàn Kiếm và Nhà thờ Lớn. Sân bay gần nhất là sân bay quốc tế Nội Bài, cách khách sạn 25 km. Chỗ nghỉ cung cấp dịch vụ đưa đón sân bay với một khoản phụ phí.",7.0
2085,Bamboo Cottages,Phú Quốc,"Tọa lạc trên một bãi biển riêng ở Vịnh Vũng Bầu, Đảo Phú Quốc, Bamboo Cottages là nơi quý khách có thể tận hưởng sự thanh bình và yên tĩnh. Resort xinh đẹp này hướng tầm nhìn ra cảnh biển từ tất cả các phòng đồng thời cung cấp Internet có dây miễn phí và máy vi tính trong khu vực chung. Cung cấp thiết bị lặn với ống thở và xuồng kayak miễn phí, du khách nghỉ tại đây còn có thể thuê xe máy để khám phá hòn đảo cũng như tham quan Hòn Móng Tay. Tận hưởng làn gió biển mát mẻ, tất cả các phòng và biệt thự tại đây đều có sân hiên riêng với ghế trên bãi biển. Các phòng tắm riêng ngoài trời được trang bị vòi sen và nước được đun nóng bằng năng lượng mặt trời. Bamboo Cottages nằm trong bán kính 19 km từ Biên giới Gành Dầu và 40 km từ Sân bay Nội địa và Quốc tế Phú Quốc cũng như Chợ Dương Đông. Từ sân bay nội địa, quý khách đi máy bay 50 phút là tới Thành phố Hồ Chí Minh hoặc đi máy bay 2 giờ để đến thủ đô Hà Nội. Resort có thể thu xếp dịch vụ đưa đón sân bay với một khoản phụ phí. Nhà hàng ngay trong khuôn viên phục vụ các món ăn Việt Nam chính thống do nơi này tự chế biến từ hải sản tươi sống và rau quả hữu cơ. Các bữa ăn phương Tây cũng được phục vụ theo yêu cầu. Quý khách có thể thưởng thức đồ uống tại Bamboo Bar. Du khách có thể sắp xếp tour du lịch đến Đảo Rùa hoặc thuê một chiếc thuyền nếu thích du ngoạn ngoài biển. Resort cũng cung cấp dịch vụ người giúp việc hàng ngày, dịch vụ giặt là và chỗ giữ hành lý.",8.0
2086,Adora Art Hotel,TP. Hồ Chí Minh,"Nằm ở trung tâm thành phố Hồ Chí Minh, không gian kiến trúc tại ADORA ART HOTEL mang vẻ đẹp của nghệ thuật đương đại Đông Dương và trải nghiệm cuộc sống vương giả. ADORA ART HOTEL là sự lựa chọn tốt nhất cho các cặp đôi, gia đình và nhóm bạn bè để có một kỳ nghỉ tuyệt vời cùng nhau. Nằm ở trung tâm thành phố Hồ Chí Minh, từ đây du khách có thể thuận tiện ghé thăm các điểm tham quan nổi tiếng của thành phố. Chọn nghỉ tại ADORA ART HOTEL, du khách sẽ tận hưởng không khí nhộn nhịp của thành phố năng động nhất Việt Nam với các trung tâm mua sắm, cửa hàng tiện lợi, chợ đêm, v.v... - 2 phút đi bộ đến chợ Bến Thành, và 7 phút đi bộ đến Nhà hát Thành phố. - 5 phút lái xe đến Phố đi bộ Nguyễn Huệ, Nhà thờ Đức Bà, Dinh Thống Nhất và Bảo tàng Chứng tích Chiến tranh. - Sân bay quốc tế Tân Sơn Nhất cách đó 30 phút lái xe. Tận hưởng những tiện ích và dịch vụ tuyệt vời tại ADORA ART Hotel - nơi biến giấc mơ thần tiên kỳ diệu nhất của du khách thành hiện thực. - Có quầy lễ tân 24 giờ và WiFi miễn phí trong toàn bộ khuôn viên. - Với tầm nhìn ra thành phố, các phòng được trang bị tủ quần áo, máy điều hòa, két an toàn cá nhân, minibar và TV màn hình phẳng với các kênh truyền hình cáp. Phòng tắm riêng có máy sấy tóc, bồn tắm/vòi sen và đồ vệ sinh cá nhân miễn phí. - Tại Adora Art Hotel, du khách có thể yêu cầu các dịch vụ giữ hành lý, thu đổi ngoại tệ và giặt là. Du khách cũng có thể thuê xe hơi để khám phá khu vực, ngoài ra, dịch vụ đưa đón và vận chuyển sân bay có thể được sắp xếp kèm phụ phí. - Nhà hàng trong nhà phục vụ bữa sáng tự chọn hàng ngày.",6.7
2087,Ale Nha Trang Hotel,Nha Trang,"Nằm ở thành phố Nha Trang, Ale Nha Trang Hotel có nhà hàng, hồ bơi ngoài trời, quầy bar và sảnh khách chung. Khách sạn này có khu vườn và nằm gần một số điểm tham quan nổi tiếng, cách Bãi biển Nha Trang khoảng 500 m, Quảng trường 2/4 khoảng 700 m và Tháp Trầm Hương chưa đầy 1 km. Chỗ nghỉ cung cấp dịch vụ lễ tân 24 giờ, dịch vụ phòng và dịch vụ thu đổi ngoại tệ cho khách. Tất cả phòng nghỉ tại khách sạn đều được trang bị máy điều hòa, TV truyền hình vệ tinh màn hình phẳng, ấm đun nước, chậu rửa vệ sinh (bidet), máy sấy tóc và bàn làm việc. Các phòng còn có WiFi miễn phí và phòng tắm riêng đi kèm vòi sen cùng đồ vệ sinh cá nhân miễn phí. Trong phòng có tủ để quần áo. Ale Nha Trang Hotel có sân hiên tắm nắng. Ale Nha Trang Hotel cũng có trung tâm dịch vụ doanh nhân và du khách có thể đọc báo tại chỗ nghỉ. Các điểm tham quan nổi tiếng gần khách sạn gồm có Trung tâm thuyền buồm Việt Nam, quán Sailing Club và Bảo tàng Alexandre Yersin. Sân bay gần nhất là sân bay quốc tế Cam Ranh, cách Ale Nha Trang Hotel 26 km, và chỗ nghỉ cung cấp dịch vụ đưa đón sân bay với một khoản phụ phí.",7.7
2092,Lan Uyen Homestay - Hoi An,Hội An,"Với tầm nhìn ra thành phố và WiFi miễn phí, Lan Uyen Homestay - Hoi An cung cấp chỗ nghỉ tại vị trí thuận tiện ở thành phố Hội An, cách Hội quán Quảng Đông, Chùa Cầu Nhật Bản và Hội quán Triều Châu một đoạn ngắn. Mỗi phòng nghỉ tại đây đều được trang bị máy điều hòa, TV màn hình phẳng, tủ lạnh và phòng tắm riêng với vòi sen. Khách nghỉ tại homestay có thể thưởng thức bữa sáng tự chọn hoặc bữa sáng kiểu Á. Các điểm tham quan nổi tiếng gần Lan Uyen Homestay - Hoi An bao gồm Bảo tàng Lịch sử Hội An, Bảo tàng Gốm sứ mậu dịch Hội An và Bảo tàng Văn hóa dân gian. Sân bay gần nhất là sân bay quốc tế Đà Nẵng, cách chỗ nghỉ 28 km.",7.6
2094,"Azerai La Residence, Hue",Huế,"Biệt thự có WiFi miễn phí, sân tennis, các liệu pháp spa thư giãn, trung tâm thể dục và nhà hàng trong khuôn viên. Các phòng đầy đủ tiện nghi tại đây được thiết kế theo phong cách riêng với đồ nội thất mang phong cách Art Deco tuyệt đẹp và sân hiên rộng rãi. Với tầm nhìn ra quang cảnh thành phố/sông, tất cả các phòng đều đi kèm TV, tủ lạnh mini và phòng tắm riêng. Azerai La Residence, Hue cách Hoàng Thành Huế 1,5 km, Chợ Đông Ba, Bảo tàng mỹ thuật cung đình Huế, Cung An Định cũng như Đàn Nam Giao 2 km và sân bay Phú Bài 17 km. Du khách có thể tận hưởng dịch vụ mát-xa tại spa hoặc dành thời gian yên tĩnh ở thư viện của khách sạn. Bàn đặt tour có thể thu xếp chuyến đi trong ngày và dịch vụ cho thuê xe hơi. Những khách muốn đi khám phá khu vực xung quanh có thể sử dụng miễn phí xe đạp của biệt thự. Nhà hàng Le Parfum Restaurant trong khuôn viên khách sạn phục vụ thực đơn gồm các món kiểu thuộc địa hảo hạng.",7.8
2097,TheDreamers Homestay,Huế,"Homestay này cung cấp miễn phí cả WiFi lẫn chỗ đỗ xe riêng. Một số căn tại đây được bố trí phòng tắm riêng đi kèm vòi xịt/chậu rửa vệ sinh, dép đi trong phòng, máy sấy tóc và đồ vệ sinh cá nhân miễn phí. TheDreamers Home phục vụ bữa sáng kiểu lục địa hàng ngày. Chỗ nghỉ có sân hiên tắm nắng. TheDreamers Home cung cấp dịch vụ cho thuê xe đạp. Chợ Đông Ba nằm cách homestay 2,8 km trong khi Bảo tàng Cổ vật Cung đình Huế cách đó 3,3 km. Sân bay gần nhất là sân bay Phú Bài, nằm trong bán kính 12 km từ TheDreamers Home, và chỗ nghỉ cung cấp dịch vụ đưa đón sân bay với một khoản phụ phí.",7.2
2099,Khách Sạn 178 Trần Phú,Vũng Tàu,"Tọa lạc tại thành phố Vũng Tàu, cách Bạch Dinh 3,5 km, Khách Sạn 178 Trần Phú cung cấp chỗ nghỉ bên bờ biển với nhiều tiện nghi như sảnh khách chung, vườn và khu vực bãi biển riêng. Chỗ nghỉ này có dịch vụ phòng, tiện nghi BBQ, lễ tân 24 giờ và bếp chung cho khách sử dụng. Phòng nghỉ tại khách sạn được trang bị tủ để quần áo, TV màn hình phẳng, phòng tắm riêng, ga trải giường và khăn tắm. Tất cả các phòng đều có tủ lạnh. Khách Sạn 178 Trần Phú có sân hiên tắm nắng. Tượng Chúa Kitô Vua nằm cách chỗ nghỉ 7 km trong khi Mũi Nghinh Phong cách đó 8 km. Sân bay gần nhất là sân bay quốc tế Tân Sơn Nhất, nằm trong bán kính 111 km từ Khách Sạn 178 Trần Phú.",7.5
2100,Mai Binh Phuong Bungalow,Phú Quốc,"Tọa lạc tại đảo Phú Quốc, cách Bãi Dài 400 m, Mai Binh Phuong Bungalow cung cấp chỗ nghỉ với hồ bơi ngoài trời, chỗ đỗ xe riêng miễn phí, vườn và sân hiên. Trong số các tiện nghi của chỗ nghỉ này có dịch vụ tiền sảnh, bàn đặt tour và WiFi miễn phí trong toàn bộ khuôn viên. Nơi đây cung cấp dịch vụ lễ tân 24 giờ, dịch vụ phòng và dịch vụ thu đổi ngoại tệ cho khách. Tất cả phòng nghỉ tại Mai Binh Phuong Bungalow được bố trí bàn làm việc, TV, máy điều hòa và phòng tắm riêng với vòi sen cùng dép. Một số phòng có sân trong. Mỗi phòng đều được trang bị ga trải giường và khăn tắm. Mai Binh Phuong Bungalow phục vụ bữa sáng buffet hằng ngày. Du khách có thể chơi bida cũng như thuê xe hơi tại nhà khách. Các điểm tham quan nổi tiếng gần Mai Binh Phuong Bungalow bao gồm Bãi biển Dinh Cậu, Chùa Sùng Hưng và Chợ đêm Phú Quốc. Sân bay gần nhất là sân bay quốc tế Phú Quốc, cách đó 9 km, và chỗ nghỉ cung cấp dịch vụ đưa đón sân bay với một khoản phụ phí.",6.5
2104,Biển Ngọc Hotel,Vũng Tàu,"Nằm ở thành phố Vũng Tàu, cách Bãi Sau 300 m, Biển Ngọc Hotel có chỗ nghỉ với nhà hàng, chỗ đỗ xe riêng miễn phí, sảnh khách chung và sân hiên. Khách sạn 2 sao này cũng cung cấp dịch vụ phòng và dịch vụ đặt vé. Chỗ nghỉ có lễ tân 24 giờ, bếp chung và dịch vụ thu đổi ngoại tệ cho khách. Phòng nghỉ tại khách sạn được trang bị máy điều hòa, truyền hình cáp màn hình phẳng, tủ lạnh, ấm đun nước, chậu rửa vệ sinh (bidet), máy sấy tóc và bàn làm việc. Ngoài ra, phòng còn có phòng tắm riêng với vòi sen và đồ vệ sinh cá nhân miễn phí cùng WiFi miễn phí. Trong phòng cũng được bố trí tủ để quần áo. Biển Ngọc Hotel nằm trong bán kính 4,2 km từ Mũi Nghinh Phong và 5 km từ Tượng Chúa Ki-tô Vua. Sân bay gần nhất là sân bay quốc tế Tân Sơn Nhất, cách đó 71 km, và chỗ nghỉ cung cấp dịch vụ đưa đón sân bay với một khoản phụ phí.",7.4
2106,Ficus Suites,Hà Nội,"Tọa lạc tại thành phố Hà Nội, cách Chợ Đồng Xuân chưa đầy 1 km, Ficus Suites có tầm nhìn ra quang cảnh thành phố, WiFi miễn phí và chỗ đỗ xe riêng miễn phí. Các căn tại đây có sàn gỗ parquet, khu vực bếp ăn đầy đủ tiện nghi với tủ lạnh, TV truyền hình cáp màn hình phẳng và phòng tắm riêng đi kèm vòi sen cùng dép đi trong phòng. Một số căn được bố trí máy điều hòa, sân trong và/hoặc ban công cũng như khu vực ghế ngồi. Căn hộ có bồn nước nóng. Ficus Suites cung cấp cả dịch vụ cho thuê xe đạp lẫn xe hơi. Các điểm tham quan nổi tiếng gần chỗ nghỉ này gồm có Đền Quán Thánh, Ô Quan Chưởng và Hồ Hoàn Kiếm. Sân bay gần nhất là sân bay quốc tế Nội Bài, nằm trong bán kính 24 km từ Ficus Suites, và chỗ nghỉ cung cấp dịch vụ đưa đón sân bay với một khoản phụ phí.",8.3
2107,Bliss Hoi An Beach Resort & Wellness,Hội An,"Tọa lạc tại thành phố Hội An, cách Hội quán Triều Châu 21 km, Bliss Hoi An Beach Resort & Wellness cung cấp chỗ nghỉ với nhà hàng, chỗ đỗ xe riêng miễn phí, xe đạp cho khách sử dụng miễn phí và hồ bơi ngoài trời mở cửa theo mùa. Trong số nhiều tiện nghi của chỗ nghỉ này có trung tâm thể dục, quầy bar cũng như khu vườn. Chỗ nghỉ cung cấp dịch vụ lễ tân 24 giờ, dịch vụ phòng và dịch vụ thu đổi ngoại tệ. Phòng nghỉ tại resort được trang bị máy điều hòa, khu vực ghế ngồi, TV màn hình phẳng với các kênh truyền hình vệ tinh, két an toàn và phòng tắm riêng với vòi xịt/chậu rửa vệ sinh, áo choàng tắm cùng dép đi trong phòng. Tất cả các phòng đều có bàn làm việc và ấm đun nước. Khách nghỉ tại Bliss Hoi An Beach Resort & Wellness có thể thưởng thức bữa sáng buffet hoặc bữa sáng à la carte. Chỗ nghỉ 5 sao này có bể sục và sân chơi cho trẻ em. Du khách có thể chơi bi-a tại Bliss Hoi An Beach Resort & Wellness đồng thời đạp xe là hoạt động phổ biến trong khu vực. Resort nằm cách Bảo tàng Lịch sử Hội An và Chùa Cầu 21 km. Sân bay gần nhất là sân bay quốc tế Đà Nẵng, nằm trong bán kính 46 km từ Bliss Hoi An Beach Resort & Wellness.",8.1
2110,D Central Hoi An Homestay,Hội An,"Tọa lạc tại thành phố Hội An, cách Hội quán Quảng Đông 300 m và Chùa Cầu Nhật Bản 500 m, D Central Hoi An Homestay cung cấp chỗ nghỉ với WiFi miễn phí, máy điều hòa, xe đạp cho khách sử dụng miễn phí và sảnh khách chung. Homestay này có TV màn hình phẳng và phòng tắm riêng đi kèm máy sấy tóc, đồ vệ sinh cá nhân miễn phí cùng vòi sen. D Central Hoi An Homestay phục vụ bữa sáng kiểu lục địa hàng ngày. Các địa danh nổi tiếng gần chỗ nghỉ bao gồm Bảo tàng Lịch sử Hội An, Hội quán Triều Châu và Bảo tàng Văn hóa Dân gian. Sân bay gần nhất là sân bay quốc tế Đà Nẵng, cách D Central Hoi An Homestay 23 km, và chỗ nghỉ cung cấp dịch vụ đưa đón sân bay với một khoản phụ phí.",7.6
2111,For You Hotel,Nha Trang,"Nằm tại thành phố Nha Trang, cách Bãi biển Hòn Chồng vài bước chân, For You Hotel cung cấp chỗ nghỉ với nhà hàng, chỗ đỗ xe riêng miễn phí và sảnh khách chung. Khách sạn 3 sao này có dịch vụ tiền sảnh, bàn đặt tour, lễ tân 24 giờ, dịch vụ phòng và dịch vụ thu đổi ngoại tệ cho khách. WiFi được cung cấp miễn phí cho tất cả các khách trong khi một số phòng còn có ban công. Khách sạn nằm cách Bãi biển Nha Trang 2,3 km và Hòn Chồng 1,4 km. Sân bay gần nhất là sân bay quốc tế Cam Ranh, nằm trong bán kính 41 km từ For You Hotel.",7.3
2113,Red House Homestay - Villa,Hội An,"Red House Homestay nằm ở thị trấn Hội An và cách trung tâm thành phố chỉ 10 phút đạp xe. Nơi đây có bãi đỗ xe miễn phí và Wi-Fi miễn phí tại các khu vực chung. Nhà nghỉ cách Sân bay Quốc tế Đà Nẵng và Ga Tàu Đà Nẵng 40 phút đi xe. Các phòng nhìn ra vườn được trang bị máy lạnh, truyền hình cáp màn hình phẳng, két an toàn cá nhân, tủ quần áo và minibar. Phòng tắm riêng bao gồm dép, đồ vệ sinh cá nhân cùng máy sấy tóc. Du khách có thể yêu cầu dịch vụ mát-xa hoặc hát karaoke. Du khách có thể thu xếp việc đi lại tại bàn đặt tour. Nhân viên tại quầy lễ tân 24 giờ có thể hỗ trợ quý khách với các dịch vụ lưu giữ hành lý, giặt, ủi và đưa đón sân bay.",7.9
2114,Alagon Saigon Hotel & Spa,TP. Hồ Chí Minh,"Tọa lạc tại vị trí đắc địa ở trung tâm thành phố Hồ Chí Minh sôi động, Alagon Hotel & Spa cung cấp các phòng nghỉ trang nhã và hiện đại với Wi-Fi miễn phí tại Quận 1. Khách sạn nằm trong bán kính chỉ 10 phút lái xe đến hầu hết các điểm tham quan chính của thành phố, bao gồm Chợ Bến Thành, trung tâm thương mại Takashimaya Việt Nam, Bảo tàng Mỹ thuật và Nhà thờ Đức Bà. Du khách có thể thư giãn trong khu vườn trên tầng mái, tắm nắng cạnh hồ bơi cũng như tận hưởng liệu pháp mát-xa nhẹ nhàng tại spa. Tất cả các phòng nghỉ tại đây đều lắp máy điều hòa và được cung cấp dịch vụ chỉnh trang giường buổi tối. Mỗi phòng đều được trang bị TV truyền hình vệ tinh màn hình phẳng, khu vực ghế ngồi và tiện nghi pha trà/cà phê. Phòng tắm riêng có vòi sen. Khách sạn có thang máy phục vụ khách, đồng thời cung cấp dịch vụ đưa/đón sân bay, giặt thường và giặt hấp kèm phụ phí. Du khách có thể kiểm tra email tại trung tâm dịch vụ doanh nhân. Alagon Hotel & Spa cách Công viên 23/9 chỉ 3 phút đi bộ và Nhà Hát Lớn 7 phút lái xe. Sân bay quốc tế Tân Sơn Nhất cách đó 20 phút lái xe.",6.9
2116,Hai Dang Homestay,Hội An,"Nhà trọ này có 1 nhà hàng và bãi đậu xe miễn phí trong khuôn viên. Khu Phố Cổ với văn hóa phong phú cách nơi nghỉ này 5 phút đi bộ. Với ban công hướng nhìn ra dòng sông, mỗi phòng máy lạnh tại đây đều được trang bị minibar và TV màn hình phẳng với các kênh truyền hình cáp. Phòng tắm được trang bị vòi sen và đồ vệ sinh cá nhân miễn phí. Nhà hàng Ty Gia phục vụ các món ăn Việt Nam. Hai Dang Homestay cách bãi biển công cộng An Bàng 2 km. Sông Thu Bồn nằm trong tầm bán kính 50 m từ nhà trọ này. Quý khách có thể chiêm ngưỡng những căn nhà, ngôi đền và Chùa Cầu có từ thế kỷ 19 trong khu Phố Cổ.",6.0
2120,Bungalow Mai Phuong Binh,Phú Quốc,"Nằm cách bãi biển 500 m, Bungalow Mai Phuong Binh cung cấp chỗ nghỉ tại thị trấn chính Dương Đông của đảo Phú Quốc. Nhà nghỉ này có siêu thị nhỏ ngay trong khuôn viên và cung cấp dịch vụ lễ tân 24 giờ cũng như dịch vụ trợ giúp đặc biệt. Dịch vụ đưa/đón từ chỗ nghỉ đến bãi biển cũng có thể được bố trí cho khách. Tọa lạc tại một vị trí thuận tiện, nhà nghỉ nằm trong bán kính 100 m từ nhà hàng gần nhất, Chez Carole. Từ chỗ nghỉ này, du khách đi bộ chỉ khoảng 1 km là đến Chùa Sư Muôn và 1,2 km là tới quán Coco Bar. Nhà nghỉ cung cấp dịch vụ đưa/đón (thu phí) từ/đến Sân bay Quốc tế Phú Quốc, cách đó chỉ 5 km. Mỗi phòng nghỉ ở đây đều có ban công nhìn ra vườn. Các phòng đi kèm minibar, tủ quần áo, khu vực ghế ngồi riêng và TV truyền hình cáp màn hình phẳng. Các phòng tắm riêng được trang bị vòi sen, đồ vệ sinh cá nhân miễn phí, dép và khăn tắm. Nhà hàng trong khuôn viên của chỗ nghỉ phục vụ một loạt món ăn cho bữa sáng hàng ngày. Mai Phuong Binh Bungalow cung cấp các dịch vụ cho thuê xe hơi, giữ hành lý và giặt ủi. Nếu muốn sử dụng xe đạp, du khách có thể thuê tại đây. Các hoạt động khác ở gần đó bao gồm câu cá và lặn biển.",7.6
2122,Bách Thảo Hotel,Đà Lạt,"Tọa lạc ở thành phố Đà Lạt, cách Quảng trường Lâm Viên 1,5 km, Bách Thảo Hotel cung cấp chỗ nghỉ với quầy bar, chỗ đỗ xe riêng miễn phí, khu vườn và sân hiên. Chỗ nghỉ này nằm trong bán kính khoảng 2,1 km từ Vườn hoa Đà Lạt, 5 km từ Thiền viện Trúc Lâm và 5 km từ Hồ Tuyền Lâm. Nơi đây có lễ tân 24 giờ, dịch vụ đưa đón, dịch vụ phòng và WiFi miễn phí. Mỗi phòng nghỉ tại khách sạn đều có bàn làm việc, phòng tắm riêng, TV màn hình phẳng, ga trải giường, khăn tắm và sân trong nhìn ra khu vườn. Tất cả các phòng được trang bị tủ để quần áo và ấm đun nước. Trong số các điểm tham quan nổi tiếng gần Bách Thảo Hotel có Hồ Xuân Hương, Công viên Yersin và Biệt thự Hằng Nga (Ngôi nhà điên). Sân bay gần nhất là sân bay Liên Khương, cách chỗ nghỉ 22 km.",8.8
2126,Nha Trang Pearl Hotel,Nha Trang,"Nằm ở thành phố Nha Trang, cách Bãi biển Nha Trang 350 m, Nha Trang Pearl Hotel có dịch vụ nhận phòng/trả phòng cấp tốc, phòng nghỉ không gây dị ứng, sảnh khách chung, WiFi miễn phí và sân hiên. Khách sạn 3 sao này có máy ATM và dịch vụ tiền sảnh. Chỗ nghỉ cung cấp dịch vụ lễ tân 24 giờ, dịch vụ phòng và dịch vụ thu đổi ngoại tệ cho khách. Phòng nghỉ tại Nha Trang Pearl Hotel được trang bị tủ để quần áo, TV màn hình phẳng, máy điều hòa, minibar và phòng tắm riêng với vòi sen cùng dép. Một số phòng có ban công.  Chỗ nghỉ nằm gần các điểm tham quan nổi tiếng như Chợ Đầm, Bảo tàng Alexandre Yersin và Bảo tàng Khánh Hòa. Sân bay gần nhất là sân bay quốc tế Cam Ranh, cách Nha Trang Pearl Hotel 38 km.",5.2
2147,Lành Homestay - Oasky Apartment,Vũng Tàu,"Chỗ nghỉ này cung cấp Wi-Fi miễn phí và chỗ đỗ xe riêng trong khuôn viên. Tất cả các căn tại đây đều có phòng khách, khu vực ghế ngồi với ghế sofa, TV truyền hình cáp màn hình phẳng, khu vực bếp ăn đầy đủ tiện nghi đi kèm bàn ăn và phòng tắm riêng với vòi sen. Các căn còn được trang bị tủ lạnh, bếp nấu và ấm đun nước. Căn hộ cách Bạch Dinh 4,4 km và Tượng Chúa Ki-tô Vua 6,4 km.",9.0
2150,Boton Blue Hotel & Spa,Nha Trang,"Tọa lạc ở thành phố Nha Trang, Boton Blue Hotel & Spa là chỗ nghỉ bên bờ biển và có hồ bơi ngoài trời, nhà hàng, phòng tập thể dục cũng như xe đưa đón miễn phí đến trung tâm thành phố. Du khách có thể truy cập Wi-Fi miễn phí trong toàn bộ khu vực. Phòng nghỉ tại khách sạn được bố trí ấm đun nước, Các phòng có máy điều hòa, TV màn hình phẳng và ban công riêng. Tại Boton Blue Hotel & Spa, mỗi phòng đều được trang bị phòng tắm riêng với đồ vệ sinh cá nhân miễn phí. Chỗ nghỉ phục vụ bữa sáng tự chọn với các món ăn Phương Tây và Châu Á hàng ngày. Ba nhà hàng tại chỗ nghỉ còn có thực đơn à la carte cho bữa trưa và bữa tối cũng như tiệc tự chọn vào cuối tuần. Quầy bar bên hồ bơi cung cấp cho khách nhiều lựa chọn đồ uống miền nhiệt đới và các loại cocktail giải khát. Chỗ nghỉ có hồ bơi ngoài trời. Một số loại phòng tại chỗ nghỉ được miễn phí sử dụng phòng xông hơi khô và bồn tắm spa. Dịch vụ spa bao gồm các liệu pháp mát-xa, trị liệu toàn thân và phòng xông hơi ướt. Đội ngũ nhân viên lễ tân nói tiếng Anh và tiếng Nga luôn sẵn sàng hướng dẫn cho du khách. Boton Blue Hotel & Spa nằm cách Tháp Bà Po Nagar 3 km. Sân bay gần nhất là sân bay quốc tế Cam Ranh, nằm trong bán kính 40 km từ khách sạn.",6.8
2151,Thanh Binh Central Hotel,Hội An,"Khách sạn có spa và hồ bơi ngoài trời. Thanh Binh III Hotel tọa lạc tại vị trí thuận tiện nằm trong bán kính chưa đến 5 phút đi bộ từ Khu Phố Cổ, nơi có các điểm tham quan như Bảo tàng Chứng tích Chiến tranh. Sân bay Đà Nẵng cách khách sạn 40 phút lái xe. Các phòng nghỉ bắt mắt của Serene Hotel mang nét duyên dáng của thế giới xa xưa, pha trộn giữa phong cách trang trí truyền thống của Việt Nam với các tiện nghi hiện đại. Các phòng máy lạnh được trang bị truyền hình cáp. Một số phòng đi kèm TV màn hình phẳng. Quý khách có thể tận hưởng khoảnh khắc yên tĩnh tại ban công riêng của phòng nghỉ. Thanh Binh III cung cấp dịch vụ mát xa cho những khách lựa chọn hình thức giải trí thư giãn. Lễ tân 24 giờ với két an toàn cũng có tại đây. Dịch vụ giặt thường và giặt hấp cũng được phục vụ tại khách sạn. Quý khách có thể thưởng thức bữa sáng tự chọn tại nhà hàng của khách sạn. Ngoài ra, khách sạn còn có dịch vụ phòng 24 giờ để thêm phần thoải mái và thuận tiện cho khách.",7.3
2154,The HillSide Homestay Hue,Huế,"Nằm cách Cầu Tràng Tiền 3,7 km, The HillSide Homestay Hue có sảnh khách chung, khu vườn cũng như chỗ nghỉ lắp máy điều hòa với sân trong và WiFi miễn phí. Tất cả chỗ nghỉ tại đây đều được trang bị ban công nhìn ra khu vườn. Nhà nghỉ B&B này phục vụ bữa sáng kiểu à la carte hoặc kiểu Á. The HillSide Homestay Hue có sân hiên. Khách lưu trú tại đây có thể chơi bida trong khuôn viên hoặc đi xe đạp ở khu vực xung quanh. Bảo tàng Cổ vật cung đình Huế và Chợ Đông Ba đều nằm cách The HillSide Homestay Hue 4 km. Sân bay gần nhất là sân bay Phú Bài, nằm trong bán kính 14 km từ nhà nghỉ B&B này, và chỗ nghỉ cung cấp dịch vụ đưa đón sân bay với một khoản phụ phí.",7.7
2156,LeBlanc Saigon,TP. Hồ Chí Minh,"LeBlanc Saigon nằm trong một khu dân cư yên tĩnh ở Thành phố Hồ Chí Minh. Chỗ nghỉ này nằm trong bán kính chỉ 700 m từ Bảo tàng Chiến tranh và 1 km từ Chợ Bến Thành. Khách sạn cung cấp các phòng nghỉ thoải mái được trang bị đầy đủ tiện nghi và Wi-Fi miễn phí. LeBlanc Saigon Hotel cách Sân bay Quốc tế Tân Sơn Nhất khoảng 5 km. Bữa sáng kiểu lục địa được phục vụ từ 06:00-10:00 hàng ngày. Cách khách sạn vài bước chân cũng có nhiều quán cafe và quán ăn địa phương. Các phòng nghỉ máy lạnh tại đây được trang trí hoàn toàn bằng màu trắng và đi kèm ánh sáng ấm áp cũng như bộ khăn trải giường mới giặt. Minibar, tiện nghi pha trà/cà phê miễn phí và đồ vệ sinh cá nhân miễn phí cũng được cung cấp trong phòng để tạo thuận tiện cho khách. Các phòng còn có TV Thông minh Android với các kênh quốc tế, đi kèm bàn phím không dây. Khách sạn cung cấp tiện nghi giặt là tự phục vụ và bột giặt miễn phí. Du khách còn có thể yêu cầu dịch vụ cho thuê xe hơi, xe đạp và xe máy để khám phá khu vực. Dịch vụ đưa đón sân bay cũng được cung cấp với một khoản phụ phí. Khách sạn có cửa hàng tạp hóa ngay trong khuôn viên, nơi có máy pha cà phê cho khách sử dụng với một khoản phụ phí.",7.5
2164,Stop and Go Boutique Homestay Hue,Huế,"Nằm ở thành phố Huế, cách Cầu Tràng Tiền 2,7 km, Stop and Go Boutique Homestay Hue có quầy bar, sảnh khách chung và tầm nhìn ra quang cảnh thành phố. Trong số các tiện nghi của chỗ nghỉ này còn có nhà hàng, lễ tân 24 giờ, dịch vụ phòng và WiFi miễn phí. Hostel cung cấp các phòng gia đình. Phòng nghỉ tại đây được trang bị máy điều hòa, TV truyền hình vệ tinh màn hình phẳng, minibar, ấm đun nước, vòi sen, dép và bàn làm việc. Tất cả các phòng đều có phòng tắm riêng, máy sấy tóc và ga trải giường. Hostel này phục vụ bữa sáng kiểu lục địa. Stop and Go Boutique Homestay Hue có sân hiên. Bảo tàng Cổ vật Cung đình Huế và Chợ Đông Ba đều nằm trong bán kính 3 km từ chỗ nghỉ. Sân bay gần nhất là sân bay Phú Bài, cách Stop and Go Boutique Homestay Hue 15 km, và chỗ nghỉ cung cấp dịch vụ đưa đón sân bay với một khoản phụ phí.",8.0
2167,Lubi House Homestay,Hà Nội,"Nằm cách Nhà hát Lớn Hà Nội 400 m, Lubi House Homestay có khu vườn, sân hiên và chỗ nghỉ được trang bị máy điều hòa với ban công cùng Wi-Fi miễn phí. Mỗi căn tại đây đều có bếp với lò vi sóng cùng tủ lạnh, két an toàn, TV màn hình phẳng với các kênh truyền hình vệ tinh, tiện nghi ủi, bàn làm việc và khu vực ghế ngồi. Tất cả các căn được bố trí phòng tắm riêng với vòi hoa sen, dép đi trong phòng, máy sấy tóc và đồ vệ sinh cá nhân miễn phí. Các điểm tham quan nổi tiếng gần khách sạn căn hộ bao gồm trung tâm thương mại Tràng Tiền Plaza, Hồ Hoàn Kiếm và Nhà hát Múa rối nước Thăng Long. Sân bay gần nhất là sân bay quốc tế Nội Bài nằm cách Lubi House Homestay 27 km. Chỗ nghỉ cung cấp dịch vụ đưa đón sân bay với một khoản phụ phí.",7.5
2170,Catinal Hotel,Đà Nẵng,"Với tầm nhìn ra quang cảnh tuyệt đẹp của Sông Hàn, Catinal Hotel nằm cách Chợ Hàn chỉ 100 m. Du khách có thể sử dụng trung tâm dịch vụ doanh nhân và truy cập Wi-Fi miễn phí ở tất cả các khu vực. Khách sạn nằm trong bán kính 1,5 km từ Bãi biển Mỹ Khê tuyệt đẹp và ga Đà Nẵng. Chỗ nghỉ này cũng nằm ở vị trí thuận tiện chỉ cách sân bay quốc tế Đà Nẵng 1 km. Các phòng nghỉ lắp máy điều hòa ở đây có đồ nội thất hiện đại, TV truyền hình cáp, khu vực ghế ngồi và tủ quần áo. Phòng tắm riêng đi kèm bồn tắm và đồ vệ sinh cá nhân miễn phí. Catinal Hotel có lễ tân 24 giờ có thể hỗ trợ khách với dịch vụ giặt là/ủi. Du khách có thể thu xếp việc đi lại tại bàn đặt tour. Du khách có thể khám phá nhiều quán ăn địa phương ở khu vực xung quanh, cách khách sạn trong vòng 600 m.",7.6
2173,Cactus Homestay,Hà Nội,"Homestay này có sân trong, khu vực ghế ngồi, TV truyền hình cáp, bếp đầy đủ tiện nghi với lò vi sóng cùng tủ lạnh cũng như phòng tắm riêng đi kèm chậu rửa vệ sinh (bidet) và máy sấy tóc. Bếp nấu và ấm đun nước cũng được trang bị trong phòng. Cactus Homestay phục vụ bữa sáng à la carte hàng ngày. Chỗ nghỉ có sân hiên. Cactus Homestay cung cấp cả dịch vụ cho thuê xe đạp lẫn xe hơi. Homestay nằm cách Nhà Hát Lớn 1,7 km và Nhà hát múa rối nước Thăng Long 1,8 km. Sân bay gần nhất là sân bay quốc tế Nội Bài, cách Cactus Homestay 25 km, và chỗ nghỉ cung cấp dịch vụ đưa đón sân bay với một khoản phụ phí.",6.9
2177,Paris Deli Danang Beach Hotel,Đà Nẵng,"Khách sạn này có hồ bơi ngoài trời và trung tâm thể dục. Mỗi phòng nghỉ hiện đại tại đây đều được trang bị máy điều hòa trong khi các Phòng Deluxe có cửa sổ lớn với tầm nhìn tuyệt đẹp ra cảnh biển và toàn cảnh thành phố. Các nhà hàng và quán bar mang đến cho khách trải nghiệm ẩm thực chính thống với một trong những điểm nhấn là SkyLine Bistro and Lounge trên sân thượng. Oasis Spa cung cấp đủ loại liệu pháp hiện đại và truyền thống giúp trẻ hóa tinh thần và cơ thể. Paris Deli Danang Beach Hotel nằm cách Cầu Sông Hàn 2 km và Trung tâm thương mại Indochina Riverside 2,2 km. Sân bay gần nhất là sân bay quốc tế Đà Nẵng, nằm trong bán kính 6 km từ Paris Deli Danang Beach Hotel.",7.0
2179,Ki No Villa Hoi An,Hội An,"Tọa lạc tại thành phố Hội An, Ki No Villa Hoi An cung cấp chỗ nghỉ với WiFi miễn phí, hồ bơi, sảnh khách chung, khu vườn và tầm nhìn ra hồ bơi. Chỗ ở tại đây được bố trí sân trong, máy điều hòa, TV màn hình phẳng và phòng tắm riêng với chậu rửa vệ sinh (bidet) cùng đồ vệ sinh cá nhân miễn phí. Biệt thự có sân hiên. Ki No Villa Hoi An có dịch vụ cho thuê xe đạp và khu vực bãi biển riêng. Chỗ nghỉ nằm cách Bãi biển Cửa Đại 300 m và Hội quán Triều Châu 4,3 km. Sân bay gần nhất là sân bay quốc tế Đà Nẵng, nằm trong bán kính 24 km từ Ki No Villa Hoi An, và chỗ nghỉ cung cấp dịch vụ đưa đón sân bay với một khoản phụ phí.",8.1
2180,Sunny Villas Near The Beach Da Nang,Đà Nẵng,"Được bao quanh bởi khung cảnh miền nhiệt đới, Sunny Villas Near The Beach Da Nang cung cấp các biệt thự sang trọng nhìn ra Biển Đông. Chỗ nghỉ này có 2 hồ bơi ngoài trời, nhà hàng bên bờ biển và quầy bar. Du khách có thể truy cập WiFi miễn phí tại đây. Các biệt thự gắn máy điều hòa tại chỗ nghỉ được trang bị đồ nội thất hiện đại và bếp đầy đủ tiện nghi. Phòng khách mở ra bể ngâm riêng, hiên tắm nắng và khu vườn. Phòng tắm đi kèm chậu rửa vệ sinh (bidet), máy sấy tóc và đồ vệ sinh cá nhân miễn phí. Nhà hàng trong khuôn viên phục vụ một loạt món ăn Châu Âu và Việt Nam. Trong số các tiện nghi của chỗ nghỉ này còn có sân tennis và trung tâm spa. Sunny Villas Near The Beach Da Nang nằm trong bán kính 5 phút lái xe từ Ngũ Hành Sơn và 15 phút lái xe từ Phố Cổ Hội An, Di sản văn hóa thế giới được UNESCO công nhận. Sân golf BRG Đà Nẵng nằm đối diện với chỗ nghỉ. Sân bay gần nhất là sân bay quốc tế Đà Nẵng, cách đó 20 phút lái xe.",9.0
2189,TMS Hotel Da Nang Beach,Đà Nẵng,"Chỗ nghỉ này cũng có câu lạc bộ trẻ em và sân chơi cho trẻ em. Nơi đây cung cấp dịch vụ lễ tân 24 giờ, dịch vụ đưa đón, dịch vụ phòng và WiFi miễn phí trong toàn bộ khuôn viên. Tất cả phòng nghỉ tại khách sạn đều có máy điều hòa, khu vực ghế ngồi, TV truyền hình cáp màn hình phẳng, két an toàn, ấm đun nước cũng như phòng tắm riêng đi kèm vòi sen, áo choàng tắm và dép. Một số phòng được bố trí khu vực bếp ăn với lò vi sóng và tủ lạnh. Các phòng còn đi kèm bàn làm việc.  TMS Hotel Da Nang Beach phục vụ bữa sáng buffet hoặc bữa sáng kiểu Mỹ. Chỗ nghỉ có sân hiên. Du khách có thể sử dụng dịch vụ văn phòng hoặc thư giãn tại quầy bar. TMS Hotel Da Nang Beach nằm cách Bãi biển Mỹ Khê 700 m và Bãi biển Bắc Mỹ An 2,7 km. Sân bay gần nhất là sân bay quốc tế Đà Nẵng, nằm trong bán kính 6 km từ khách sạn.",7.5
2193,Golden Moon Suite Hotel,Hà Nội,"Golden Moon Suite Hotel cung cấp phòng nghỉ gắn máy điều hòa với TV truyền hình cáp màn hình phẳng ở quận Hoàn Kiếm thuộc thành phố Hà Nội. Trong số các tiện nghi của chỗ nghỉ này có nhà hàng, lễ tân 24 giờ, dịch vụ trợ giúp đặc biệt và WiFi miễn phí. Khách sạn này cung cấp các phòng gia đình. Phòng nghỉ tại khách sạn được trang bị ấm đun nước. Tại Golden Moon Suite Hotel, các phòng có tủ để quần áo và phòng tắm riêng. Các điểm tham quan nổi tiếng gần chỗ nghỉ bao gồm Nhà hát múa rối nước Thăng Long, Nhà Thờ Lớn và Hồ Hoàn Kiếm. Sân bay gần nhất là sân bay quốc tế Nội Bài, cách Golden Moon Suite Hotel 21 km, và chỗ nghỉ cung cấp dịch vụ đưa đón sân bay với một khoản phụ phí.",7.3
2194,Hanoi City Hotel,Hà Nội,"Nơi đây cung cấp bữa sáng hàng ngày và các phòng với truy cập Wi-Fi miễn phí. Nhà trọ cách Bảo tàng Dân tộc học 7 km. Nơi nghỉ này cách Ga Hà Nội 10 phút lái xe và cách Sân bay Quốc tế Nội Bài 35 km. Các phòng máy lạnh ở đây có sàn gỗ, truyền hình cáp màn hình phẳng, minibar và tủ quần áo. Phòng tắm riêng đi kèm đồ vệ sinh cá nhân cùng với bồn tắm và tiện nghi vòi sen nước nóng. Bữa sáng gọi món được cung cấp từ 07:00-10:30 và có thể được phục vụ ngay trong phòng của khách. Nhân viên tại quầy lễ tân 24 giờ của Hanoi City có thể hỗ trợ khách với các dịch vụ đưa đón sân bay, để hành lý và giặt là. Các chuyến đi tham quan có thể được bố trí tại bàn đặt tour. Ngoài ra còn có các dịch vụ cho thuê xe đạp, đặt vé và fax/phô-tô-co-pi.",6.5
2195,Emmie Nha Trang Hotel,Nha Trang,"Tọa lạc ở thành phố Nha Trang, cách Bãi biển Nha Trang 500 m, Emmie Nha Trang Hotel cung cấp chỗ nghỉ bên bờ biển với nhiều tiện nghi như sảnh khách chung và sân hiên. Chỗ nghỉ này nằm trong bán kính khoảng 700 m từ Tháp Trầm Hương, 1,4 km từ Nhà thờ Nha Trang và 1,5 km từ Trung tâm mua sắm Nha Trang Centre. Nơi đây cung cấp dịch vụ lễ tân 24 giờ, dịch vụ đưa đón, dịch vụ phòng và WiFi miễn phí. Phòng nghỉ được trang bị máy điều hòa, TV truyền hình vệ tinh màn hình phẳng, tủ lạnh, ấm đun nước, vòi xịt/chậu rửa vệ sinh, dép và bàn làm việc. Các căn có phòng tắm riêng, máy sấy tóc và ga trải giường. Trong số các địa danh nổi tiếng gần nhà khách có Trung tâm Thuyền buồm Việt Nam, quán Sailing Club và Quảng trường 2/4. Sân bay gần nhất là sân bay quốc tế Cam Ranh, cách Emmie Nha Trang Hotel 25 km.",6.4
2196,Pinehill Tu Hieu Hue Homestay,Huế,"Các căn tại đây có tầm nhìn ra vườn, khu vực ghế ngồi, máy giặt, bếp đầy đủ tiện nghi với lò vi sóng và phòng tắm riêng đi kèm dép đi trong phòng cùng máy sấy tóc. Tủ lạnh, bếp nấu, máy nướng bánh mỳ, ấm đun nước và máy pha cà phê đều được cung cấp cho khách. Homestay có sân hiên để khách thư giãn. Pinehill Tu Hieu Hue Homestay nằm cách Cầu Tràng Tiền 5 km và Chợ Đông Ba 6 km. Sân bay gần nhất là sân bay Phú Bài, cách chỗ nghỉ 17 km.",7.2
2203,RIMI House - Near Dalat Night Market,Đà Lạt,"RIMI House - Near Dalat Night Market tọa lạc tại thành phố Đà Lạt, cách Quảng trường Lâm Viên 1,1 km và Hồ Xuân Hương 1,2 km. Chỗ nghỉ này có tầm nhìn ra vườn và WiFi miễn phí. Nhà nghỉ B&B này có TV màn hình phẳng và phòng tắm riêng với dép, máy sấy tóc cùng vòi xịt/chậu rửa vệ sinh. Các căn còn được trang bị minibar và ấm đun nước. RIMI House - Near Dalat Night Market nằm trong bán kính 1,4 km từ Công viên Yersin và 2,9 km từ Vườn hoa Đà Lạt. Sân bay gần nhất là sân bay Liên Khương, cách đó 29 km, và chỗ nghỉ cung cấp dịch vụ đưa đón sân bay với một khoản phụ phí.",7.0
2204,Local Beach Phu Quoc,Phú Quốc,"Nằm trên đảo Phú Quốc, Local Beach Phu Quoc có chỗ nghỉ, nhà hàng, xe máy cho khách sử dụng miễn phí, vườn, khu vực bãi biển riêng, sân hiên và tầm nhìn ra vườn. Homestay này cung cấp cả WiFi lẫn chỗ đỗ xe riêng miễn phí. Tất cả phòng nghỉ tại đây đều được bố trí máy điều hòa cũng như khu vực tiếp khách và/hoặc ăn uống. Local Beach Phu Quoc phục vụ bữa sáng à la carte và kiểu Á hàng ngày. Bãi Thơm nằm cách chỗ nghỉ chưa đầy 1 km trong khi Chùa Sùng Hưng cách đó 29 km.",6.9
2208,Nhà Tím Homestay,Đà Lạt,"Nằm cách Quảng trường Lâm Viên 3,1 km, Nhà Tím Homestay có chỗ nghỉ với sảnh khách chung, khu vườn và lễ tân 24 giờ để tạo thuận tiện cho du khách. Chỗ nghỉ này cung cấp WiFi miễn phí trong toàn bộ khuôn viên. Một số căn tại đây được bố trí phòng tắm riêng với vòi xịt/chậu rửa vệ sinh, dép đi trong phòng, máy sấy tóc và đồ vệ sinh cá nhân miễn phí. Homestay có sân hiên. Du khách có thể thuê xe hơi tại Nhà Tím Homestay. Chỗ nghỉ nằm trong bán kính 3,3 km từ Hồ Xuân Hương và 3,5 km từ Công viên Yersin. Sân bay gần nhất là sân bay Liên Khương, cách Nhà Tím Homestay 31 km, và chỗ nghỉ cung cấp dịch vụ đưa đón sân bay với một khoản phụ phí.",7.9
2209,VIP Garden Villa and Pool Hội an,Hội An,"Vip Garden Villa cung cấp chỗ nghỉ tuyệt đẹp ở trung tâm Phố cổ Hội An. Biệt thự này có Wi-Fi miễn phí, hồ bơi ngoài trời với vòi phun mát-xa và giường nằm tắm nắng. Chỗ nghỉ này chỉ cách Chợ Hội An 500 m, Bãi biển công cộng An Bàng nổi tiếng 2 km và Chùa Cầu 800 m. Sân bay Quốc tế Đà Nẵng cách đó 22 km. Với phong cách trang trí tối giản, sạch sẽ, các phòng nghỉ tại đây có ban công riêng và phòng tắm riêng. Các phòng đều có sẵn TV truyền hình cáp 42 inch và khu vực ghế ngồi. Chỗ nghỉ phục vụ nhiều món ăn Việt Nam và quốc tế cho bữa sáng hàng ngày. Du khách cũng có thể thưởng thức đủ loại món ăn ngon của địa phương cách đó chỉ một đoạn đi bộ ngắn.",7.7
2217,Chen Sea Resort & Spa Phu Quoc,Phú Quốc,"Quý khách có thể sử dụng miễn phí WiFi và chỗ đỗ xe riêng trong khuôn viên. Thiết kế của Chen Sea Resort & Spa Phu Quoc được lấy cảm hứng từ không gian yên bình. Tất cả các bungalow và biệt thự tại đây đem đến khung cảnh tĩnh lặng và có hiên nhìn ra biển. Tất cả chỗ nghỉ đều có máy điều hòa, tủ quần áo, phòng thay đồ, khu vực ghế ngồi, két an toàn và bàn làm việc. Phòng tắm riêng đi kèm tiện nghi bồn tắm/vòi sen, đồ vệ sinh cá nhân miễn phí và dép. Trung tâm spa của Chen Sea Resort cung cấp kết hợp các liệu pháp chăm sóc truyền thống và hiện đại để giúp khách thư giãn và hồi phục sức khỏe. Khách có thể tham gia các hoạt động thể thao dưới nước khác nhau như đi thuyền buồm, lướt ván buồm, chèo thuyền kayak và bóng chuyền bãi biển. Chen Sea Resort & Spa Phu Quoc cách Nhà thùng nước mắm 4,3 km và Chợ đêm Phú Quốc 5,1 km. Sân bay gần nhất là sân bay quốc tế Phú Quốc, cách resort 35 phút lái xe. Nhà hàng Il Ristorante nằm tại vị trí hoàn hảo bên bờ biển và phục vụ các món đặc sản Địa Trung Hải cũng như ẩm thực địa phương và quốc tế.",7.9
2218,BIỆT THỰ TRƯỜNG GIANG,Phú Quốc,"Mỗi căn tại đây đều có ghế sofa, khu vực ghế ngồi, TV truyền hình cáp màn hình phẳng, bếp đầy đủ tiện nghi với khu vực ăn uống, két an toàn và phòng tắm riêng đi kèm dép đi trong phòng. Các căn còn được trang bị lò vi sóng, tủ lạnh, bếp nấu ăn và ấm đun nước. Biệt thự có sân chơi cho trẻ em. BIỆT THỰ TRƯỜNG GIANG nằm cách Chùa Sùng Hưng 10 km và Sòng bạc Corona 27 km.",7.0
2223,Hoi An Memories Resort & Spa,Hội An,"Tọa lạc ở thành phố Hội An, Hoi An Memories Resort & Spa có nhà hàng, xe đạp cho khách sử dụng miễn phí, hồ bơi ngoài trời và trung tâm thể dục. Chỗ nghỉ này có quầy bar, sảnh khách chung và vườn. Nơi đây cung cấp dịch vụ lễ tân 24 giờ, dịch vụ phòng và dịch vụ thu đổi ngoại tệ cho khách. Phòng nghỉ gắn máy điều hòa tại Hoi An Memories Resort & Spa có bàn làm việc, ấm đun nước, minibar, két an toàn, TV màn hình phẳng và phòng tắm riêng với vòi xịt/chậu rửa vệ sinh. Tất cả các phòng đều được trang bị ga trải giường và khăn tắm. Chỗ nghỉ phục vụ bữa sáng buffet hoặc bữa sáng à la carte. Hoi An Memories Resort & Spa có sân hiên tắm nắng. Khách nghỉ tại resort có thể tham gia các hoạt động trong và xung quanh thành phố Hội An, như đi xe đạp. Hoi An Memories Resort & Spa nằm cách Hội quán Triều Châu 1,5 km và Bảo tàng Lịch sử Hội An 2,2 km. Sân bay gần nhất là sân bay quốc tế Đà Nẵng, cách đó 30 km, và chỗ nghỉ cung cấp dịch vụ đưa đón sân bay với một khoản phụ phí.",8.1
2228,Viet Home 9,Vũng Tàu,"Tọa lạc tại thành phố Vũng Tàu, cách Bãi Sau chỉ 500 m, Viet Home 9 cung cấp miễn phí cả WiFi và chỗ đỗ xe riêng. Biệt thự này nằm trong bán kính 6 km từ Bạch Dinh và 8 km từ Ngọn hải đăng Vũng Tàu. Biệt thự có 6 phòng ngủ riêng, 4 phòng tắm và 1 phòng khách. Biệt thự nằm cách Mũi Nghinh Phong 4,4 km và Tượng Chúa Ki-tô Vua 5 km. Sân bay gần nhất là sân bay quốc tế Tân Sơn Nhất, nằm trong bán kính 71 km từ Viet Home 9.",8.0
2229,Nghe Garden Resort Hoian,Hội An,"Trong số các tiện nghi của resort này có quán bar, sảnh khách chung và vườn. Chỗ nghỉ cũng cung cấp dịch vụ lễ tân 24 giờ, dịch vụ phòng và dịch vụ thu đổi ngoại tệ cho khách. Tất cả phòng nghỉ tại resort đều được trang bị máy điều hòa, truyền hình cáp màn hình phẳng, tủ lạnh, ấm đun nước, chậu rửa vệ sinh (bidet), máy sấy tóc và tủ để quần áo. Các phòng còn có WiFi miễn phí và phòng tắm riêng với vòi sen cùng đồ vệ sinh cá nhân miễn phí. Khách nghỉ tại Nghe Garden Resort Hoian có thể thưởng thức bữa sáng kiểu lục địa. Chỗ nghỉ có sân hiên tắm nắng. Đi xe đạp là hoạt động được ưa chuộng trong khu vực và du khách cũng có thể thuê xe máy/xe hơi tại Nghe Garden Resort Hoian. Resort nằm cách Hội quán Triều Châu 3,8 km và Bảo tàng Lịch sử Hội An 4 km. Sân bay gần nhất là sân bay quốc tế Đà Nẵng, nằm trong bán kính 26 km từ Nghe Garden Resort Hoian, và chỗ nghỉ cung cấp dịch vụ đưa đón sân bay với một khoản phụ phí.",7.2
2230,My's Homestay,Sa Pa,"Nằm ở Hoa Si Pan, cách thị xã Sa Pa 14 km, My's Homestay có nhà hàng và WiFi miễn phí. Phòng nghỉ tại đây có tầm nhìn ra khu vườn, khu vực ghế ngồi, máy giặt, bếp đầy đủ tiện nghi với tủ lạnh và sử dụng phòng tắm chung đi kèm máy sấy tóc cùng đồ vệ sinh cá nhân miễn phí. Tất cả các phòng còn có sân trong nhìn ra quang cảnh thị xã. Homestay này phục vụ bữa sáng tự chọn hoặc bữa sáng đầy đủ kiểu Anh/Ailen. My's Homestay có sân hiên và khu vườn.",7.9
2231,Organic Farm Homestay,Sa Pa,"Nằm tại thị xã Sa Pa, cách ga cáp treo Fansipan Legend 25 km, Organic Farm Homestay cung cấp chỗ nghỉ có vườn, WiFi miễn phí, quầy lễ tân 24 giờ và bếp chung. Chỗ nghỉ này có ban công và tầm nhìn ra vườn. Homestay có 2 phòng ngủ, 2 phòng tắm với chậu rửa vệ sinh (bidet) và vòi sen, khu vực ghế ngồi cùng bếp với tủ lạnh. Để thêm phần thuận tiện cho du khách, chỗ nghỉ có thể cung cấp khăn tắm và ga trải giường với một khoản phụ phí. Organic Farm Homestay phục vụ bữa sáng tự chọn hàng ngày. Chỗ nghỉ còn có tiện nghi BBQ và sân hiên. Organic Farm Homestay cách Núi Phan Xi Păng 36 km và trung tâm thương mại Sun Plaza 23 km.",9.0
2232,Hoi An Hometown Villa,Hội An,"Nằm cách Bãi biển An Bàng 2,7 km, Hoi An Hometown Villa có chỗ nghỉ, nhà hàng, hồ bơi ngoài trời, quầy bar và sảnh khách chung. Biệt thự cung cấp miễn phí cả WiFi lẫn chỗ đỗ xe riêng. Mỗi chỗ ở tại đây đều được trang bị máy điều hòa, TV màn hình phẳng, tủ lạnh và phòng tắm riêng với vòi sen. Hoi An Hometown Villa có khu vườn và sân hiên tắm nắng. Chỗ nghỉ nằm cách Bảo tàng Lịch sử Hội An 2 km và Hội quán Quảng Đông 2,2 km. Sân bay gần nhất là sân bay quốc tế Đà Nẵng, nằm trong bán kính 21 km từ Hoi An Hometown Villa, và chỗ nghỉ cung cấp dịch vụ đưa đón sân bay với một khoản phụ phí.",4.3
2233,Le Forest Resort,Phú Quốc,"Nằm ở Bãi Dài, thuộc thị trấn Dương Đông, cách 1,2 km từ Bảo tàng Cội Nguồn, Le Forest Resort có hồ bơi ngoài trời quanh năm. Quý khách có thể dùng bữa ở nhà hàng trong khuôn viên. Một số phòng cho tầm nhìn ra quang cảnh hồ bơi/vườn. Mỗi phòng đều đi kèm phòng tắm riêng. Mỗi phòng được trang bị TV truyền hình vệ tinh màn hình phẳng. Chỗ nghỉ cũng cung cấp dịch vụ giặt hấp. Resort cũng cung cấp dịch vụ cho thuê xe đạp và xe hơi. Aroma Spa nằm cách 1,3 km từ Le Forest Resort, trong khi Trang trại Ngọc trai Phú Quốc cách đó 2,8 km. Sân bay gần nhất là Sân bay Quốc tế Phú Quốc, cách 2 km từ Le Forest Resort.",7.5
2236,Star Hotel,Vũng Tàu,"Nằm trong bán kính chỉ 5 phút đi bộ từ Bãi Sau ở thành phố Vũng Tàu, Star Hotel cung cấp Wi-Fi miễn phí và chỗ đỗ xe riêng miễn phí. Mỗi phòng nghỉ tại khách sạn này đều có máy điều hòa, kênh truyền hình cáp và phòng tắm riêng với vòi sen. Khách sạn có bếp chung. Ở khu vực xung quanh có rất nhiều nhà hàng và quán ăn địa phương. Khách sạn cũng cung cấp dịch vụ cho thuê xe máy và xe hơi. Star Hotel cách Tượng Chúa Ki-tô Vũng Tàu 1,4 km và Ngọn hải đăng Vũng Tàu 1,4 km. Sân bay gần nhất là sân bay quốc tế Tân Sơn Nhất, cách đó 72 km.",5.3
2241,Glory Hotel,Hà Nội,"Trong số các tiện nghi của khách sạn này có nhà hàng, lễ tân 24 giờ, dịch vụ phòng và WiFi miễn phí. Khách sạn còn cung cấp các phòng gia đình. Tất cả các phòng tại đây đều được trang bị máy điều hòa, truyền hình vệ tinh màn hình phẳng, lò vi sóng, ấm đun nước, chậu rửa vệ sinh (bidet), máy sấy tóc và bàn làm việc. Mỗi phòng còn có tủ để quần áo và phòng tắm riêng. Glory Hotel phục vụ bữa sáng tự chọn hàng ngày. Glory Hotel có sân hiên và dịch vụ cho thuê xe hơi. Đi bộ đường dài là hoạt động được yêu thích trong khu vực. Khách sạn cách Bảo tàng Dân tộc học Việt Nam và trung tâm thương mại Vincom Center Nguyễn Chí Thanh 5 km. Sân bay gần nhất là sân bay quốc tế Nội Bài, cách đó 27 km và Glory Hotel cung cấp dịch vụ đưa đón sân bay với một khoản phụ phí.",6.0
2242,Anh Dao Phu Quoc hotel,Phú Quốc,"Chỗ nghỉ này có các phòng gia đình và sân hiên. Chỗ nghỉ cũng cung cấp dịch vụ lễ tân 24 giờ, dịch vụ phòng và dịch vụ đặt vé cho khách. Phòng nghỉ tại khách sạn được trang bị máy điều hòa và TV màn hình phẳng. Các điểm tham quan nổi tiếng gần Anh Dao Phu Quoc hotel bao gồm Chùa Sùng Hưng, Chợ đêm Phú Quốc và Dinh Cậu. Sân bay gần nhất là Sân bay quốc tế Phú Quốc, cách đó 6 km.",5.4
2244,Blue-S Hotel & Apartment,Đà Nẵng,"Blue-S Hotel & Apartment cung cấp phòng nghỉ gắn máy điều hòa với TV truyền hình cáp màn hình phẳng ở khu Bãi biển Mỹ Khê thuộc thành phố Đà Nẵng. Chỗ nghỉ này có các phòng gia đình và sân hiên. Chỗ nghỉ cung cấp dịch vụ lễ tân 24 giờ, dịch vụ phòng và dịch vụ thu đổi ngoại tệ cho khách. Phòng nghỉ của khách sạn được bố trí khu vực ghế ngồi. Tại Blue-S Hotel & Apartment, các phòng còn có bàn làm việc và phòng tắm riêng. Chỗ nghỉ nằm cách Bãi biển Mỹ Khê 300 m và Cầu tàu Tình yêu 2,9 km. Sân bay gần nhất là sân bay quốc tế Đà Nẵng, nằm trong bán kính 5 km từ Blue-S Hotel & Apartment, và chỗ nghỉ cung cấp dịch vụ đưa đón sân bay với một khoản phụ phí.",7.9
2246,Thung lũng CAO VÂN MAY,Đà Lạt,"Nằm cách Hồ Xuân Hương 6 km, HOÀNG GIA TRANG, THE RUSTIC GARDEN có chỗ nghỉ, nhà hàng, quán bar, sảnh khách chung và khu vườn. Lodge này cung cấp miễn phí cả WiFi lẫn chỗ đỗ xe riêng. HOÀNG GIA TRANG, THE RUSTIC GARDEN có sân trong, tầm nhìn ra khu vườn, khu vực ghế ngồi, TV truyền hình cáp màn hình phẳng, khu vực bếp ăn đầy đủ tiện nghi với lò vi sóng cùng lò nướng cũng như phòng tắm riêng đi kèm vòi xịt/chậu rửa vệ sinh và dép đi trong phòng. Một số căn được bố trí ban công và/hoặc sân hiên nhìn ra quang cảnh hồ nước. Chỗ nghỉ phục vụ bữa sáng kiểu lục địa hằng ngày. Nơi đây cũng có sân chơi và câu lạc bộ dành cho trẻ em với rất nhiều hoạt động. Công viên Yersin và Quảng trường Lâm Viên đều nằm trong bán kính 6 km từ HOÀNG GIA TRANG, THE RUSTIC GARDEN. Sân bay gần nhất là sân bay Liên Khương, cách lodge 25 km.",6.9
2254,Paradise Hotel,Hội An,"Paradise Hotel tọa lạc tại thành phố Hội An, cách Khu Phố Cổ Hội An nổi tiếng chỉ 300 m. Chỗ nghỉ này có WiFi miễn phí, hồ bơi ngoài trời và dịch vụ cho thuê xe đạp miễn phí. Tòa nhà hiện đại này nằm trong bán kính 3,7 km từ Bãi biển Cửa Đại. Du khách cũng có thể tham quan Đền Cẩm Phô và Chùa Cầu Nhật Bản, nằm cách chỗ nghỉ lần lượt 300 m và 600 m. Sân bay quốc tế Đà Nẵng cách đó 22 km. Mỗi phòng nghỉ tại đây đều có ban công riêng nhìn ra quang cảnh khu vườn cũng như thành phố. Với cửa sổ lớn đón nhiều ánh sáng mặt trời, tất cả các phòng đều được trang bị minibar, TV và khu vực ghế ngồi. Phòng tắm riêng đi kèm máy sấy tóc và chậu rửa vệ sinh (bidet). Paradise Hotel cung cấp dịch vụ lễ tân 24 giờ và dịch vụ giặt là. Dịch vụ đưa đón và vận chuyển sân bay có thể được bố trí với một khoản phụ phí để tạo thuận tiện cho du khách. Nhà hàng trong khuôn viên phục vụ ẩm thực Việt Nam ngon miệng và cả các món ăn phương Tây nổi tiếng. Du khách cũng có thể lựa chọn dịch vụ ăn uống tại phòng.",6.5
2255,Poetic Hue Hotel & Spa,Huế,"Tọa lạc tại thành phố Huế, Poetic Hue Hotel & Spa có nhà hàng, hồ bơi ngoài trời, quầy bar và vườn. Chỗ nghỉ này cung cấp các tiện nghi như dịch vụ phòng, dịch vụ văn phòng và WiFi miễn phí trong toàn bộ khuôn viên. Nơi đây có lễ tân 24 giờ, bếp chung và dịch vụ thu đổi ngoại tệ cho khách. Khách sạn phục vụ bữa sáng à la carte hoặc bữa sáng đầy đủ kiểu Anh/Ailen. Poetic Hue Hotel & Spa có sân hiên tắm nắng. Du khách có thể chơi bi-a cũng như thuê xe đạp/xe hơi tại chỗ nghỉ. Poetic Hue Hotel & Spa nằm cách Cầu Tràng Tiền 2,8 km và Bảo tàng Cổ vật Cung đình Huế 3,1 km. Sân bay gần nhất là sân bay Phú Bài, nằm trong bán kính 15 km từ khách sạn, và chỗ nghỉ cung cấp dịch vụ đưa đón sân bay với một khoản phụ phí.",6.3
2259,Nana Homestay & Villa,Huế,"Nằm cách Chợ Đông Ba 1,4 km, Nana Homestay & Villa có sảnh khách chung, vườn cũng như chỗ nghỉ gắn máy điều hòa với sân trong và WiFi miễn phí. Tất cả các căn tại đây đều có khu vực ghế ngồi, TV truyền hình cáp màn hình phẳng và phòng tắm riêng đi kèm dép đi trong phòng, vòi xịt/chậu rửa vệ sinh cùng vòi sen. Mỗi căn đều có ban công nhìn ra vườn. Khách lưu trú tại homestay này có thể thưởng thức bữa sáng kiểu Mỹ. Nana Homestay & Villa có sân hiên. Chỗ nghỉ cung cấp cả dịch vụ cho thuê xe đạp lẫn xe hơi trong khi du khách có thể đi xe đạp ở khu vực gần đó. Trong số các điểm tham quan nổi tiếng gần Nana Homestay & Villa có Cầu Tràng Tiền, Bảo tàng Cổ vật Cung đình Huế và Nhà thờ Dòng Chúa Cứu Thế. Sân bay gần nhất là sân bay Phú Bài, nằm trong bán kính 15 km từ homestay, và chỗ nghỉ cung cấp dịch vụ đưa đón sân bay với một khoản phụ phí.",6.7
2262,Under The Coconut Tree Hoi An Homestay,Hội An,"Với đường mòn riêng dẫn ra Bãi biển An Bàng, Under The Coconut Tree Hoi An Homestay Hoi An Homestay cung cấp các phòng nghỉ riêng biệt và phòng nghỉ tập thể có mái lợp lá dừa và WiFi miễn phí. Nằm trong bán kính 50 m từ khu chợ buổi sáng tại thành phố Đà Nẵng, Under The Coconut Tree Hoi An Homestay Hoi An Homestay cách bãi biển công cộng Cửa Đại 1 km và cách Chợ Hội An 4 km. Chỗ nghỉ tại nhà dân này cách Núi Ngũ Hành Sơn 13,1 km và cách Sân bay Quốc tế Đà Nẵng 21 km. Tất cả phòng nghỉ tại đây đều có quạt làm mát và đồ vệ sinh cá nhân miễn phí. Dịch vụ đặt vé và bàn đặt tour cũng có sẵn trong chỗ nghỉ tại nhà dân này.",7.8
2267,Opal house,Sa Pa,"Nằm cách ga cáp treo Fansipan Legend 13 km, Opal house cung cấp chỗ nghỉ có vườn, sân hiên và bếp chung để tạo thuận tiện cho khách. Du khách có thể truy cập WiFi miễn phí trong toàn bộ khuôn viên. Phòng nghỉ tại đây có sân trong nhìn ra khu vườn, bếp nhỏ với lò vi sóng cùng tủ lạnh và sử dụng phòng tắm chung với chậu rửa vệ sinh (bidet). Tất cả các phòng đều được bố trí khu vực tiếp khách và ăn uống. Homestay nằm trong bán kính 24 km từ Núi Phan Xi Păng và 10 km từ trung tâm thương mại Sun Plaza.",6.5
2269,Căn hộ The Sóng Vũng Tàu,Vũng Tàu,"Tọa lạc tại thành phố Vũng Tàu, Căn hộ The Sóng Vũng Tàu cung cấp Wi-Fi miễn phí, xe đạp miễn phí, hồ bơi ngoài trời và trung tâm thể dục. Chỗ nghỉ này cung cấp chỗ đỗ xe riêng ngay trong khuôn viên. Tất cả các căn tại đây đều được trang bị máy điều hòa, TV màn hình phẳng, phòng khách với ghế sofa, bếp đầy đủ tiện nghi và phòng tắm riêng đi kèm vòi sen, dép đi trong phòng cùng máy sấy tóc. Căn hộ có sân chơi cho trẻ em. Căn hộ The Sóng Vũng Tàu có công viên nước và CLB trẻ em trong khi du khách cũng có thể thư giãn trong khu vườn. Chỗ nghỉ nằm cách Bãi Sau chưa đầy 1 km và Khu du lịch văn hóa sinh thái Hồ Mây 3,8 km. Sân bay gần nhất là sân bay Vũng Tàu, nằm cách Căn hộ The Sóng Vũng Tàu 4 km.",6.3
2270,"Amazing stay- homestay, city view, near center Hanoi, NK Cau Giay",Hà Nội,"Tọa lạc tại thành phố Hà Nội, cách trung tâm thương mại Vincom Center Nguyễn Chí Thanh 2 km, Amazing stay- homestay, city view, near center Hanoi, NK Cau Giay có tầm nhìn ra quang cảnh thành phố, WiFi miễn phí và chỗ đỗ xe riêng miễn phí. Các căn tại đây có tầm nhìn ra dòng sông, khu vực ghế ngồi, máy giặt, bếp đầy đủ tiện nghi và phòng tắm riêng với dép đi trong phòng cùng máy sấy tóc. Để thêm phần thuận tiện cho du khách, chỗ nghỉ có thể cung cấp khăn tắm và ga trải giường với một khoản phụ phí. Homestay có sân hiên. Amazing stay- homestay, city view, near center Hanoi, NK Cau Giay nằm cách Bảo tàng Dân tộc học Việt Nam 2,8 km và Văn Miếu - Quốc Tử Giám 5 km. Sân bay gần nhất là sân bay quốc tế Nội Bài, nằm trong bán kính 26 km từ chỗ nghỉ.",6.8
2271,Swiss-Belresort Tuyen Lam,Đà Lạt,"Resort này có các khu vực thư giãn như hồ bơi trong nhà và ngoài trời với sàn phơi nắng cùng ghế dài cũng như quầy bar để du khách thư giãn cùng đồ uống yêu thích của mình. Du khách cũng có thể thưởng thức các bữa ăn tại nhà hàng trong khuôn viên. Chỗ nghỉ này nằm cách SAM Tuyen Lam Golf & Resorts 240 m và trung tâm thương mại Dalat Centre 17 km. Chỗ nghỉ cung cấp dịch vụ vận chuyển và đưa đón sân bay với một khoản phụ phí. Du khách lái xe khoảng 25 phút là đến thành phố. Mỗi phòng nghỉ được trang trí đẹp mắt tại đây đều được trang bị máy điều hòa với chức năng sưởi ấm. Tất cả các phòng có TV truyền hình vệ tinh màn hình phẳng và minibar. Phòng tắm riêng đi kèm vòi sen/bồn tắm. Du khách có thể đến quầy lễ tân 24 giờ để được cung cấp các dịch vụ đặt tour và đặt vé. Trong khuôn viên chỗ nghỉ có cửa hàng quà tặng. Du khách cũng có thể thuê xe hơi tại đây. Chỗ nghỉ được trang bị các tiện nghi như sân tennis, trung tâm thể dục, trung tâm chăm sóc sức khỏe và spa cũng như sân chơi cho trẻ em. Những khách muốn đến sân golf, vui lòng liên hệ với nhân viên lễ tân để được hướng dẫn nhằm tránh sự cố không mong muốn có thể xảy ra",7.2
2273,cliff house,Nha Trang,"Tọa lạc tại thành phố Nha Trang, cách Bãi biển Nha Trang 1,1 km, cliff house cung cấp chỗ nghỉ bên bờ biển với nhiều tiện nghi như nhà hàng, quầy bar và khu vườn. Chỗ nghỉ này có các phòng gia đình và sân hiên. Nơi đây cung cấp dịch vụ lễ tân 24 giờ, dịch vụ phòng và dịch vụ thu đổi ngoại tệ cho khách. Phòng nghỉ tại cliff house được trang bị ấm đun nước, máy điều hòa, két an toàn và TV màn hình phẳng. Một số phòng có sân trong. Viện Hải dương học nằm trong bán kính 100 m từ chỗ nghỉ trong khi Dinh Bảo Đại cách đó 500 m. Sân bay gần nhất là sân bay quốc tế Cam Ranh, cách cliff house 22 km, và chỗ nghỉ cung cấp dịch vụ đưa đón sân bay với một khoản phụ phí.",6.8
2276,Sim Bungalow,Phú Quốc,"Chỗ nghỉ này nằm trong bán kính khoảng 5 km từ Chùa Sùng Hưng, 22 km từ Sòng bạc Corona và 22 km từ công viên giải trí Vinpearl Land Phú Quốc. Du khách có thể ngắm nhìn quang cảnh khu vườn từ chỗ nghỉ. Mỗi phòng nghỉ tại khách sạn đều có ban công nhìn ra hồ bơi, phòng tắm riêng, dép và ga trải giường. Sim Bungalow nằm cách Trại nuôi ngọc trai Phú Quốc 1,7 km và Bảo tàng Cội Nguồn 2,3 km.",9.0
2285,Nunn Luxury Apartment Da Nang Beach,Đà Nẵng,"Nằm cách Bãi biển Mỹ Khê 100 m, Nunn Luxury Apartment Da Nang Beach cung cấp chỗ nghỉ với nhà hàng, hồ bơi ngoài trời, trung tâm thể dục và quầy bar. Căn hộ cung cấp miễn phí cả WiFi lẫn chỗ đỗ xe riêng. Tất cả các căn tại đây đều được bố trí máy điều hòa, TV màn hình phẳng, phòng khách với ghế sofa, khu vực bếp ăn đầy đủ tiện nghi và phòng tắm riêng với vòi sen, áo choàng tắm cùng dép đi trong phòng. Nunn Luxury Apartment Da Nang Beach phục vụ bữa sáng kiểu lục địa hoặc bữa sáng buffet. Chỗ nghỉ có sân hiên tắm nắng. Du khách có thể thư giãn tại sảnh khách chung của chỗ nghỉ và đi bộ đường dài ở khu vực gần đó. Nunn Luxury Apartment Da Nang Beach nằm cách Cầu Sông Hàn 2,1 km và Cầu khoá Tình Yêu 2,3 km. Sân bay gần nhất là sân bay quốc tế Đà Nẵng, nằm trong bán kính 6 km từ căn hộ, và chỗ nghỉ cung cấp dịch vụ đưa đón sân bay với một khoản phụ phí.",8.5
2287,Melody Hotel,Đà Lạt,"Melody Hotel cung cấp chỗ ở quyến rũ tại thành phố Đà Lạt. Các phòng tại đây có lối trang trí hiện đại và nội thất đầy phong cách. Khách sạn cung cấp Wi-Fi miễn phí và chỉ cách Hồ Xuân Hương 1,5 km. Hotel Melody cách Vườn hoa Đà Lạt 2,7 km. Thiền viện Trúc Lâm và Sân bay Nha Trang cách đó lần lượt 3 km và 84 km. Tất cả các phòng nghỉ đều được trang bị minibar, truyền hình cáp và tiện nghi pha trà/cà phê. Ngoài ra còn có phòng tắm riêng hiện đại với vòi sen, đồ vệ sinh cá nhân miễn phí và máy sấy tóc. Melody Hotel có lễ tân làm việc 24 giờ. Nhân viên tại bàn đặt tour có thể hỗ trợ quý khách với tiện nghi đỗ xe miễn phí và dịch vụ đưa/đón sân bay. Nhà hàng trong khuôn viên phục vụ cả các món ăn địa phương của Việt Nam lẫn các món ăn quốc tế. Dịch vụ ăn uống tại phòng cũng được cung cấp.",7.5
2290,3H Grand Hotel,Vũng Tàu,"Tọa lạc tại thành phố Vũng Tàu, cách Bãi Sau 400 m và Bãi Dứa 1,9 km, 3H Grand Hotel cung cấp chỗ nghỉ với sân hiên cũng như chỗ đỗ xe riêng miễn phí. Khách sạn 2 sao này có Wi-Fi miễn phí, lễ tân 24 giờ và bếp chung. Khách sạn cung cấp các phòng gia đình. Tất cả phòng nghỉ tại khách sạn đều có máy điều hòa và TV màn hình phẳng trong khi một số phòng nhìn ra hồ nước. Các căn được trang bị bàn làm việc và ấm đun nước. 3H Grand Hotel cách Bãi Trước 2,1 km và Mũi Nghinh Phong 1,6 km. Sân bay gần nhất là sân bay Vũng Tàu, cách chỗ nghỉ 6 km.",7.8
2293,Mecozy Apartel,TP. Hồ Chí Minh,"Tọa lạc ở Thành phố Hồ Chí Minh, cách Bảo tàng Lịch sử Việt Nam 5,6 km, Mecozy Apartel có tầm nhìn ra quang cảnh thành phố, WiFi miễn phí và chỗ đỗ xe riêng miễn phí. Tất cả các căn tại đây đều có máy điều hòa, TV màn hình phẳng, phòng khách, bếp ăn đầy đủ tiện nghi với khu vực ăn uống và phòng tắm riêng đi kèm vòi sen, máy sấy tóc cùng đồ vệ sinh cá nhân miễn phí. Các căn còn được trang bị tủ lạnh, bếp nấu ăn và ấm đun nước. Khách sạn căn hộ này nằm cách trung tâm thương mại Diamond Plaza 6,2 km và Bưu điện Trung tâm Sài Gòn 6,3 km. Sân bay gần nhất là sân bay quốc tế Tân Sơn Nhất, nằm trong bán kính 16 km từ Mecozy Apartel.",5.9
2297,Bai Truoc Hotel,Vũng Tàu,"Nằm ở thành phố Vũng Tàu, cách Bãi Trước 50 m và Bãi Dứa 1,6 km, Bai Truoc Hotel cung cấp chỗ nghỉ với vườn và WiFi miễn phí cũng như chỗ đỗ xe riêng miễn phí cho khách lái xe. Khách sạn 2 sao này có lễ tân 24 giờ và dịch vụ phòng. Khách sạn cung cấp các phòng gia đình. Phòng nghỉ tại khách sạn được trang bị máy điều hòa, TV truyền hình vệ tinh màn hình phẳng, tủ lạnh, ấm đun nước, vòi xịt/chậu rửa vệ sinh, dép và bàn làm việc. Các phòng có tủ để quần áo và phòng tắm riêng với vòi sen cùng máy sấy tóc. Một số phòng còn được bố trí khu vực ghế ngồi.  Bai Truoc Hotel có tiện nghi BBQ. Các điểm tham quan nổi tiếng gần chỗ nghỉ bao gồm Bãi Sau, Bạch Dinh và Bến tàu Cánh ngầm. Sân bay gần nhất là sân bay quốc tế Tân Sơn Nhất, nằm trong bán kính 109 km từ Bai Truoc Hotel.",7.3
2303,Seashells Phu Quoc Hotel & Spa,Phú Quốc,"Khách sạn này có hồ bơi ngoài trời cùng nhà hàng, quán bar và chỗ đỗ xe riêng miễn phí trong khuôn viên. Tât cả các phòng rộng rãi tại đây đều được trang bị máy điều hòa, ghế sofa, tủ quần áo, két an toàn, TV màn hình phẳng, minibar và ấm đun nước điện. Phòng tắm riêng đi kèm vòi hoa sen hoặc bồn tắm, máy sấy tóc và đồ vệ sinh cá nhân miễn phí. Seashells Phu Quoc Hotel & Spa còn có trung tâm spa và quầy lễ tân 24 giờ. Các cơ sở vật chất thiết bị dịch vụ doanh nhân và tổ chức tiệc được bố trí có tính phí. Seashells Phu Quoc Hotel & Spa cách chùa Sùng Hưng 150 m và Dinh Cậu 400 m. Sân bay quốc tế Phú Quốc cách chỗ nghỉ 6 km.",6.7
2306,HANZ Bao Khoi 2 Hotel,Vũng Tàu,"HANZ Bao Khoi 2 Hotel cung cấp chỗ nghỉ 2 sao tại thành phố Vũng Tàu, cách Ngọn hải đăng Vũng Tàu 600 m và Tượng Chúa Kitô Vũng Tàu 1,2 km. Khách sạn 2 sao này có dịch vụ phòng và sảnh khách chung. Chỗ nghỉ có lễ tân 24 giờ, dịch vụ đưa đón sân bay, bếp chung và WiFi miễn phí. Một số phòng được trang bị bếp nhỏ với lò vi sóng, tủ lạnh và bếp nấu ăn. Trong số các điểm tham quan nổi tiếng gần khách sạn có Bãi Sau, Bãi Dứa và Bãi Trước. Sân bay gần nhất là sân bay quốc tế Tân Sơn Nhất, cách HANZ Bao Khoi 2 Hotel 71 km.",7.8
2308,DALAT STREAM HOTEL-Khách sạn đẹp Đà Lạt,Đà Lạt,"Tọa lạc tại thành phố Đà Lạt, cách Quảng trường Lâm Viên 2,1 km, DALAT STREAM HOTEL-Khách sạn đẹp Đà Lạt có dịch vụ nhận phòng/trả phòng cấp tốc, phòng nghỉ, khu vườn, WiFi miễn phí và tiện nghi BBQ. Chỗ nghỉ này có các phòng gia đình và sân chơi cho trẻ em. Nơi đây cung cấp bếp chung, dịch vụ phòng và dịch vụ thu đổi ngoại tệ cho khách. Tất cả phòng nghỉ tại DALAT STREAM HOTEL-Khách sạn đẹp Đà Lạt đều được bố trí khu vực ghế ngồi, TV truyền hình vệ tinh màn hình phẳng, bếp, khu vực ăn uống, ấm đun nước và phòng tắm riêng với dép, vòi xịt/chậu rửa vệ sinh cùng vòi sen. Một số phòng có ban công trong khi các phòng còn lại nhìn ra khu vườn. Các phòng được trang bị ga trải giường và khăn tắm. Chỗ nghỉ có sân hiên tắm nắng. Chỗ nghỉ cung cấp chỗ đỗ xe riêng miễn phí, dịch vụ văn phòng và dịch vụ lễ tân 24 giờ. DALAT STREAM HOTEL-Khách sạn đẹp Đà Lạt nằm cách Hồ Xuân Hương 2,2 km và Công viên Yersin 2,3 km. Sân bay gần nhất là sân bay Liên Khương, nằm trong bán kính 22 km từ khách sạn, và chỗ nghỉ cung cấp dịch vụ đưa đón sân bay với một khoản phụ phí.",8.4
2314,Salem House,Đà Lạt,"Tọa lạc tại thành phố Đà Lạt, cách Vườn hoa Đà Lạt 4 km và Quảng trường Lâm Viên 5 km, Salem House cung cấp chỗ ở với Wi-Fi miễn phí, máy điều hòa, quầy bar và sảnh khách chung. Chỗ nghỉ này cũng có bể sục. Tất cả phòng nghỉ tại đây đều được bố trí khu vực ghế ngồi với ghế sofa, khu vực ăn uống và bếp đầy đủ vật dụng với nhiều tiện nghi nấu nướng như máy rửa bát, lò vi sóng, tủ lạnh cùng lò nướng. Để thêm phần thuận tiện cho du khách, chỗ nghỉ có thể cung cấp khăn tắm và ga trải giường với một khoản phụ phí. Homestay này cũng cho thuê xe hơi. Hồ Xuân Hương và Công viên Yersin đều nằm trong bán kính 6 km từ Salem House. Sân bay gần nhất là sân bay Liên Khương, cách đó 25 km và chỗ nghỉ cung cấp dịch vụ đưa đón sân bay với một khoản phụ phí.",8.0
2317,Chi Homestay #4,Huế,"Nằm ở thành phố Huế, cách Hoàng Thành 1,3 km, Chi Homestay #4 cung cấp chỗ nghỉ với xe máy cho khách sử dụng miễn phí, chỗ đỗ xe riêng miễn phí, sảnh khách chung và vườn. Hostel này có các phòng gia đình và sân hiên tắm nắng. Chỗ nghỉ cũng có bếp chung, dịch vụ phòng và dịch vụ thu đổi ngoại tệ cho khách. Phòng nghỉ của hostel được trang bị máy điều hòa, tủ lạnh, bếp nấu, ấm đun nước, vòi sen, máy sấy tóc và bàn làm việc. Mỗi phòng còn có tủ để quần áo và phòng tắm riêng. Các điểm tham quan nổi tiếng gần Chi Homestay #4 bao gồm Tử Cấm Thành, Hồ Tịnh Tâm và Lầu Ngũ Phụng. Sân bay gần nhất là sân bay Phú Bài, cách đó 16 km, và chỗ nghỉ cung cấp dịch vụ đưa đón sân bay với một khoản phụ phí.",7.9
2319,Sapa Garden Hotel,Sa Pa,"Tọa lạc tại thị trấn Sapa, Sapa Garden Hotel có sân hiên và tầm nhìn ra quang cảnh núi. Các phòng nghỉ tại đây được trang bị TV màn hình phẳng, ấm đun nước và phòng tắm riêng với dép cùng đồ vệ sinh cá nhân miễn phí. Một số phòng có khu vực ghế ngồi cho khách thư giãn. Sapa Garden Hotel cung cấp WiFi miễn phí trong toàn khuôn viên. Chỗ nghỉ có bếp chung. Khách sạn có dịch vụ cho thuê xe máy/xe hơi. Đạp xe, đi bộ đường dài là những hoạt động phổ biến trong khu vực.",8.0
2323,Hang Nga Luxury Hotel,Vũng Tàu,"Tọa lạc tại thành phố Vũng Tàu, cách Bãi Sau 350 m, Hang Nga Luxury Hotel cung cấp chỗ nghỉ bên bờ biển với nhiều tiện nghi như sảnh khách chung và sân hiên. Trong số các tiện nghi của khách sạn này còn có lễ tân 24 giờ, bếp chung và WiFi miễn phí trong toàn bộ khuôn viên. Chỗ đỗ xe riêng có thể được bố trí cho khách với một khoản phụ phí. Phòng nghỉ tại đây được trang bị máy điều hòa, TV truyền hình vệ tinh màn hình phẳng, tủ lạnh, ấm đun nước, vòi xịt/chậu rửa vệ sinh, dép đi trong phòng và bàn làm việc. Các căn có phòng tắm riêng, máy sấy tóc và ga trải giường. Bãi Dứa nằm cách khách sạn 1,4 km trong khi Bãi Trước cách đó 1,6 km. Sân bay gần nhất là sân bay quốc tế Tân Sơn Nhất, nằm trong bán kính 109 km từ Hang Nga Luxury Hotel.",6.3
2324,Comodo Nha Trang Hotel,Nha Trang,"Comodo Nha Trang Hotel cung cấp các phòng nghỉ theo phong cách hiện đại tại thành phố Nha Trang, cách Trung tâm thuyền buồm Việt Nam và quán Sailing Club 4 phút đi bộ. Khách sạn có hồ bơi ngoài trời và 2 lựa chọn ăn uống trong khuôn viên, đều phục vụ đủ loại món ăn quốc tế. Các phòng nghỉ tại Comodo Nha Trang Hotel có bàn làm việc, TV màn hình phẳng và phòng tắm riêng với đồ vệ sinh cá nhân miễn phí. Máy điều hòa và tủ quần áo cũng được trang bị trong phòng. Khách sạn cách Quảng trường 2/4 và Tháp Trầm Hương 15 phút đi bộ. Sân bay quốc tế Cam Ranh cách đó 25 km.",7.5
2325,GIC Luxury Hotel and Spa,Đà Nẵng,"Tọa lạc tại thành phố Đà Nẵng, cách Bãi biển Thanh Bình 2,3 km, GIC Luxury Hotel and Spa có sảnh khách chung và tầm nhìn ra quang cảnh thành phố. Trong số các tiện nghi của chỗ nghỉ này có nhà hàng, lễ tân 24 giờ, dịch vụ phòng và WiFi miễn phí. Khách sạn cung cấp các phòng gia đình. Mỗi phòng nghỉ tại khách sạn đều được trang bị máy điều hòa, khu vực ghế ngồi, TV truyền hình vệ tinh màn hình phẳng, két an toàn và phòng tắm riêng đi kèm vòi xịt/chậu rửa vệ sinh, áo choàng tắm cùng dép đi trong phòng. Tất cả phòng nghỉ đều cung cấp bàn làm việc và ấm đun nước. GIC Luxury Hotel and Spa phục vụ bữa sáng kiểu Mỹ hàng ngày. Các điểm tham quan nổi tiếng gần chỗ nghỉ bao gồm Trung tâm thương mại Indochina Riverside, Cầu Sông Hàn và Bảo tàng Chăm. Sân bay gần nhất là sân bay quốc tế Đà Nẵng, cách GIC Luxury Hotel and Spa 4 km.",8.0
2332,Tropical Home Villa,Hội An,"Nằm cách Hội quán Triều Châu chưa đầy 1 km, Tropical Home Villa có chỗ nghỉ, nhà hàng, xe đạp cho khách sử dụng miễn phí, hồ bơi ngoài trời và quầy bar. Biệt thự cung cấp miễn phí cả WiFi lẫn chỗ đỗ xe riêng. Tất cả các căn tại đây đều có khu vực ghế ngồi, TV truyền hình vệ tinh màn hình phẳng và phòng tắm riêng đi kèm áo choàng tắm, vòi xịt/chậu rửa vệ sinh cùng vòi sen. Các căn còn được trang bị minibar và ấm đun nước. Tropical Home Villa có sân hiên. Khách lưu trú tại chỗ nghỉ có thể đi xe đạp ở khu vực gần đó hoặc thư giãn trong vườn. Các điểm tham quan nổi tiếng gần Tropical Home Villa bao gồm Bảo tàng Lịch sử Hội An, Hội quán Hải Nam và Miếu Quan Công. Sân bay gần nhất là sân bay quốc tế Đà Nẵng, nằm trong bán kính 29 km từ biệt thự, và chỗ nghỉ cung cấp dịch vụ đưa đón sân bay với một khoản phụ phí.",7.5
2335,Mimosa Hotel Sapa,Sa Pa,"Nằm ở thị xã Sa Pa, cách Ga cáp treo Fansipan Legend 5,3 km và Hồ Sa Pa 1 km, Mimosa Hotel Sapa cung cấp chỗ nghỉ với sân hiên cũng như chỗ đỗ xe riêng miễn phí cho khách lái xe. Trong số các tiện nghi của chỗ nghỉ này có nhà hàng, lễ tân 24 giờ, dịch vụ phòng và WiFi miễn phí. Nơi đây cung cấp dịch vụ tiền sảnh, bàn đặt tour và dịch vụ thu đổi ngoại tệ cho khách. Khách sạn phục vụ bữa sáng à la carte hoặc bữa sáng kiểu Mỹ. Các điểm tham quan nổi tiếng gần chỗ nghỉ bao gồm Nhà thờ đá Sa Pa, Bến xe Sa Pa và Vườn hoa Hàm Rồng - Núi Hàm Rồng. Sân bay gần nhất là sân bay Điện Biên Phủ, cách đó 268 km, và chỗ nghỉ cung cấp dịch vụ đưa đón sân bay với một khoản phụ phí.",7.2
2336,Light Sky Homestay,Hội An,"Nằm ở Hội An, cách 600 m từ Bảo tàng Lịch sử và chưa đến 1 km từ Chùa Cầu Nhật Bản, Light Sky Homestay cung cấp chỗ nghỉ với WiFi miễn phí, máy điều hòa, sảnh khách chung cùng khu vườn. Mỗi phòng đều có ban công, bếp nhỏ đầy đủ tiện nghi với tủ lạnh, lò sưởi, khu vực ghế ngồi với ghế sofa, TV màn hình phẳng và phòng tắm riêng đi kèm vòi sen cũng như máy sấy tóc. Bếp nấu và ấm đun nước cũng được bố trí tại chỗ nghỉ. Chỗ nghỉ nhà dân này cung cấp bữa sáng tự chọn. Light Sky Homestay cũng có tiện nghi BBQ. Du khách có thể thuê xe đạp tại chỗ nghỉ. Trong số các điểm tham quan nổi tiếng gần Light Sky Homestay có Hội quán Quảng Đông, Hội quán Triều Châu và Bảo tàng Gốm sứ Mậu dịch. Sân bay gần nhất là sân bay quốc tế Đà Nẵng, cách đó 27 km, và chỗ nghỉ nhà dân này cung cấp dịch vụ đưa/đón sân bay với một khoản phụ phí.",8.4
2338,Sapa Elite Hotel,Sa Pa,"Được bao quanh bởi vùng cây xanh tốt, Sapa Elite Hotel cách Nhà thờ Sapa và Núi Hàm Rồng 70 m. Với lễ tân 24 giờ, khách sạn cung cấp bãi đỗ xe miễn phí và truy cập Wi-Fi miễn phí trong toàn bộ khuôn viên. Chợ Sa Pa và Hồ Sa Pa cách khách sạn lần lượt 100 m và 200 m. Từ nơi nghỉ, quý khách có thể tìm thấy lối vào Núi Phan-xi-păng cách đó 8 km và Ga Tàu Lào Cai cách đó 30 km. Với ban công nhìn ra vườn, các phòng tiện nghi được trang bị sàn lát gỗ, tiện nghi sưởi, truyền hình cáp màn hình phẳng cùng khu vực tiếp khách. Minibar và ấm đun nước điện cũng được cung cấp. Phòng tắm riêng đi kèm với tiện nghi vòi sen, máy sấy tóc và đồ vệ sinh cá nhân miễn phí. Sapa Elite Hotel có bàn đặt tour hỗ trợ khách sắp xếp việc đi lại cũng như tham quan. Dịch vụ cho thuê xe đạp cũng như xe hơi được cung cấp cho những khách muốn đi tham quan khu vực. Dịch vụ giặt là, để hành lý và xe đưa đón có thể được sắp xếp theo yêu cầu. Nơi đây còn có 1 nhà hàng ngay trong khuôn viên phục vụ các món ăn Việt Nam và phương Tây ngon miệng.",6.5
2341,Seasing Boutique Hotel,Nha Trang,"Nằm trong bán kính 1 km từ Hòn Chồng ở tỉnh Khánh Hòa, Seasing Hotel có hiên tắm nắng, sân hiên và hồ bơi ngoài trời mở cửa quanh năm. Khách sạn còn có trung tâm spa và khu vực bãi biển riêng, đồng thời du khách có thể thưởng thức bữa ăn tại nhà hàng. Mỗi phòng tại khách sạn đều được trang bị máy lạnh và TV màn hình phẳng. Một số phòng còn có khu vực tiếp khách để thư giãn sau một ngày bận rộn. Một số phòng nhìn ra quang cảnh biển hoặc thành phố. Mỗi phòng đều có phòng tắm riêng đi kèm vòi sen. Áo choàng tắm và dép đi trong phòng cũng được cung cấp để tạo thuận tiện cho du khách. Du khách sẽ tìm thấy quầy lễ tân phục vụ 24 giờ tại khách sạn. Tháp Chàm Po Nagar cách Seasing Hotel 1,8 km trong khi du khách đi 2,9 km là tới Trung tâm Suối khoáng Nóng Tháp Bà. Sân bay Quốc tế Cam Ranh cách đó 31 km.",7.0
2352,Golden Topaz Phu Quoc Resort,Phú Quốc,"Nằm trên đảo Phú Quốc, cách Bãi biển Ông Lang 350 m, Golden Topaz Phu Quoc Resort cung cấp chỗ nghỉ với nhà hàng, chỗ đỗ xe riêng miễn phí, hồ bơi ngoài trời và quầy bar. Mỗi phòng nghỉ tại resort 3 sao này đều có tầm nhìn ra hồ bơi và du khách có thể thư giãn tại sảnh khách chung cũng như khu vườn. Chỗ nghỉ cũng cung cấp dịch vụ lễ tân 24 giờ, dịch vụ phòng và dịch vụ thu đổi ngoại tệ cho khách. Phòng nghỉ tại resort được trang bị máy điều hòa, truyền hình vệ tinh màn hình phẳng, ấm đun nước, vòi sen, máy sấy tóc và bàn làm việc. Mỗi phòng còn có tủ để quần áo và phòng tắm riêng. Golden Topaz Phu Quoc Resort phục vụ bữa sáng kiểu lục địa và tự chọn hàng ngày. Chỗ nghỉ có sân hiên. Golden Topaz Phu Quoc Resort nằm cách Chùa Sùng Hưng 8 km và Sòng bạc Corona 14 km.",8.2
2353,The Poppy Villa & Hotel,Hà Nội,"Khách sạn 3 sao này còn có dịch vụ concierge và bàn đặt tour. Chỗ nghỉ cung cấp dịch vụ lễ tân 24 giờ, dịch vụ phòng và dịch vụ thu đổi ngoại tệ cho khách. Tất cả phòng nghỉ tại khách sạn đều có máy điều hòa, bàn làm việc, TV màn hình phẳng, phòng tắm riêng, ga trải giường, khăn tắm và ban công nhìn ra quang cảnh thành phố. Các phòng được trang bị tủ để quần áo và ấm đun nước. The Poppy Villa & Hotel phục vụ bữa sáng à la carte hoặc kiểu Mỹ. Khách sạn nằm cách Nhà Hát Lớn Hà Nội 2,6 km và Nhà hát múa rối nước Thăng Long 2,8 km. Sân bay gần nhất là sân bay quốc tế Nội Bài, nằm trong bán kính 28 km từ The Poppy Villa & Hotel, và chỗ nghỉ cung cấp dịch vụ đưa đón sân bay với một khoản phụ phí.",6.3
2358,Nipola Hotel,Phú Quốc,"Khách có thể sử dụng WiFi miễn phí trong toàn bộ chỗ nghỉ và đỗ xe miễn phí tại địa điểm gần đó. Các phòng rộng rãi được trang bị TV màn hình phẳng với các kênh truyền hình cáp và tủ lạnh mini. Một số phòng có cửa sổ nhìn ra cảnh biển/sông. Phòng tắm riêng đi kèm tiện nghi vòi sen, dép cùng đồ vệ sinh cá nhân miễn phí. Nhân viên tại quầy lễ tân 24 giờ/ngày có thể giúp khách giữ hành lý và đặt vé. Chỗ nghỉ còn có bàn đặt tour. Nipola Hotel cách chùa Sùng Hưng 300 m và cách Dinh Cậu 700 m. Công viên giải trí Vinpearl Land Phú Quốc và vườn thú Vinpearl Night Safari đều nằm trong bán kính 18 km từ chỗ nghỉ. Sân bay gần nhất là sân bay quốc tế Phú Quốc, cách đó 6 km.",5.2
2361,Le Basile - SeaView Apartment,Nha Trang,"Tọa lạc tại thành phố Nha Trang, chỉ cách Bãi biển Hòn Chồng 50 m, Le Basile - SeaView Apartment cung cấp chỗ nghỉ bên bờ biển với nhà hàng, quầy bar, sảnh khách chung và WiFi miễn phí. Chỗ nghỉ này có sân trong, hồ bơi và tầm nhìn ra dòng sông. Căn hộ gắn máy điều hòa này được bố trí 2 phòng ngủ, phòng khách, khu vực bếp ăn đầy đủ tiện nghi với lò vi sóng và ấm đun nước cũng như 2 phòng tắm đi kèm vòi xịt/chậu rửa vệ sinh cùng dép đi trong phòng. Căn hộ cung cấp khăn tắm và ga trải giường cho khách. Nhân viên nói tiếng Anh và tiếng Việt tại lễ tân luôn sẵn lòng hỗ trợ du khách. Căn hộ có sân chơi cho trẻ em. Le Basile - SeaView Apartment cung cấp cả dịch vụ cho thuê xe đạp lẫn xe hơi trong khi du khách có thể đi xe đạp ở khu vực gần đó. Chỗ nghỉ nằm gần các địa danh nổi tiếng như Bãi biển Nha Trang, Hòn Chồng và Tháp Bà Po Nagar. Sân bay gần nhất là sân bay quốc tế Cam Ranh, nằm trong bán kính 30 km từ Le Basile - SeaView Apartment, và chỗ nghỉ cung cấp dịch vụ đưa đón sân bay với một khoản phụ phí.",8.2
2365,Motel Liên Anh,Vũng Tàu,"Tất cả các căn tại đây đều được trang bị máy điều hòa và TV màn hình phẳng. Khách sạn căn hộ này có sân hiên. Các điểm tham quan nổi tiếng gần Motel Liên Anh bao gồm Bãi Trước, Mũi Nghinh Phong và Tượng Chúa Ki-tô Vua. Sân bay gần nhất là sân bay quốc tế Tân Sơn Nhất, cách chỗ nghỉ 109 km.",4.0
2367,Phu Quoc Kim 2 Beach Front Resort,Phú Quốc,"Khách sạn này có các phòng gia đình và hồ bơi ngoài trời. Chỗ nghỉ cũng có dịch vụ concierge, bàn đặt tour và dịch vụ thu đổi ngoại tệ cho khách. Khách nghỉ tại resort có thể thưởng thức bữa sáng à la carte. Phu Quoc Kim 2 Beach Front Resort có sân chơi cho trẻ em. Công viên giải trí Vinpearl Land Phú Quốc nằm trong bán kính 6 km từ chỗ nghỉ trong khi Sòng bạc Corona cách đó 7 km.",7.5
2368,Thanh Binh 2 Hotel,Hội An,"Khách sạn nằm ở trung tâm thành phố Hội An, cách Khu Phố Cổ 5 phút đi bộ. Các phòng nghỉ lắp máy điều hòa tại Hotel Thanh Binh có đồ nội thất bằng gỗ cứng và nhiều ánh sáng tự nhiên. Mỗi phòng đều được trang bị đầy đủ tiện nghi với TV truyền hình cáp và máy sấy tóc. Tiện nghi ủi tự phục vụ được cung cấp miễn phí. Nhà hàng trong khuôn viên phục vụ tuyển chọn các món ăn Việt Nam và quốc tế. Quầy lễ tân có thể hỗ trợ khách với dịch vụ du lịch và đưa đón trong khi dịch vụ giặt là và chỗ đỗ xe miễn phí cũng được cung cấp. Hotel Thanh Bình II cách Bảo tàng chứng tích chiến tranh 5 phút đi bộ và sân bay Đà Nẵng 40 phút lái xe.",6.0
2375,A&EM Saigon Hotel,TP. Hồ Chí Minh,"A&EM Saigon Hotel nằm ở thành phố Hồ Chí Minh, cách Chợ Bến Thành và Dinh Độc Lập một quãng ngắn. Khách sạn cung cấp Wi-Fi miễn phí trong tất cả các khu vực và có nhà hàng ngay tại khuôn viên. Các phòng lắp máy điều hòa tại khách sạn này được trang bị truyền hình cáp/vệ tinh màn hình phẳng, tủ lạnh mini và bàn làm việc. Các phòng tắm riêng đi kèm áo choàng tắm và máy sấy tóc. Du khách có thể thưởng thức đồ uống chào đón miễn phí khi nhận phòng. Khách sạn cung cấp dịch vụ phòng và báo hàng ngày. Du khách có thể thuê xe hơi để khám phá thành phố. Nhà hàng phục vụ nhiều món đặc sản Việt Nam. A&EM Saigon Hotel cách sân bay quốc tế Tân Sơn Nhất 20 phút lái xe.",5.8
2378,Strawberry Garden Homestay,Hội An,"Nơi đây cũng cung cấp truy cập Wi-Fi miễn phí. Chỗ ở này chỉ cách các quán ăn địa phương vài bước chân đồng thời nằm trong bán kính 3 km từ Bãi biển Công cộng Cửa Đại và Chợ Hội An. Sân bay Quốc tế Đà Nẵng cách nơi đây 35 km. Được làm mát bằng máy lạnh, các phòng nghỉ rộng rãi tại đây có truyền hình cáp màn hình phẳng và minibar. Phòng tắm riêng đi kèm tiện nghi vòi sen, đồ vệ sinh cá nhân và máy sấy tóc. Du khách có thể được hỗ trợ với dịch vụ đưa đón sân bay và giặt/ủi. Nơi đây cũng cung cấp chỗ đỗ xe miễn phí.",6.0
2379,296 Cetete - Home in Dalat,Đà Lạt,"Nằm ở thành phố Đà Lạt thuộc tỉnh Lâm Đồng, gần Biệt thự Hằng Nga (Ngôi nhà điên) và Dinh Bảo Đại, 296 Cetete - Home in Dalat cung cấp chỗ nghỉ với WiFi miễn phí cùng chỗ đỗ xe riêng miễn phí. Mỗi căn tại đây đều được bố trí phòng tắm riêng với vòi xịt/chậu rửa vệ sinh, dép đi trong phòng, máy sấy tóc và đồ vệ sinh cá nhân miễn phí. Homestay này nằm cách Quảng trường Lâm Viên 2,3 km và Hồ Xuân Hương 2,4 km. Sân bay gần nhất là sân bay Liên Khương, nằm trong bán kính 22 km từ 296 Cetete - Home in Dalat.",7.0
2382,Uptown Hoi An Hotel & Spa,Hội An,"Trong số các tiện nghi của chỗ nghỉ này có nhà hàng, lễ tân 24 giờ, dịch vụ phòng và WiFi miễn phí. Nơi đây có máy ATM, dịch vụ tiền sảnh và dịch vụ thu đổi ngoại tệ cho khách. Phòng nghỉ gắn máy điều hòa tại Uptown Hoi An Hotel & Spa có bàn làm việc, ấm đun nước, tủ lạnh, minibar, két an toàn, TV màn hình phẳng, ban công và phòng tắm riêng với vòi xịt/chậu rửa vệ sinh. Mỗi phòng đều được trang bị ga trải giường và khăn tắm. Khách lưu trú tại chỗ nghỉ có thể thưởng thức bữa sáng à la carte. Uptown Hoi An Hotel & Spa có sân hiên. Khu vực này nổi tiếng với hoạt động đi xe đạp và du khách có thể thuê xe hơi tại khách sạn. Uptown Hoi An Hotel & Spa nằm trong bán kính 1,1 km từ Chùa Cầu Nhật Bản và 1,3 km từ Hội quán Triều Châu. Sân bay gần nhất là sân bay quốc tế Đà Nẵng, cách đó 27 km, và chỗ nghỉ cung cấp dịch vụ đưa đón sân bay với một khoản phụ phí.",7.7
2385,Homes by Christine - Vinhomes Central Park,TP. Hồ Chí Minh,"Nằm cách Bảo tàng Lịch sử Việt Nam 3,3 km, Homes by Christine - Vinhomes Central Park có chỗ nghỉ, nhà hàng, trung tâm thể dục, quầy bar và tiện nghi thể thao dưới nước. Chỗ nghỉ này cung cấp WiFi miễn phí. Căn hộ có sân chơi cho trẻ em. Trong khuôn viên Homes by Christine - Vinhomes Central Park có công viên nước và du khách có thể đi bộ đường dài cũng như chơi golf ở khu vực gần đó. Trung tâm thương mại Diamond Plaza nằm cách chỗ nghỉ 4,3 km trong khi Bưu điện Trung tâm Sài Gòn cách đó 4,4 km. Sân bay gần nhất là sân bay quốc tế Tân Sơn Nhất, nằm trong bán kính 15 km từ Homes by Christine - Vinhomes Central Park, và chỗ nghỉ cung cấp dịch vụ đưa đón sân bay với một khoản phụ phí.",6.5
2387,Riverside Hamlet Homestay & Villa,Hội An,"Với hồ bơi ngoài trời và hồ bơi dành cho trẻ em, Riverside Hamlet Homestay & Villa tọa lạc ở thành phố Hội An thuộc tỉnh Quảng Nam và cách Phố cổ Hội An 2 km. Chỗ nghỉ có khu vực bãi biển riêng cùng nhà hàng trong khuôn viên. Quý khách được miễn phí sử dụng xe đạp và WiFi tại đây. Mỗi phòng nghỉ đều được trang bị máy điều hòa và TV truyền hình cáp màn hình phẳng. Một số phòng còn có khu vực ghế ngồi để thư giãn và/hoặc sân hiên hoặc ban công. Các phòng cũng có phòng tắm riêng với dép, đồ vệ sinh cá nhân miễn phí và máy sấy tóc. Lễ tân chỗ nghỉ phục vụ 24 giờ/ngày. Quý khách có thể tham gia rất nhiều hoạt động ở khu vực xung quanh, bao gồm cả đi xe đạp và câu cá. Riverside Hamlet Homestay & Villa cách Hội quán Hải Nam 2,4 km và Hội quán Phúc Kiến 2,5 km. Sân bay quốc tế Đà Nẵng cách đó 26 km. Nhà hàng và quầy bar của chỗ nghỉ phục vụ ẩm thực và các loại đồ uống địa phương.",7.5
2391,CozyNook Boutique Apartments - 3 thang 2 Street,Đà Lạt,"Chỗ nghỉ này cung cấp WiFi miễn phí. Tất cả các căn tại đây có khu vực ghế ngồi với ghế sofa và bếp đầy đủ tiện nghi đi kèm nhiều dụng cụ nấu ăn như lò vi sóng, tủ lạnh cùng bếp nấu ăn. Mỗi căn đều được bố trí phòng tắm riêng với vòi xịt/chậu rửa vệ sinh, dép đi trong phòng, máy sấy tóc và đồ vệ sinh cá nhân miễn phí. Căn hộ cung cấp dịch vụ cho thuê cả xe đạp lẫn xe hơi. Các điểm tham quan nổi tiếng gần CozyNook Boutique Apartments - 3 thang 2 Street bao gồm Hồ Xuân Hương, Công viên Yersin Đà Lạt và biệt thự Hằng Nga (Ngôi nhà điên). Sân bay gần nhất là sân bay Liên Khương, cách đó 29 km, và chỗ nghỉ cung cấp dịch vụ đưa đón sân bay với một khoản phụ phí.",8.0
2392,Minh Nhan Hotel,Vũng Tàu,"Nằm ở thành phố Vũng Tàu, cách Bãi Sau 300 m, Minh Nhan Hotel cung cấp chỗ nghỉ với nhà hàng, chỗ đỗ xe riêng miễn phí, sảnh khách chung và khu vườn. Trong số các tiện nghi của chỗ nghỉ này có dịch vụ phòng, máy ATM và WiFi miễn phí trong toàn bộ khuôn viên. Nơi đây cung cấp dịch vụ lễ tân 24 giờ, bếp chung và dịch vụ thu đổi ngoại tệ cho khách. Các căn tại đây được trang bị máy điều hòa, TV truyền hình cáp màn hình phẳng, tủ lạnh, ấm đun nước, vòi sen, dép đi trong phòng và tủ để quần áo. Mỗi phòng đều có phòng tắm riêng, máy sấy tóc và ga trải giường. Khách nghỉ tại khách sạn có thể thưởng thức bữa sáng buffet hoặc bữa sáng à la carte. Đi xe đạp là hoạt động được ưa chuộng trong khu vực và du khách cũng có thể thuê xe đạp tại Minh Nhan Hotel. Các điểm tham quan nổi tiếng gần chỗ nghỉ bao gồm Bãi Dứa, Mũi Nghinh Phong và Tượng Chúa Kitô Vua. Sân bay gần nhất là sân bay Vũng Tàu, cách Minh Nhân Hotel 6 km.",6.5
2393,Starlet Hotel,Nha Trang,"Starlet Hotel tọa lạc tại một vị trí thuận tiện cách Bãi biển Nha Trang chỉ 5 phút đi bộ. Du khách tản bộ trong vòng 2 phút là đến chợ đêm, các nhà hàng và quán bar. Khách sạn có hồ bơi ngoài trời cho khách lưu trú sử dụng. Hotel Starlet cung cấp các phòng nghỉ rộng rãi với Wi-Fi miễn phí, TV màn hình LCD với các kênh truyền hình cáp và nước đóng chai. Tất cả các phòng đều có ánh sáng tự nhiên, không khí trong lành và tầm nhìn ra quang cảnh thành phố hoặc biển. Các phòng đầy phong cách của khách sạn này trang nhã, có sàn lát gỗ và được trang bị đầy đủ tiện nghi. Các bữa ăn được phục vụ tại nhà hàng của khách sạn. Lựa chọn dịch vụ ăn uống tại phòng cũng được cung cấp ở đây. Để tạo thuận tiện cho du khách, khách sạn Starlet có quầy lễ tân hoạt động 24 giờ, các dịch vụ hỗ trợ doanh nhân và bàn đặt tour.",7.5
2396,Panorama Apartment,Đà Lạt,"Chỗ nghỉ này cung cấp chỗ đỗ xe riêng ngay trong khuôn viên. Căn hộ gắn máy điều hòa này có 1 phòng ngủ cũng như 1 phòng tắm với vòi sen và dép đi trong phòng. Khăn tắm và ga trải giường được cung cấp cho khách. Căn hộ có sân hiên. Các điểm tham quan nổi tiếng gần Panorama Apartment bao gồm Hồ Xuân Hương, Quảng trường Lâm Viên và Vườn hoa Đà Lạt. Sân bay gần nhất là sân bay Liên Khương, cách chỗ nghỉ 23 km.",8.0
2398,Ocean Bay Phu Quoc Resort and Spa,Phú Quốc,"Nằm trên đảo Phú Quốc, Ocean Bay Phu Quoc Resort and Spa có nhà hàng, hồ bơi ngoài trời, quán bar và khu vườn. Chỗ nghỉ này có các phòng gia đình và sân hiên. Chỗ nghỉ cung cấp dịch vụ lễ tân 24 giờ, dịch vụ phòng và dịch vụ thu đổi ngoại tệ cho khách. Phòng nghỉ tại Ocean Bay Phu Quoc Resort and Spa có máy điều hòa, khu vực ghế ngồi, TV truyền hình cáp màn hình phẳng, két an toàn, ban công cũng như phòng tắm riêng đi kèm vòi sen, áo choàng tắm và dép. Một số phòng nhìn ra khu vườn. Các phòng được trang bị bàn làm việc và ấm đun nước. Chỗ nghỉ phục vụ bữa sáng kiểu lục địa hoặc bữa sáng buffet. Ocean Bay Phu Quoc Resort and Spa nằm cách Bãi biển Ông Lang vài bước chân và Chùa Sùng Hưng 8,4 km. Sân bay gần nhất là sân bay quốc tế Phú Quốc, nằm trong bán kính 14 km từ resort, và chỗ nghỉ cung cấp dịch vụ đưa đón sân bay miễn phí.",6.7
2400,Flame Flowers Homestay,Hội An,"Flame Flowers Homestay nằm ở Phố cổ Hội An và cung cấp chỗ nghỉ rộng rãi với máy điều hòa. Du khách có thể sử dụng Wi-Fi miễn phí trong toàn bộ khuôn viên. Tất cả các phòng nghỉ được bài trí trang nhã tại đây có sàn lát gạch, TV cũng như phòng tắm riêng với vòi sen, bồn rửa và đồ vệ sinh cá nhân miễn phí. Flame Flowers Homestay có bàn đặt tour và lễ tân 24 giờ, nơi nhân viên có thể hỗ trợ du khách với các dịch vụ thu đổi ngoại tệ, đặt vé và đưa đón sân bay. Khu vườn và tiện nghi ủi cũng nằm trong số các tiện ích của chỗ nghỉ. Chỗ nghỉ nhà dân giá cả phải chăng này nằm trong bán kính 500 m từ Bảo tàng lịch sử Hội An và 2,8 km từ Bãi biển An Bàng. Sân bay quốc tế Đà Nẵng cách đó 23 km.",7.8
2401,COCOHOME - MELODY APARTMENT Vũng Tàu,Vũng Tàu,"Nằm cách Bãi Sau 550 m, COCOHOME - MELODY APARTMENT Vũng Tàu có vườn, tiện nghi BBQ cũng như chỗ nghỉ gắn máy điều hòa với ban công và WiFi miễn phí. Mỗi căn tại đây đều có sân trong, khu vực bếp ăn đầy đủ tiện nghi với lò vi sóng, lò sưởi, khu vực ghế ngồi, TV màn hình phẳng, máy giặt và phòng tắm riêng đi kèm vòi xịt/chậu rửa vệ sinh cùng dép đi trong phòng. Các căn còn được trang bị tủ lạnh, lò nướng, bếp nấu ăn và ấm đun nước. Căn hộ có sân chơi cho trẻ em. COCOHOME - MELODY APARTMENT Vũng Tàu cung cấp cả dịch vụ cho thuê xe đạp lẫn xe hơi trong khi du khách có thể câu cá ở khu vực gần đó. Các điểm tham quan nổi tiếng gần chỗ nghỉ bao gồm Bãi Dứa, Bãi Trước và Ngọn hải đăng Vũng Tàu. Sân bay gần nhất là sân bay quốc tế Tân Sơn Nhất, nằm trong bán kính 72 km từ COCOHOME - MELODY APARTMENT Vũng Tàu, và chỗ nghỉ cung cấp dịch vụ đưa đón sân bay với một khoản phụ phí.",7.4
2403,Melia Vinpearl Hue,Huế,"Trong số các tiện nghi của chỗ nghỉ này có nhà hàng, lễ tân 24 giờ, dịch vụ phòng và WiFi miễn phí trong toàn bộ khuôn viên. Nơi đây cung cấp dịch vụ tiền sảnh và dịch vụ thu đổi ngoại tệ cho khách. Tất cả phòng nghỉ tại đây đều được trang bị máy điều hòa, két an toàn và TV màn hình phẳng. Khách sạn phục vụ bữa sáng kiểu lục địa hằng ngày. Các điểm tham quan nổi tiếng gần Melia Vinpearl Hue bao gồm Chợ Đông Ba, Bảo tàng Cổ vật Cung đình Huế và Cung An Định. Sân bay gần nhất là sân bay quốc tế Nội Bài, cách đó 15 km, và chỗ nghỉ cung cấp dịch vụ đưa đón sân bay với một khoản phụ phí.",8.8
2415,Dendro Gold Hotel,Nha Trang,"Nằm cách bãi biển công cộng xinh đẹp 4 phút đi bộ, Dendro Gold Hotel có hồ bơi trong nhà và spa. Nhà hàng và quán bar tại đây có trò chơi bida cũng như ném phi tiêu. Du khách có thể truy cập WiFi miễn phí tại đây. Phòng nghỉ hiện đại ở khách sạn cao tầng này được trang bị TV màn hình phẳng, tủ lạnh mini và ấm đun nước điện. Phòng tắm riêng đi kèm đồ vệ sinh cá nhân miễn phí, dép đi trong phòng và áo choàng tắm. Du khách có thể thưởng ngoạn quang cảnh thành phố. Du khách cũng có thể rèn luyện sức khỏe tại trung tâm thể dục và thư giãn trong phòng xông hơi khô. Lễ tân làm việc 24 giờ/ngày và cung cấp thông tin du lịch, các dịch vụ thu đổi ngoại tệ và giữ hành lý. Du khách có thể thuê xe đạp và xe hơi để khám phá khu vực. Bến phà Nha Trang nằm trong bán kính chỉ 4 km từ Dendro Gold Hotel.",6.9
2418,Thien Phuong Guesthouse,Sa Pa,"Chỗ nghỉ cũng có lễ tân 24 giờ và nhà hàng. Nơi đây cung cấp WiFi miễn phí và có thể thu xếp chỗ đỗ xe riêng cho khách với một khoản phụ phí. Tất cả phòng nghỉ tại đây đều được trang bị máy điều hòa, TV truyền hình cáp màn hình phẳng, ấm đun nước, vòi xịt/chậu rửa vệ sinh, dép và bàn làm việc. Các phòng có phòng tắm riêng, máy sấy tóc và ga trải giường. Khách lưu trú tại nhà khách này có thể thưởng thức bữa sáng à la carte. Các điểm tham quan nổi tiếng gần Thien Phuong Guesthouse gồm có trung tâm thương mại Sun Plaza, Hồ Sa Pa và Quảng trường Trung tâm Sa Pa.",7.3
2422,Lagoon homestay,Hội An,"Lagoon homestay nằm tại thành phố Hội An, cách Chùa Cầu Nhật Bản chưa đầy 1 km và Hội quán Quảng Đông 11 phút tản bộ. Chỗ nghỉ có máy điều hòa, tầm nhìn ra cảnh thành phố và WiFi miễn phí. Chỗ nghỉ nhà dân này cung cấp cho khách TV màn hình phẳng cũng như phòng tắm riêng với đồ vệ sinh cá nhân miễn phí, máy sấy tóc và chậu rửa vệ sinh (bidet). Lagoon homestay phục vụ bữa sáng kiểu à la carte hàng ngày. Du khách có thể thuê xe đạp tại chỗ nghỉ. Các điểm tham quan nổi tiếng gần Lagoon homestay bao gồm Bảo tàng lịch sử Hội An, Hội quán Triều Châu và Đình Cẩm Phô. Sân bay gần nhất là sân bay quốc tế Đà Nẵng, cách homestay 23 km, và chỗ nghỉ cung cấp dịch vụ đưa đón sân bay với một khoản phụ phí.",8.1
2428,Hoi An Luna Villa,Hội An,"Nằm ở thành phố Hội An, Hoi An Luna Villa có chỗ nghỉ, nhà hàng, hồ bơi ngoài trời, sảnh khách chung, khu vườn, sân hiên và tầm nhìn ra hồ nước. Chỗ nghỉ cung cấp WiFi miễn phí trong toàn bộ khuôn viên. Tất cả phòng nghỉ tại đây đều có khu vực ghế ngồi, truyền hình vệ tinh màn hình phẳng và phòng tắm riêng với máy sấy tóc, chậu rửa vệ sinh (bidet), bồn tắm cùng vòi sen. Tủ lạnh và ấm đun nước cũng được trang bị cho khách sử dụng. Du khách có thể đi xe đạp cũng như câu cá để khám phá khu vực xung quanh và chỗ nghỉ có thể sắp xếp dịch vụ cho thuê xe hơi. Hoi An Luna Villa nằm cách Bãi biển Cửa Đại 2,2 km và Hội quán Triều Châu 5 km. Sân bay gần nhất là sân bay quốc tế Đà Nẵng, cách đó 26 km, và chỗ nghỉ cung cấp dịch vụ đưa đón sân bay với một khoản phụ phí.",8.3
2429,Sapa Dao Homestay,Sa Pa,"Nằm cách trạm cáp treo Fansipan 3,8 km, Sapa Dao Homestay cung cấp chỗ nghỉ, nhà hàng, quán bar, sảnh khách chung và khu vườn. Homestay này cung cấp miễn phí cả WiFi lẫn chỗ đỗ xe riêng. Sapa Dao Homestay phục vụ bữa sáng à la carte hàng ngày. Chỗ nghỉ có sân chơi cho trẻ em. Chapi Homestay cũng có CLB trẻ em và sòng bạc. Du khách có thể thư giãn trên sân hiên tắm nắng. Homestay này nằm cách Núi Phan Xi Păng 8 km và trung tâm mua sắm Sun Plaza 6 km.",8.0
2436,Sheraton Hanoi Hotel,Hà Nội,"Nơi đây cung cấp chỗ nghỉ hiện đại với hồ bơi ngoài trời, trung tâm thể dục và chỗ đỗ xe miễn phí trong khuôn viên. Phòng nghỉ rộng rãi tại đây được trang bị phòng tắm và buồng tắm vòi sen riêng biệt, két an toàn cá nhân, Internet WiFi, TV truyền hình cáp màn hình phẳng cũng như trà/cà phê miễn phí. Khách sạn có trung tâm thể dục 24 giờ với thiết bị tập thể dục, các phòng xông hơi khô, bể jacuzzi và spa. Oven D’or - Nhà hàng phục vụ ăn uống cả ngày - cung cấp tiệc tự chọn quốc tế. Hemispheres - Nhà hàng ăn ngon - phục vụ bít tết và hải sản. Lobby Lounge cung cấp các bữa ăn nhẹ, cà phê, trà chiều và đồ uống suốt cả ngày. Quán Bar Déjà Vu mang đến cho du khách một không gian sôi động để thưởng thức đồ uống có cồn và đồ ăn nhẹ vào buổi tối. Sheraton Hanoi Hotel nằm gần Hồ Tây mang tính biểu tượng, cách Chùa Trấn Quốc 20 phút đi bộ và Lăng Chủ tịch Hồ Chí Minh cũng như Chùa Một Cột 5 phút lái xe. Chỗ nghỉ này nằm trong bán kính 15 phút lái xe từ Nhà hát múa rối nước nổi tiếng, Chợ Đồng Xuân và Văn Miếu - Quốc Tử Giám. Nếu không bị kẹt xe, du khách chỉ mất 25 phút lái xe để đi từ khách sạn đến sân bay quốc tế Nội Bài.",6.9
2445,Old Town Resort Phu Quoc,Phú Quốc,"Tọa lạc tại đảo Phú Quốc, cách Bãi Dài 250 m, Old Town Resort Phu Quoc có hồ bơi ngoài trời, khu vườn và tầm nhìn ra khu vườn. Trong số các tiện nghi của chỗ nghỉ này có nhà hàng, lễ tân 24 giờ, dịch vụ phòng và WiFi miễn phí. Resort cung cấp các phòng gia đình. Phòng nghỉ tại Old Town Resort Phu Quoc được trang bị ấm đun nước, máy điều hòa, két an toàn và phòng tắm riêng với vòi xịt/chậu rửa vệ sinh cùng áo choàng tắm. Một số phòng còn được bố trí khu vực ghế ngồi.  Old Town Resort Phu Quoc phục vụ bữa sáng buffet hoặc bữa sáng à la carte. Chùa Sùng Hưng nằm trong bán kính 3,1 km từ resort trong khi Sòng bạc Corona cách đó 20 km.",5.0
2453,Nhím Garden House,Đà Lạt,"Tọa lạc tại thành phố Đà Lạt, cách Vườn hoa Đà Lạt chỉ 3,4 km, Nhím Garden House cung cấp chỗ nghỉ với sảnh khách chung, khu vườn cũng như bếp chung. Biệt thự này có dịch vụ phòng và chỗ đỗ xe riêng miễn phí. Biệt thự được trang bị 5 phòng ngủ, bếp với tủ lạnh và lò nướng cũng như 5 phòng tắm với vòi xịt/chậu rửa vệ sinh, dép cùng máy giặt. Để thêm phần thuận tiện cho du khách, chỗ nghỉ có thể cung cấp khăn tắm và ga trải giường với một khoản phụ phí. Biệt thự phục vụ bữa sáng buffet hoặc bữa sáng kiểu Á. Nhím Garden House có sân hiên. Chỗ nghỉ cung cấp dịch vụ cho thuê xe đạp. Nhím Garden House cách Vườn hoa Đà Lạt 4,1 km và Quảng trường Lâm Viên 5,7 km. Sân bay gần nhất là sân bay Liên Khương, cách biệt thự 34 km và chỗ nghỉ cung cấp dịch vụ đưa đón sân bay với một khoản phụ phí.",7.0
2459,Tea Leaf Hotel,Đà Lạt,"Tea Leaf Hotel cung cấp phòng nghỉ tại thành phố Đà Lạt, cách Quảng trường Lâm Viên 2,1 km và Hồ Xuân Hương 2,3 km. Trong số các tiện nghi của chỗ nghỉ này có nhà hàng, lễ tân 24 giờ, dịch vụ phòng và WiFi miễn phí trong toàn bộ khuôn viên. Chỗ nghỉ có sân hiên, sảnh khách chung và quán bar thức ăn nhẹ trong khuôn viên. Mỗi phòng nghỉ tại khách sạn đều được trang bị ga trải giường và khăn tắm. Tea leaf Hotel nằm trong bán kính 2,4 km từ Công viên Yersin và 3,6 km từ Vườn hoa Đà Lạt. Sân bay gần nhất là sân bay Liên Khương, cách đó 30 km, và chỗ nghỉ cung cấp dịch vụ đưa đón sân bay với một khoản phụ phí.",6.2
2463,Hanoi Oriental Pearl Hotel,Hà Nội,"Hanoi Oriental Pearl Hotel cung cấp phòng nghỉ có máy điều hòa và TV màn hình phẳng với truyền hình cáp ở quận Hoàn Kiếm của thành phố Hà Nội. Các tiện nghi của chỗ nghỉ bao gồm nhà hàng, lễ tân 24 giờ, dịch vụ tiền sảnh và WiFi miễn phí. Khách sạn cung cấp phòng gia đình. Khách sạn phục vụ bữa sáng tự chọn hoặc kiểu lục địa. Các điểm tham quan nổi tiếng gần Hanoi Oriental Pearl Hotel bao gồm Văn Miếu - Quốc Tử Giám, Bảo tàng mỹ thuật Việt Nam và Nhà hát múa rối nước Thăng Long. Sân bay gần nhất là sân bay quốc tế Nội Bài, cách đó 25 km, và chỗ nghỉ cung cấp dịch vụ đưa đón sân bay với một khoản phụ phí.",6.8
2466,Moka's House,TP. Hồ Chí Minh,"Mhome Sai Gon - Vo Van Tan cung cấp chỗ nghỉ tại Thành phố Hồ Chí Minh, cách Công viên Tao Đàn 600 m. Tất cả các phòng nghỉ ở đây đều có Wi-Fi miễn phí. Chỗ nghỉ này có TV và bếp với lò vi sóng, tủ lạnh, bếp nấu cùng ấm đun nước. Khăn tắm cũng được cung cấp cho khách. Bảo tàng Chứng tích Chiến tranh cách Mhome Sai Gon - Vo Van Tan 900 m. Sân bay gần nhất là sân bay quốc tế Tân Sơn Nhất, cách chỗ nghỉ 6 km.",7.3
2478,OYO 719 Hotel Ruby Phu Quoc,Phú Quốc,"Tọa lạc tại một vị trí tuyệt đẹp ở xã Dương Tơ của đảo Phú Quốc, OYO 719 Hotel Ruby Phu Quoc nằm cách Sòng bạc Corona 36 km, công viên giải trí Vinpearl Land Phú Quốc 36 km và Nhà tù Phú Quốc 2,5 km. Khách sạn 2 sao này có khu vườn và phòng nghỉ gắn máy điều hòa với phòng tắm riêng. Chỗ nghỉ có hồ bơi trong nhà, nhà hàng và sảnh khách chung. Chùa Sùng Hưng cách đó 18 km. Phòng nghỉ của khách sạn được trang bị bàn làm việc và TV màn hình phẳng. OYO 719 Hotel Ruby Phu Quoc có sân hiên. Nhân viên tại quầy lễ tân 24 giờ có thể giao tiếp bằng tiếng Việt và tiếng Anh. Chỗ nghỉ nằm cách Thác Tranh 9 km và Trang trại ngọc trai Phú Quốc 10 km. Sân bay gần nhất là sân bay quốc tế Phú Quốc, nằm trong bán kính 7km từ OYO 719 Hotel Ruby Phu Quoc.",6.5
2479,Sen Vang 2 Hotel,Sa Pa,"Trong số các tiện nghi của khách sạn này còn có nhà hàng, lễ tân 24 giờ, dịch vụ phòng và WiFi miễn phí. Chỗ đỗ xe riêng có thể được bố trí cho khách với một khoản phụ phí. Tất cả phòng nghỉ tại Sen Vang 2 Hotel đều được trang bị tủ quần áo, bàn làm việc, TV màn hình phẳng và phòng tắm riêng. Các điểm tham quan nổi tiếng gần khách sạn bao gồm trung tâm thương mại Sun Plaza, Hồ Sa Pa và Chợ đêm Sa Pa.",7.1
2480,Cap Town Hotel,TP. Hồ Chí Minh,"Khách sạn này có quán cà phê, nhà hàng ngay trong khuôn viên và cung cấp truy cập Wi-Fi miễn phí trong tất cả các khu vực. Các phòng nghỉ gắn máy điều hòa tại đây đều có những bức tường trắng sạch sẽ, đồ nội thất bằng gỗ cổ điển, két an toàn cá nhân, TV màn hình phẳng và tủ lạnh mini. Phòng tắm riêng đầy đủ tiện nghi được trang bị bồn tắm/vòi sen, máy sấy tóc và đồ vệ sinh cá nhân miễn phí. Cap Town Hotel nằm trong bán kính 350 m từ Chợ Bến Thành và Chợ Ẩm thực Đường phố Bến Thành, còn Dinh Thống Nhất cách đó 600 m. Sân bay quốc tế Tân Sơn Nhất cách đó 7 km. Khách sạn cung cấp các dịch vụ trợ giúp đặc biệt, trung tâm dịch vụ doanh nhân và bàn đặt tour để cho khách được thuận tiện. Nhân viên tại quầy lễ tân làm việc 24 giờ có thể hỗ trợ du khách các dịch vụ thu đổi ngoại tệ và giặt là. Quý khách có thể thưởng thức các món ăn địa phương và Châu Âu phong phú trong khung cảnh bình dị của nhà hàng trong khuôn viên khách sạn. Dịch vụ ăn uống tại phòng được đáp ứng theo yêu cầu của khách.",6.5
2482,Super Hotel Candle,Hà Nội,"Với nhà tắm kiểu Nhật Bản và hồ bơi nước nóng tinh khiết, Candle Hotel Hanoi mang đến sự sang trọng đạt chuẩn 4 sao ở Thành phố Hà Nội. Nơi đây cũng có trung tâm thể dục hiện đại. Tất cả các phòng nghỉ sáng sủa, hiện đại tại đây đều đi kèm Wi-Fi miễn phí. Các phòng không hút thuốc được trang bị TV màn hình phẳng, két an toàn cá nhân và minibar. Một số phòng bao gồm bếp nhỏ và lò vi sóng. Phòng tắm riêng đi kèm tiện nghi vòi sen. Với các đại sứ quán quốc tế bao quanh, Candle Hotel Hanoi chỉ cách Công viên Thủ Lệ 750 m và Hồ Tây 1,5 km. Khách sạn cách Lăng Chủ tịch Hồ Chí Minh 4 km. Sân bay Quốc tế Nội Bài cách đó 25 km. Ngay trong khuôn viên có nhà hàng chuyên về các món đặc sản của Việt Nam và ẩm thực Nhật Bản. Các lựa chọn ăn uống trong phòng cũng được cung cấp cho khách. Để thư giãn, quý khách có thể đến spa chăm sóc sắc đẹp và tận hưởng dịch vụ mát xa. Trên mỗi tầng còn có sảnh khách chung.",6.5
2484,Homestay VT,Vũng Tàu,"Homestay này cung cấp miễn phí cả WiFi lẫn chỗ đỗ xe riêng. Mỗi phòng nghỉ tại đây đều được trang bị máy điều hòa, TV, tủ lạnh và phòng tắm riêng cùng chậu rửa vệ sinh (bidet). Homestay VT cũng cho thuê xe đạp. Các điểm tham quan nổi tiếng gần chỗ nghỉ gồm có Bãi Dứa, Bãi Trước và Tượng Chúa Ki-tô Vua. Sân bay gần nhất là sân bay quốc tế Tân Sơn Nhất, nằm trong bán kính 109 km từ Homestay VT.",7.4
2485,New World Phu Quoc Resort,Phú Quốc,"Resort này có nhà hàng, hồ bơi ngoài trời, trung tâm thể dục và khu vườn với bàn ghế ngoài trời. Chỗ nghỉ cung cấp WiFi miễn phí ở tất cả các khu vực. Tất cả phòng nghỉ tại đây đều có hồ bơi riêng, phòng khách, bếp, máy điều hòa, TV truyền hình cáp, tủ lạnh, máy pha cà phê, vòi sen, máy sấy tóc và bàn làm việc. Các phòng được bố trí phòng tắm riêng với bồn tắm và đồ vệ sinh cá nhân miễn phí. Resort phục vụ bữa sáng buffet. Trong thời gian lưu trú tại New World Phu Quoc Resort, du khách được tùy ý sử dụng tiện nghi chăm sóc sức khoẻ và spa, bao gồm trung tâm spa, bể sục cùng phòng xông hơi khô. Chỗ nghỉ nằm cách cáp treo Phú Quốc 5 km và Chùa Sùng Hưng 21 km. Sân bay gần nhất là sân bay quốc tế Phú Quốc, nằm trong bán kính 16 km từ New World Phu Quoc Resort, và chỗ nghỉ cung cấp dịch vụ đưa đón sân bay miễn phí.",8.3
2498,Saigon Prince Hotel,TP. Hồ Chí Minh,"Saigon Prince Hotel là khách sạn boutique cung cấp chỗ nghỉ sang trọng trên Đại lộ Nguyễn Huệ. Nơi nghỉ này nằm trong khoảng cách đi bộ đến Chợ Bến Thành, Nhà hát Thành phố Sài Gòn và Sông Sài Gòn. Wi-Fi được cung cấp miễn phí trong toàn bộ khuôn viên. Saigon Prince Hotel cung cấp tầm nhìn ra sông, nước uống trực tiếp từ vòi, dép và máy sấy tóc. Một số phòng gồm các dịch vụ miễn phí như báo hàng ngày và trả phòng trễ. Khách sạn có phòng tập thể dục, hồ bơi, spa và một số phòng họp. Nhà hàng Grill Restaurant phục vụ ẩm thực Việt Nam chính thống. Khách cũng có thể thưởng thức các món ăn nổi tiếng của Singapore, Malaysia, Indonesia và phương Tây cùng các loại rượu vang ngon nhất từ khắp nơi trên thế giới. Saigon Prince Hotel nằm gần Bảo tàng Thành phố Hồ Chí Minh và cách Sân bay Quốc tế Tân Sơn Nhất 7 km.",6.0
2499,Phu Quoc Pomelo Garden,Phú Quốc,"Nằm cách Bãi biển Ông Lang chưa đầy 1 km, Phu Quoc Pomelo Garden có hồ bơi ngoài trời, khu vườn cũng như chỗ nghỉ gắn máy điều hòa với ban công và WiFi miễn phí. Mỗi căn tại đây đều được bố trí phòng tắm riêng với vòi xịt/chậu rửa vệ sinh, dép đi trong phòng, máy sấy tóc và đồ vệ sinh cá nhân miễn phí. Du khách có thể đi bộ đường dài để khám phá khu vực xung quanh và homestay này có thể thu xếp dịch vụ cho thuê xe hơi. Chùa Sùng Hưng nằm trong bán kính 10 km từ Phu Quoc Pomelo Garden trong khi Sòng bạc Corona cách đó 15 km.",8.0
2501,Anh Duc Da Lat Hotel,Đà Lạt,"Tọa lạc tại thành phố Đà Lạt, cách Vườn hoa Đà Lạt 1,4 km và Hồ Xuân Hương 1,8 km, HANZ Anh Duc Da Lat Hotel cung cấp chỗ nghỉ với sảnh khách chung và WiFi miễn phí trong toàn bộ khuôn viên cũng như chỗ đỗ xe riêng miễn phí cho khách lái xe. Khách sạn 3 sao này có dịch vụ phòng và máy ATM. Chỗ nghỉ cũng có lễ tân 24 giờ, các phòng họp, bàn đặt tour và dịch vụ ủi. Tất cả phòng nghỉ tại khách sạn đều có khu vực ghế ngồi, TV truyền hình cáp màn hình phẳng cũng như phòng tắm riêng đi kèm dép và vòi sen. Các phòng được trang bị tủ để quần áo và ấm đun nước. HANZ Anh Duc Da Lat Hotel phục vụ bữa sáng kiểu lục địa hàng ngày. Chỗ nghỉ có sân hiên. HANZ Anh Duc Da Lat Hotel nằm trong bán kính 1,8 km từ Công viên Yersin và 2 km từ Quảng trường Lâm Viên. Sân bay gần nhất là sân bay Liên Khương, cách khách sạn 24 km, và chỗ nghỉ cung cấp dịch vụ đưa đón sân bay với một khoản phụ phí.",6.5
2504,Mây Núi Homestay,Sa Pa,"Trong số các điểm tham quan nổi tiếng gần đó có Nhà thờ đá Sa Pa, Bến xe Sa Pa và Vườn hoa Hàm Rồng - Núi Hàm Rồng. Chợ đêm Sa Pa và Chợ Sa Pa đều nằm cách nhà khách 1,6 km. Một số căn tại nhà khách có phòng tắm riêng và ban công. Nhân viên nói tiếng Việt và tiếng Anh tại quầy lễ tân 24 giờ luôn sẵn lòng cung cấp các thông tin hữu ích về khu vực cho du khách. Trong số các điểm tham quan nổi tiếng gần Mây Núi Homestay có trung tâm thương mại Sun Plaza, Hồ Sa Pa và Quảng trường Trung tâm Sa Pa.",7.7
2509,Sao Mai Hotel & Apartment,Vũng Tàu,"Tọa lạc tại thành phố Vũng Tàu, cách Bãi Dâu 2,1 km, Sao Mai Hotel & Apartment có dịch vụ nhận phòng/trả phòng cấp tốc, phòng nghỉ không gây dị ứng, khu vườn, Wi-Fi miễn phí trong toàn bộ khuôn viên cũng như sân hiên. Chỗ nghỉ này nằm trong bán kính khoảng 4,5 km từ Khu du lịch sinh thái và văn hóa Hồ Mây, 5,8 km từ Bạch Dinh và 8,8 km từ Tượng Chúa Kitô Vua. Nơi đây cung cấp dịch vụ lễ tân 24 giờ, dịch vụ phòng và phòng giữ hành lý cho khách. Tất cả phòng nghỉ tại đây được trang bị máy điều hòa, TV màn hình phẳng với các kênh truyền hình cáp, tủ lạnh, ấm đun nước, vòi sen, dép đi trong phòng và bàn làm việc. Khách sạn cung cấp một số phòng có sân trong với tầm nhìn ra vườn và các phòng được trang bị phòng tắm riêng cùng tủ quần áo. Các phòng đều có ga trải giường.  Sao Mai Hotel & Apartment nằm cách Ngọn hải đăng Vũng Tàu 9 km và Mũi Nghinh Phong 9,1 km. Sân bay gần nhất là sân bay Vũng Tàu, cách chỗ nghỉ 5 km.",7.5
2515,Tuan Long Hotel,TP. Hồ Chí Minh,"Tọa lạc tại Thành phố Hồ Chí Minh, cách Trung tâm Hội chợ và Triển lãm Sài Gòn trong vòng 3,1 km và Bến Nhà Rồng 4,4 km, Tuan Long Hotel cung cấp chỗ nghỉ với sân hiên và chỗ đỗ xe riêng miễn phí cho khách lái xe. Khách sạn 2 sao này còn có sảnh khách chung và phòng nghỉ gắn máy điều hòa với WiFi miễn phí cùng phòng tắm riêng. Chỗ nghỉ cũng cung cấp dịch vụ lễ tân 24 giờ, dịch vụ phòng và tổ chức các tour du lịch cho khách.  Mỗi phòng nghỉ tại Tuan Long Hotel đều được trang bị tủ để quần áo, bàn làm việc và TV màn hình phẳng. Chỗ nghỉ nằm cách Bảo tàng Mỹ thuật 5 km và Nhà Hát Lớn Sài Gòn 6 km. Sân bay gần nhất là sân bay quốc tế Tân Sơn Nhất, nằm trong bán kính 12 km từ Tuan Long Hotel.",6.1
2518,Garco Dragon Hotel 2,Hà Nội,"Nơi đây cung cấp chỗ nghỉ với nhà hàng, chỗ đỗ xe riêng miễn phí, trung tâm thể dục, quán bar và khu vườn. Chỗ nghỉ có lễ tân 24 giờ, dịch vụ đưa đón sân bay, dịch vụ phòng và WiFi miễn phí. Phòng nghỉ gắn máy điều hòa tại Garco Dragon Hotel 2 có bàn làm việc, ấm đun nước, tủ lạnh, minibar, két an toàn, TV màn hình phẳng, ban công và phòng tắm riêng với vòi sen. Các phòng được bố trí khu vực ghế ngồi. Chỗ nghỉ phục vụ bữa sáng kiểu lục địa hoặc bữa sáng buffet. Chợ Đồng Xuân và Ô Quan Chưởng đều nằm trong bán kính 10 km từ Garco Dragon Hotel 2. Sân bay gần nhất là sân bay quốc tế Nội Bài, cách khách sạn 28 km.",5.0
2529,Happyhomes Saigon Central,TP. Hồ Chí Minh,"Tọa lạc tại một vị trí tuyệt đẹp ở Quận 1 thuộc Thành phố Hồ Chí Minh, Bonita Boutique Trịnh Văn Cấn nằm cách Bảo tàng Mỹ thuật 400 m, trung tâm thương mại Takashimaya Việt Nam 1 km và Chợ ẩm thực đường phố Bến Thành 1,2 km. Khách sạn 2 sao này có dịch vụ phòng, sảnh khách chung và WiFi miễn phí. Tại đây cũng có lễ tân 24 giờ, bếp chung và dịch vụ thu đổi ngoại tệ cho khách. Tất cả phòng nghỉ tại khách sạn đều được trang bị máy điều hòa, truyền hình cáp màn hình phẳng, ấm đun nước, chậu rửa vệ sinh (bidet), máy sấy tóc và bàn làm việc. Các phòng còn có tầm nhìn ra quang cảnh thành phố và phòng tắm riêng với vòi sen cùng đồ vệ sinh cá nhân miễn phí. Tủ để quần áo cũng được bố trí trong phòng. Các điểm tham quan nổi tiếng gần Bonita Boutique Trịnh Văn Cấn bao gồm Công viên Tao Đàn, Bảo tàng Thành phố Hồ Chí Minh và Dinh Thống Nhất. Sân bay gần nhất là sân bay quốc tế Tân Sơn Nhất, nằm trong bán kính 8 km từ chỗ nghỉ.",5.5
2530,Bamboo Garden Homestay,Hội An,"Chỗ ở nhà dân này cũng cung cấp truy cập Wi-Fi miễn phí. Các phòng tại Bamboo Garden Homestay có nội thất rộng rãi. Tất cả đều được lắp máy lạnh và bao gồm khu vực tiếp khách thoải mái, phòng tắm riêng, minibar cùng TV màn hình phẳng. Một số có tầm nhìn ra khu vườn. Nơi nghỉ này nằm trong bán kính khoảng 3 km từ bãi biển công cộng Cửa Đại và khoảng 1 km từ Phố cổ Hội An. Sân bay Quốc tế Đà Nẵng cách đó 35 km. Nhà hàng trong khuôn viên phục vụ tuyển chọn các món ăn Việt Nam hàng ngày. Tại đây cũng có dịch vụ ăn uống tại phòng. Ngoài ra, xung quanh nhà nghỉ còn có rất nhiều quán cà phê và quán ăn địa phương.",7.0
2533,Pink Host,Vũng Tàu,"Khách sạn 1 sao này cung cấp dịch vụ lễ tân 24 giờ, dịch vụ phòng và WiFi miễn phí. Khách sạn có các phòng gia đình. Một số phòng nghỉ được bố trí khu vực bếp ăn với lò vi sóng, tủ lạnh và lò nướng. Các điểm tham quan nổi tiếng gần khách sạn bao gồm Bãi Sau, Bãi Dứa và Bãi Trước. Sân bay gần nhất là sân bay quốc tế Tân Sơn Nhất, nằm trong bán kính 108 km từ Pink Host.",6.3
2542,TRIPLE Riverside Villa Hotel HoiAn,Hội An,"Tọa lạc ở thành phố Hội An, TRIPLE Riverside Villa Hotel HoiAn có nhà hàng, xe đạp miễn phí, hồ bơi ngoài trời và sảnh khách chung. Với khu vườn, chỗ nghỉ này còn nằm cách Hội Quán Triều Châu 1,5 km. Chỗ nghỉ cung cấp chương trình giải trí buổi tối và Wi-Fi miễn phí trong toàn bộ khuôn viên. Phòng nghỉ gắn máy điều hòa tại khách sạn có bàn làm việc, ấm đun nước, tủ lạnh, minibar, két an toàn, TV màn hình phẳng và phòng tắm riêng với vòi xịt/chậu rửa vệ sinh. Các phòng nghỉ tại TRIPLE Riverside Villa Hotel HoiAn đều có ga trải giường và khăn tắm. Chỗ nghỉ phục vụ bữa sáng kiểu lục địa hoặc bữa sáng buffet. TRIPLE Riverside Villa Hotel HoiAn có sân hiên tắm nắng. Du khách có thể chơi bi-a tại khách sạn trong khi đạp xe là hoạt động được ưa thích ở khu vực này. TRIPLE Riverside Villa Hotel HoiAn cách Bảo tàng Lịch sử Hội An 2,1 km và Chùa Cầu 2,6 km. Sân bay gần nhất là sân bay quốc tế Đà Nẵng, cách chỗ nghỉ 30 km và tại đây cung cấp dịch vụ đưa đón sân bay với một khoản phụ phí.",7.2
2544,Herbal Tea Homestay,Hội An,"Cách Bãi biển Cửa Đại ở thành phố Hội An 2 km, Herbal Tea Homestay có nhà hàng cùng Wi-Fi miễn phí. Chỗ đỗ xe riêng miễn phí nằm ngay trong khuôn viên. Nằm cách Phố Cổ Hội An chỉ 1,8 km, chỗ nghỉ nhà dân này cũng cung cấp xe máy cho du khách thuê. Du khách có thể khám phá thành phố ven biển trên xe đạp được khách sạn cho thuê miễn phí. Sân bay Quốc tế Đà Nẵng cách đó 25 km. Mỗi phòng rộng rãi tại chỗ nghỉ nhà dân này được trang bị máy lạnh và TV màn hình phẳng kết nối với các kênh truyền hình quốc tế. Một số phòng còn có khu vực tiếp khách để khách có thể thư giãn. Khách cũng sẽ tìm thấy ấm đun nước trong phòng. Tất cả các phòng đều đi kèm phòng tắm riêng. Dép đi trong phòng và đồ vệ sinh cá nhân miễn phí cũng được cung cấp. Dịch vụ dọn phòng được cung cấp hàng ngày. Nơi nghỉ này có quầy lễ tân 24 giờ, nơi đội ngũ nhân viên thân thiện có thể hỗ trợ khách đặt tour du lịch hay sắp xếp dịch vụ đưa đón sân bay kèm phụ phí. Dịch vụ giặt là cũng được cung cấp tại Herbal Tea Homestay.",7.5
2550,Lucky Star Hotel 146 Nguyen Trai,TP. Hồ Chí Minh,"Tọa lạc tại vị trí thuận tiện ở Quận 1 thuộc Thành phố Hồ Chí Minh, Lucky Star Hotel 146 Nguyen Trai nằm cách Chợ ẩm thực đường phố Bến Thành chưa đến 1 km, Công viên Tao Đàn 12 phút đi bộ và Bảo tàng Mỹ thuật 1,2 km. Trong số các tiện nghi của khách sạn này còn có sảnh khách chung, dịch vụ concierge và WiFi miễn phí trong toàn bộ khuôn viên. Chỗ nghỉ cung cấp dịch vụ lễ tân 24 giờ, dịch vụ phòng và dịch vụ thu đổi ngoại tệ cho khách. Mỗi phòng nghỉ tại khách sạn đều có máy điều hòa, khu vực ghế ngồi, TV truyền hình vệ tinh màn hình phẳng, két an toàn và phòng tắm riêng với vòi sen, dép cùng máy sấy tóc. Trong phòng được trang bị bàn làm việc và ấm đun nước. Các điểm tham quan nổi tiếng gần Lucky Star Hotel 146 Nguyen Trai bao gồm Bảo tàng Thành phố Hồ Chí Minh, trung tâm thương mại Takashimaya Việt Nam và Chợ Bến Thành. Sân bay gần nhất là sân bay quốc tế Tân Sơn Nhất, cách đó 12 km, và chỗ nghỉ cung cấp dịch vụ đưa đón sân bay với một khoản phụ phí.",5.9
2555,Kim Hotel,TP. Hồ Chí Minh,"Khách sạn này cung cấp Wi-Fi miễn phí và các phòng máy lạnh nhìn ra đường phố. Nếu có nhu cầu ăn uống, quý khách có thể ghé vào một trong số nhiều quán ăn và quầy bar địa phương quanh khách sạn. Được trang bị nội thất giản dị, tất cả các phòng ở đây đi kèm với TV và minibar. Một số phòng còn có két an toàn cá nhân hoặc TV màn hình phẳng. Phòng tắm riêng được trang bị vòi sen hoặc bồn tắm. Từ Kim Hotel, quý khách chỉ cần lái xe 15 phút là đến Nhà thờ Đức Bà và Dinh Thống Nhất. Sân bay Quốc tế Tân Sơn Nhất cách đó 40 phút lái xe. Du khách có thể yêu cầu dịch vụ giặt là và ủi. Tại đây còn có trung tâm dịch vụ doanh nhân và bàn đặt tour. Dịch vụ đưa đón sân bay được cung cấp kèm phụ phí.",6.7
2559,TIDITEL Hotel and Apartment,Đà Nẵng,"Tọa lạc tại thành phố Đà Nẵng, cách Bãi biển Mỹ Khê 2,9 km, TIDITEL Hotel and Apartment cung cấp chỗ nghỉ với quầy bar, chỗ đỗ xe riêng miễn phí, khu vườn và sân hiên. Trong số các tiện nghi của khách sạn này còn có máy ATM, dịch vụ đỗ xe cho khách và WiFi miễn phí trong toàn bộ khuôn viên. Chỗ nghỉ cung cấp dịch vụ lễ tân 24 giờ, dịch vụ phòng và dịch vụ thu đổi ngoại tệ cho khách. Phòng nghỉ tại khách sạn có máy điều hòa, khu vực ghế ngồi, TV truyền hình vệ tinh màn hình phẳng, bếp, khu vực ăn uống và phòng tắm riêng với máy sấy tóc, vòi sen cùng đồ vệ sinh cá nhân miễn phí. Trong phòng còn được trang bị bàn làm việc. TIDITEL Hotel and Apartment phục vụ bữa sáng à la carte và bữa sáng kiểu Mỹ hàng ngày. Các điểm tham quan nổi tiếng gần chỗ nghỉ bao gồm Bảo tàng Chăm, Cầu tàu Tình yêu và Công viên Châu Á. Sân bay gần nhất là sân bay quốc tế Đà Nẵng, nằm trong bán kính 2 km từ TIDITEL Hotel and Apartment, và chỗ nghỉ cung cấp dịch vụ đưa đón sân bay với một khoản phụ phí.",6.8
2562,NHỚ House,Đà Lạt,"Nằm cách Hồ Xuân Hương 1,3 km, NHỚ House cung cấp chỗ nghỉ có vườn, sân hiên và bếp chung để tạo thuận tiện cho khách. Căn hộ phục vụ bữa sáng tự chọn hàng ngày. Du khách có thể thuê xe hơi tại NHỚ House. Chỗ nghỉ này nằm cách Công viên Yersin 1,3 km và Quảng trường Lâm Viên 1,4 km. Sân bay gần nhất là sân bay Liên Khương, nằm trong bán kính 23 km từ NHỚ House.",8.1
2563,DE LA SOIE Hotel,Hà Nội,"Tọa lạc tại thành phố Hà Nội, cách Nhà hát múa rối nước Thăng Long 200 m, DE LA SOIE Hotel có vườn, sân hiên và tầm nhìn ra hồ nước. Trong số các tiện nghi của chỗ nghỉ này có nhà hàng, lễ tân 24 giờ, dịch vụ phòng và WiFi miễn phí trong toàn bộ khuôn viên. Khách sạn cung cấp các phòng gia đình. Tất cả phòng nghỉ tại khách sạn đều có máy điều hòa, khu vực ghế ngồi, TV truyền hình cáp màn hình phẳng, két an toàn và phòng tắm riêng với vòi xịt/chậu rửa vệ sinh, dép cùng máy sấy tóc. Tất cả các căn đều được trang bị bàn làm việc và ấm đun nước. DE LA SOIE Hotel phục vụ bữa sáng kiểu lục địa và bữa sáng buffet hàng ngày. Đi xe đạp là hoạt động được ưa chuộng trong khu vực và chỗ nghỉ cung cấp dịch vụ cho thuê xe đạp. Trong số các điểm tham quan nổi tiếng gần DE LA SOIE Hotel có Hồ Hoàn Kiếm, Nhà Thờ Lớn và Ô Quan Chưởng. Sân bay gần nhất là sân bay quốc tế Nội Bài, nằm trong bán kính 26 km từ khách sạn, và chỗ nghỉ cung cấp dịch vụ đưa đón sân bay với một khoản phụ phí.",8.0
2564,C'Bon Hotel Do Quang,Hà Nội,"Tọa lạc tại thành phố Hà Nội, cách trung tâm thương mại Vincom Center Nguyễn Chí Thanh 1,8 km và Bảo tàng Dân tộc học Việt Nam 4 km, C'Bon Hotel Do Quang cung cấp chỗ nghỉ với sảnh khách chung và WiFi miễn phí cũng như chỗ đỗ xe riêng miễn phí cho khách lái xe. Chỗ nghỉ này cũng có máy ATM và sân hiên. Chỗ nghỉ cung cấp dịch vụ lễ tân 24 giờ, dịch vụ phòng và dịch vụ thu đổi ngoại tệ cho khách. Mỗi phòng nghỉ tại khách sạn đều có máy điều hòa, bàn làm việc, TV màn hình phẳng, phòng tắm riêng, ga trải giường, khăn tắm và sân trong nhìn ra thành phố. Các phòng được trang bị tủ để quần áo và ấm đun nước. Chùa Một Cột và Bảo tàng Mỹ thuật Việt Nam đều nằm trong bán kính 5 km từ C'Bon Hotel Do Quang. Sân bay gần nhất là sân bay quốc tế Nội Bài, cách chỗ nghỉ 30 km.",7.4
2565,Republic Apartments Saigon Airport,TP. Hồ Chí Minh,"Tọa lạc tại thành phố Hồ Chí Minh, Republic Apartments Saigon Airport cung cấp chỗ nghỉ với nhà hàng, hồ bơi ngoài trời, trung tâm thể dục, sảnh khách chung, khu vườn. quán bar và tầm nhìn ra quang cảnh vườn. Phòng nghỉ lắp máy điều hòa tại đây có sàn gỗ parquet, phòng tắm riêng, TV màn hình phẳng, WiFi miễn phí, bàn làm việc, phòng khách, bếp đầy đủ tiện nghi, sân trong và tầm nhìn ra hồ bơi. Phòng còn có khu vực ăn uống và khu vực ghế ngồi. Trong khuôn viên chỗ nghỉ có sân hiên và du khách có thể đi bộ đường dài gần căn hộ. Republic Apartments Saigon Airport nằm trong bán kính 3,4 km từ Chùa Giác Lâm và 4,4 km từ Chợ Tân Định. Sân bay gần nhất là Sân bay Quốc tế Tân Sơn Nhất, cách đó 6 km, và chỗ nghỉ cung cấp dịch vụ đưa/đón sân bay với một khoản phụ phí.",7.1
2571,Hotel Home,TP. Hồ Chí Minh,"Tọa lạc tại Thành phố Hồ Chí Minh, cách Chùa Giác Lâm 3,1 km và Chợ Tân Định 3,4 km, Hotel Home cung cấp chỗ nghỉ với sân hiên và WiFi miễn phí cũng như chỗ đỗ xe riêng miễn phí cho khách lái xe. Chỗ nghỉ này nằm trong bán kính 4,3 km từ Bảo tàng Chứng tích Chiến tranh, 5 km từ Công viên Tao Đàn và 5 km từ Dinh Thống Nhất. Nơi đây cung cấp dịch vụ phòng và dịch vụ đưa đón miễn phí cho du khách. Phòng nghỉ tại Hotel Home có ban công, tầm nhìn ra khu vườn và phòng tắm riêng với vòi sen cùng dép. Tất cả các phòng đều được trang bị máy điều hòa và TV màn hình phẳng. Khách nghỉ tại Hotel Home có thể thưởng thức bữa sáng kiểu Á. Trung tâm thương mại Diamond Plaza và Nhà thờ Đức Bà Sài Gòn đều nằm cách khách sạn 5 km. Sân bay gần nhất là sân bay quốc tế Tân Sơn Nhất, nằm trong bán kính 2 km từ Hotel Home.",8.9
2572,BB Hotel Nha Trang,Nha Trang,"Nằm ở thành phố Nha Trang, cách Bãi biển Nha Trang 200 m, BB Hotel Nha Trang có hồ bơi ngoài trời, sảnh khách chung và tầm nhìn ra quang cảnh thành phố. Trong số các tiện nghi của chỗ nghỉ này có nhà hàng, lễ tân 24 giờ, dịch vụ phòng và WiFi miễn phí trong toàn bộ khuôn viên. Chỗ nghỉ không gây dị ứng và nằm trong bán kính chưa đến 1 km từ quán Sailing Club. Phòng nghỉ tại BB Hotel Nha Trang có máy điều hòa, bàn làm việc, ấm đun nước, tủ lạnh, minibar, két an toàn, TV màn hình phẳng và phòng tắm riêng với vòi sen. Tất cả các phòng đều được trang bị ga trải giường và khăn tắm. Chỗ nghỉ phục vụ bữa sáng kiểu Á hoặc bữa sáng chay. Các điểm tham quan nổi tiếng gần BB Hotel Nha Trang bao gồm Trung tâm Thuyền buồm Việt Nam, Quảng trường 2/4 và Tháp Trầm Hương. Sân bay gần nhất là sân bay quốc tế Cam Ranh, cách khách sạn 35 km.",7.6
2573,Tay Bac Hotel Da Nang,Đà Nẵng,"Tay Bac Hotel Da Nang có lễ tân 24 giờ đồng thời cung cấp chỗ nghỉ trang nhã và thoải mái kèm truy cập Wi-Fi miễn phí trong toàn bộ khuôn viên. Nằm trong bán kính 80 m từ Chợ Phước Mỹ, khách sạn có nhà hàng và trung tâm dịch vụ doanh nhân Các phòng máy lạnh tại đây có sàn lát gạch, tủ quần áo, khu vực tiếp khách, minibar, ấm đun nước điện và TV truyền hình cáp màn hình phẳng. Ngoài ra, các phòng còn có tầm nhìn ra quang cảnh thành phố/biển và đi kèm phòng tắm riêng với tiện nghi vòi sen, máy sấy tóc cùng đồ vệ sinh cá nhân miễn phí. Tại Tay Bac Hotel Da Nang, đội ngũ nhân viên thân thiện có thể trợ giúp khách với dịch vụ giữ hành lý, đặt vé và giặt là. Dịch vụ cho thuê xe hơi/xe đạp cũng được cung cấp trong khi dịch vụ đưa đón và vận chuyển sân bay có thể được bố trí với một khoản phụ phí. Dịch vụ dọn phòng được cung cấp hàng ngày. Khách có thể thưởng thức tuyển chọn các món ăn địa phương thơm ngon tại nhà hàng trong khuôn viên của khách sạn. Đồ uống sau bữa ăn được phục vụ tại quầy bar trong khi lựa chọn dịch vụ phòng cũng được đáp ứng. Khách sạn cách Cầu Sông Hàn 1,5 km và cách Bảo tàng Chăm 2 km. Bãi biển Mỹ An cách khách sạn khoảng 1,7 km trong khi du khách lái xe trong vòng 5,2 km là đến Sân bay Quốc tế Đà Nẵng. Cách đó chỉ 50 m là Bãi biển Phạm Văn Đồng.",6.6
2577,DẠ LAN HOTEL,Đà Lạt,"Khách sạn 1 sao này có bàn đặt tour và phòng giữ hành lý. Chỗ nghỉ cung cấp dịch vụ lễ tân 24 giờ, dịch vụ đưa đón sân bay, dịch vụ phòng và WiFi miễn phí. Tất cả phòng nghỉ tại khách sạn đều được bố trí bàn làm việc, TV màn hình phẳng, phòng tắm riêng, ga trải giường, khăn tắm, tủ để quần áo và ấm đun nước. Trong số các điểm tham quan nổi tiếng gần DẠ LAN HOTEL có Hồ Xuân Hương, Công viên Yersin và Biệt thự Hằng Nga (Ngôi nhà điên). Sân bay gần nhất là sân bay Liên Khương, cách chỗ nghỉ 30 km.",9.0
2606,Nha Trang Moony Hotel,Nha Trang,"Tọa lạc tại thành phố Nha Trang, cách Bãi đá Hòn Chồng 100 m, Nha Trang Moony Hotel cung cấp phòng nghỉ có máy điều hòa và WiFi miễn phí. Chỗ nghỉ này còn có dịch vụ phòng và sân hiên. Phòng nghỉ tại đây có ban công, tủ để quần áo, TV màn hình phẳng và phòng tắm riêng. Nha Trang Moony Hotel cách Bãi biển Nha Trang 2 km và Hòn Chồng 1,1 km. Sân bay gần nhất là sân bay quốc tế Cam Ranh, cách chỗ nghỉ 42 km. Chỗ nghỉ cung cấp dịch vụ đưa đón sân bay với một khoản phụ phí.",8.0
2615,Huy Hoang 1 Hotel,TP. Hồ Chí Minh,"Khách sạn 2 sao này có sảnh khách chung và phòng nghỉ gắn máy điều hòa với WiFi miễn phí cùng phòng tắm riêng. Chỗ nghỉ cung cấp dịch vụ lễ tân 24 giờ, dịch vụ phòng và dịch vụ thu đổi ngoại tệ cho khách. Các phòng nghỉ tại khách sạn được trang bị bàn làm việc và TV màn hình phẳng. Chợ ẩm thực đường phố Bến Thành và Công viên Tao Đàn đều nằm trong bán kính 7 km từ Huy Hoang 1 Hotel. Sân bay gần nhất là sân bay quốc tế Tân Sơn Nhất, cách đó 3 km, và chỗ nghỉ cung cấp dịch vụ đưa đón sân bay với một khoản phụ phí.",7.0
2617,Mövenpick Hotel Hanoi,Hà Nội,"Khách sạn có nhà hàng cũng như Wi-Fi miễn phí ở tất cả các khu vực và chỗ đỗ xe riêng miễn phí. Các phòng nghỉ đầy đủ tiện nghi có sàn gỗ, máy điều hòa, khu vực ghế ngồi, tủ lạnh mini, tiện nghi pha trà/cà phê cũng như truyền hình cáp màn hình phẳng. Phòng tắm riêng trong mỗi phòng được trang bị buồng tắm đứng, đồ vệ sinh cá nhân miễn phí và máy sấy tóc. Quý khách có thể thư giãn với liệu pháp mát-xa toàn thân tại Kinetic Gym and Wellness Studio, tận hưởng một buổi xông hơi khô hay rèn luyện sức khỏe. Khách sạn cũng có trung tâm dịch vụ doanh nhân. Mövenpick Hotel Hanoi có quầy lễ tân phục vụ 24 giờ, bàn đặt tour để hỗ trợ du khách sắp xếp các chuyến tham quan trong ngày, dịch vụ thu đổi ngoại tệ cũng như thuê xe hơi. Mövenpick Hotel Hanoi cách Nhà tù lịch sử Hỏa Lò 250 m và Nhà thờ Lớn Hà Nội 600 m. Sân bay gần nhất là sân bay quốc tế Nội Bài, cách đó 21 km. Nhà hàng Mangosteen phục vụ ăn uống cả ngày với tiệc tự chọn quốc tế thịnh soạn. Lounge 83 cung cấp bữa sáng kiểu lục địa cùng với bánh ngọt, đồ ăn nhẹ và đủ loại rượu vang.",7.2
2621,Sunshine Apartment Near The Beach,Đà Nẵng,"Nằm cách Bãi biển Hà My 2,3 km và Ngũ Hành Sơn 3,9 km, chỗ nghỉ này có khu vực bãi biển riêng cũng như vườn. Tại đây cũng có lễ tân 24 giờ, bếp chung và dịch vụ thu đổi ngoại tệ cho khách. Phòng nghỉ của resort được trang bị máy điều hòa, lò vi sóng, tủ lạnh, ấm đun nước, chậu rửa vệ sinh (bidet), máy sấy tóc và bàn làm việc. Mỗi phòng đều có TV màn hình phẳng, phòng tắm riêng và ban công nhìn ra hồ bơi. Sunshine Apartment Near The Beach phục vụ bữa sáng à la carte hàng ngày. Chỗ nghỉ có sân chơi cho trẻ em. Du khách có thể chơi bi-a, phi tiêu và tennis tại Sunshine Apartment Near The Beach trong khi đi bộ đường dài cũng như đi xe đạp là các hoạt động được ưa chuộng trong khu vực. Resort nằm cách Công viên Châu Á 11 km và Cầu tàu Tình yêu 12 km. Sân bay gần nhất là sân bay quốc tế Đà Nẵng, nằm trong bán kính 15 km từ Sunshine Apartment Near The Beach, và chỗ nghỉ cung cấp dịch vụ đưa đón sân bay với một khoản phụ phí.",9.0
2626,Silverland Yen Hotel,TP. Hồ Chí Minh,"Tọa lạc trên đường Thủ Khoa Huân, Silverland Yen Hotel nằm cách Chợ Bến Thành chỉ 6 phút đi bộ. Khách sạn có bể sục nước ấm ngoài trời và tiện nghi phòng xông hơi khô/phòng xông hơi ướt. Silverland Yen Hotel nằm cách Bảo tàng Hồ Chí Minh 6 phút đi bộ trong khi Dinh Thống Nhất và Bảo tàng Mỹ thuật đều cách đó trong vòng 10 phút đi bộ. Sân bay gần đây nhất là sân bay quốc tế Tân Sơn Nhất, nằm trong bán kính khoảng 7 km lái xe từ khách sạn. Tất cả phòng nghỉ tại đây đều được trang bị máy điều hòa, bàn làm việc và TV màn hình phẳng với các kênh truyền hình vệ tinh cùng Wi-Fi miễn phí. Một số phòng có tầm nhìn ra quang cảnh thành phố và sàn trải thảm. Phòng tắm riêng đi kèm vòi sen, máy sấy tóc và đồ vệ sinh cá nhân miễn phí. WiFi miễn phí được cung cấp trong tất cả các phòng. Silverland Yen Hotel có lễ tân 24 giờ, nơi nhân viên có thể hỗ trợ du khách với một loạt dịch vụ, bao gồm cả giữ hành lý, đặt vé và sắp xếp tour du lịch. Trong số các tiện nghi tại Silverland Yen Hotel còn có phòng tập thể dục và dịch vụ văn phòng. Nhà hàng Yen phục vụ bữa sáng buffet hàng ngày với một loạt đặc sản Việt Nam, các món kiểu Á ngon miệng và các món kiểu Âu được ưa chuộng. Trà chiều cũng được phục vụ cho tất cả các khách nghỉ tại khách sạn từ 14:00-15:30. Du khách có thể nhâm nhi cocktail giải khát và ngắm nhìn quang cảnh thành phố tuyệt đẹp từ sân thượng.",6.0
2630,Botanic House Saigon,TP. Hồ Chí Minh,"Tọa lạc tại vị trí thuận tiện ở Quận 1 thuộc Thành phố Hồ Chí Minh, Botanic House Saigon nằm cách Bảo tàng Mỹ thuật 200 m, trung tâm thương mại Takashimaya Việt Nam 800 m và Chợ ẩm thực đường phố Bến Thành 1,3 km. Các điểm tham quan nổi tiếng gần đó gồm có Trụ sở UBND Thành phố Hồ Chí Minh, Dinh Thống Nhất và Bến Nhà Rồng. Chỗ nghỉ có WiFi miễn phí và bếp chung. Tất cả phòng nghỉ tại nhà khách đều được trang bị máy điều hòa, TV truyền hình cáp màn hình phẳng, tủ lạnh, ấm đun nước, vòi xịt/chậu rửa vệ sinh, dép và bàn làm việc. Các phòng có phòng tắm riêng với vòi sen và máy sấy tóc trong khi một số phòng còn được bố trí khu vực ghế ngồi. Botanic House Saigon phục vụ bữa sáng kiểu Á hàng ngày. Các điểm tham quan nổi tiếng gần chỗ nghỉ gồm có Chợ Bến Thành, Công viên Tao Đàn và Bảo tàng Thành phố Hồ Chí Minh. Sân bay gần nhất là sân bay quốc tế Tân Sơn Nhất, nằm trong bán kính 13 km từ Botanic House Saigon.",7.1
2631,Muong Thanh Holiday Hoi An Hotel,Hội An,"Nằm cách bãi biển chỉ vài bước chân, Muong Thanh Holiday Hoi An Hotel cung cấp chỗ nghỉ sang trọng và thoải mái với truy cập Wi-Fi miễn phí trong toàn bộ tòa nhà. Khách sạn có hồ bơi ngoài trời, trung tâm thể dục, tiện nghi dành cho doanh nhân và chỗ đậu xe miễn phí trong khuôn viên. Các phòng máy lạnh được bài trí trang nhã tại đây có khu vực tiếp khách, tủ quần áo và két an toàn cá nhân. Truyền hình cáp màn hình phẳng, minibar và ấm đun nước điện cũng được bao gồm. Phòng tắm riêng có bồn tắm, vòi sen và máy sấy tóc. Phòng cũng có dép và đồ vệ sinh cá nhân miễn phí tạo sự thuận tiện cho khách. Một số phòng có cả bàn làm việc và tầm nhìn ra hồ bơi, thành phố hoặc sông. Tại Muong Thanh Holiday Hoi An Hotel, du khách có thể thư giãn với dịch vụ mát-xa nhẹ nhàng tại spa hoặc chơi bóng bàn. Đội ngũ nhân viên giao tiếp được bằng 2 ngôn ngữ tại lễ tân 24 giờ có thể trợ giúp khách với các dịch vụ giặt là, giữ hành lý cũng như đặt vé. Khách sạn cũng cung cấp dịch vụ cho thuê xe đạp/xe hơi và dịch vụ đưa đón kèm phụ phí. Nhà hàng trong nhà phục vụ hàng loạt món ăn địa phương và lục địa ngon miệng. Các bữa ăn theo chế độ dinh dưỡng đặc biệt có thể được chuẩn bị theo yêu cầu đồng thời dịch vụ phòng cũng được cung cấp. Sân bay Quốc tế Đà Nẵng cách đó 25 km.",6.9
2633,Sapa Tulip Hotel,Sa Pa,"Khách sạn 2 sao này có sảnh khách chung và phòng nghỉ với máy điều hoà, WiFi miễn phí cùng phòng tắm riêng. Chỗ nghỉ có lễ tân 24 giờ, dịch vụ phòng và dịch vụ đặt vé cho khách. Tất cả phòng nghỉ tại khách sạn đều được trang bị TV màn hình phẳng. Các điểm tham quan nổi tiếng gần Sapa Tulip Hotel gồm có trung tâm thương mại Sun Plaza, Hồ Sa Pa và Chợ đêm Sa Pa.",7.0
2642,Golden Star Villa Hoi An,Hội An,"Khách sạn này có dịch vụ phòng và sân hiên. Chỗ nghỉ cũng có lễ tân 24 giờ, bếp chung và tổ chức các tour du lịch cho khách. Tất cả phòng nghỉ tại ""Golden Star Villa Hoi An"" đều được bố trí khu vực ghế ngồi, bàn làm việc, TV màn hình phẳng và phòng tắm riêng. Khách sạn phục vụ bữa sáng à la carte. Khách nghỉ tại ""Golden Star Villa Hoi An"" có thể tham gia các hoạt động trong và xung quanh thành phố Hội An, như đi xe đạp. Khách sạn nằm cách Bãi biển Cửa Đại 1,9 km và Bảo tàng Lịch sử Hội An 3,2 km. Sân bay gần nhất là sân bay quốc tế Đà Nẵng, cách đó 26 km, và ""Golden Star Villa Hoi An"" cung cấp dịch vụ đưa đón sân bay với một khoản phụ phí.",7.9
2643,Hưng Phát DaLat hotel,Đà Lạt,"Tọa lạc tại thành phố Đà Lạt, cách Hồ Xuân Hương chưa đầy 1 km, Hưng Phát DaLat hotel có tầm nhìn ra quang cảnh thành phố. Chỗ nghỉ này nằm trong bán kính 5 km từ Thiền viện Trúc Lâm, 5 km từ Hồ Tuyền Lâm và 8 km từ Núi Lang Bian. Chỗ nghỉ cung cấp dịch vụ lễ tân 24 giờ, dịch vụ phòng và tổ chức các tour du lịch cho khách. Tất cả phòng nghỉ tại Hưng Phát DaLat hotel đều được trang bị ấm đun nước, bàn làm việc, TV màn hình phẳng và phòng tắm riêng. Các điểm tham quan nổi tiếng gần chỗ nghỉ bao gồm Quảng trường Lâm Viên, Công viên Yersin và Vườn hoa Đà Lạt. Sân bay gần nhất là sân bay Liên Khương, cách Hưng Phát DaLat hotel 23 km.",6.5
2645,Hoang Chau Motel,Vũng Tàu,"Chỗ nghỉ này nằm trong bán kính khoảng 1,5 km từ Mũi Nghinh Phong, 4,1 km từ Bạch Dinh và 5 km từ Ngọn hải đăng Vũng Tàu. Chỗ nghỉ có lễ tân 24 giờ, bếp chung và phòng giữ hành lý cho khách. Phòng nghỉ tại khách sạn được trang bị TV truyền hình cáp màn hình phẳng, phòng tắm riêng, dép và ga trải giường. Các điểm tham quan nổi tiếng gần Hoang Chau Motel bao gồm Bãi Dứa, Bãi Trước và Tượng Chúa Kitô Vua. Sân bay gần nhất là sân bay quốc tế Tân Sơn Nhất, cách chỗ nghỉ 109 km.",7.5
2650,LightHouse Homestay,Vũng Tàu,"Tọa lạc tại thành phố Vũng Tàu, cách Bãi Sau 150 m, LightHouse Homestay có dịch vụ nhận phòng/trả phòng cấp tốc, phòng nghỉ không gây dị ứng, khu vườn, WiFi miễn phí và tiện nghi BBQ. Khách sạn 1 sao này cung cấp dịch vụ phòng, máy ATM, dịch vụ lễ tân 24 giờ, bếp chung và dịch vụ thu đổi ngoại tệ cho khách. Tất cả phòng nghỉ tại khách sạn có máy điều hòa, tủ để quần áo, sân hiên nhìn ra quang cảnh thành phố, phòng tắm riêng, TV, ga trải giường và khăn tắm. Mỗi phòng đều được trang bị ấm đun nước và tủ lạnh. Một số phòng còn được bố trí khu vực bếp nấu ăn.  LightHouse Homestay cung cấp dịch vụ cho thuê xe đạp/xe hơi và đi xe đạp cũng như đi bộ đường dài là các hoạt động được ưa chuộng trong khu vực. Các điểm tham quan nổi tiếng gần chỗ nghỉ bao gồm Bãi Dứa, Bãi Trước và Tượng Chúa Kitô Vua. Sân bay gần nhất là sân bay quốc tế Tân Sơn Nhất, nằm trong bán kính 109 km từ LightHouse Homestay, và chỗ nghỉ cung cấp dịch vụ đưa đón sân bay với một khoản phụ phí.",6.8
2652,Minh Uyen Homestay,Đà Lạt,"Tọa lạc tại thành phố Đà Lạt, cách Quảng trường Lâm Viên 1,7 km, Minh Uyen Homestay có tầm nhìn ra quang cảnh thành phố. Khách sạn này nằm trong bán kính khoảng 2,5 km từ Vườn hoa Đà Lạt, 4,3 km từ Thiền viện Trúc Lâm và 5 km từ Hồ Tuyền Lâm. Chỗ nghỉ cung cấp dịch vụ lễ tân 24 giờ, dịch vụ đưa đón sân bay, bếp chung và WiFi miễn phí. Mỗi phòng nghỉ tại khách sạn đều có tủ để quần áo, TV màn hình phẳng, phòng tắm riêng, ga trải giường, khăn tắm và ấm đun nước. Một số phòng được bố trí bếp với bếp nấu ăn. Minh Uyên Homestay nằm gần các điểm tham quan nổi tiếng như Hồ Xuân Hương, Công viên Yersin và Biệt thự Hằng Nga (Ngôi nhà điên). Sân bay gần nhất là sân bay Liên Khương, cách chỗ nghỉ 22 km.",8.2
2654,Truong Thinh Hotel,Phú Quốc,"Tọa lạc tại đảo Phú Quốc, cách Bãi Dài 350 m, Truong Thinh Hotel có tầm nhìn ra quang cảnh thành phố. Khách sạn 2 sao này có sảnh khách chung và phòng nghỉ gắn máy điều hòa với WiFi miễn phí cùng phòng tắm chung. Chỗ nghỉ cung cấp dịch vụ lễ tân 24 giờ, dịch vụ tiền sảnh và phòng giữ hành lý cho khách. Mỗi phòng nghỉ tại khách sạn đều có bàn làm việc, TV màn hình phẳng, phòng tắm riêng, ga trải giường và khăn tắm. Trong phòng được trang bị tủ để quần áo và ấm đun nước. Các điểm tham quan nổi tiếng gần Truong Thinh Hotel bao gồm Chùa Sùng Hưng, Bảo tàng Cội Nguồn và Chợ đêm Phú Quốc.",5.9
2658,Mango Beach Resort,Phú Quốc,"Nằm tại xã Hàm Ninh thuộc Huyện Đảo Phú Quốc, cách thị trấn Dương Đông 23 km, Mango Beach Resort có sân hiên tắm nắng và khu bãi biển riêng. Du khách của resort có thể dùng bữa trong nhà hàng, truy cập Wi-Fi miễn phí trong toàn khuôn viên và sử dụng bãi đậu xe riêng miễn phí tại chỗ. Một số phòng của Mango Beach Resort có khu vực tiếp khách riêng để quý khách có thể thư giãn. Các phòng được thiết kế phòng tắm riêng. Dép, đồ vệ sinh cá nhân miễn phí và máy sấy tóc đều được cung cấp để mang lại sự thoải mái cho khách. Resort cung cấp dịch vụ đỗ xe cho khách. Mango Beach Resort nằm trong bán kính 36 km từ thị trấn Kep và 42 km từ thị trấn Kampot. Sân bay Quốc tế Phú Quốc cách resort 13 km.",7.6
2664,Silverland Central Hotel,TP. Hồ Chí Minh,"Silverland Central Hotel nằm ở trung tâm Thành phố Hồ Chí Minh, đối diện với Công viên Trung tâm. Chỗ nghỉ này cung cấp WiFi miễn phí. Silverland Central Hotel nằm cách Chợ Bến Thành chỉ 1 phút đi bộ. Nhà thờ Đức Bà nằm trong bán kính 800 m từ chỗ nghỉ. Phòng nghỉ lắp máy điều hòa tại đây được trang bị tiện nghi pha trà/cà phê, chai nước miễn phí, két an toàn và máy sấy tóc.",5.5
2666,Miracle Luxury Nha Trang,Nha Trang,"Tọa lạc tại thành phố Nha Trang, Miracle Luxury Nha Trang có nhà hàng, trung tâm thể dục, quầy bar và sảnh khách chung. Khách sạn 4 sao này có bàn đặt tour, phòng giữ hành lý và WiFi miễn phí. Chỗ nghỉ cung cấp dịch vụ lễ tân 24 giờ, dịch vụ phòng và dịch vụ thu đổi ngoại tệ cho khách. Phòng nghỉ gắn máy điều hòa tại Miracle Luxury Nha Trang có bàn làm việc, ấm đun nước, minibar, két an toàn, TV màn hình phẳng và phòng tắm riêng với vòi sen. Tất cả các phòng đều được trang bị ga trải giường và khăn tắm. Chỗ nghỉ phục vụ bữa sáng buffet hoặc bữa sáng kiểu Á. Trong số các điểm tham quan nổi tiếng gần Miracle Luxury Nha Trang có Bãi biển Nha Trang, quán Sailing Club và Trung tâm Thuyền buồm Việt Nam. Sân bay gần nhất là sân bay quốc tế Cam Ranh, cách khách sạn 24 km, và chỗ nghỉ cung cấp dịch vụ đưa đón sân bay với một khoản phụ phí.",7.5
2669,Lamanga Hotel & Suites,Đà Nẵng,"Tọa lạc tại thành phố Đà Nẵng, Lamanga Hotel & Suites có phòng nghỉ gắn máy điều hòa, hồ bơi ngoài trời và quầy bar. Trong số các tiện nghi của chỗ nghỉ này có nhà hàng, lễ tân 24 giờ, dịch vụ phòng và WiFi miễn phí. Khách sạn cung cấp các phòng gia đình. Phòng nghỉ tại khách sạn được trang bị bàn làm việc, TV màn hình phẳng, phòng tắm riêng, ga trải giường và khăn tắm. Các phòng được bố trí két an toàn, tủ để quần áo và ấm đun nước. Một số phòng có ban công trong khi các phòng còn lại nhìn ra hồ nước.  Lamanga Hotel & Suites phục vụ bữa sáng à la carte hoặc bữa sáng kiểu Á. Chỗ nghỉ có sân hiên. Lamanga Hotel & Suites nằm cách Bãi biển Mỹ Khê 2,9 km và Bãi biển Bắc Mỹ An 3 km. Sân bay gần nhất là sân bay quốc tế Đà Nẵng, nằm trong bán kính 2 km từ khách sạn, và chỗ nghỉ cung cấp dịch vụ đưa đón sân bay với một khoản phụ phí.",7.3
2670,Majestic Star Hotel,Nha Trang,"Chỗ nghỉ đầy phong cách này chỉ cách Trung tâm Thuyền buồm cũng như CLB Thuyền buồm Việt Nam 500 m. Sân bay Nha Trang cách đó 26 km và dịch vụ đưa/đón sân bay có thể được bố trí với một khoản phụ phí để tạo thuận tiện cho khách. Các phòng nghỉ tại đây có đồ nội thất hiện đại và cửa sổ lớn cho tầm nhìn ra quang cảnh thành phố. Các tiện nghi khác được cung cấp bao gồm máy lạnh, minibar và khu vực tiếp khách thoải mái. Ngoài ra, phòng còn đi kèm tiện nghi phòng tắm riêng. Khách sạn cung cấp tiện nghi BBQ, dịch vụ thu đổi ngoại tệ và tiện nghi tổ chức hội họp. Khách cũng có thể thuê xe hơi/xe đạp để khám phá khu vực. Khách có thể thưởng thức các món ăn Á - Âu tại nhà hàng ngay trong khuôn viên. Đủ loại đồ uống có cồn được cung cấp tại quầy bar.",6.0
2671,Melia Hanoi,Hà Nội,"Nằm ở Trung tâm Thành phố Hà Nội, Melia Hanoi cách Hồ Hoàn Kiếm và Nhà hát Múa rối Nước Thăng Long 650 m. Khách sạn có sòng bạc, hồ bơi ngoài trời và spa. Khách được đỗ xe miễn phí. Các phòng nghỉ hiện đại tại đây được trang bị TV màn hình phẳng với các kênh truyền hình cáp. Trong phòng cũng có két an toàn và tiện nghi pha trà/cà phê. Dịch vụ phòng 24 giờ được cung cấp hàng ngày. Quý khách có thể nạp năng lượng bằng cách bơi lội hoặc rèn luyện sức khỏe tại trung tâm thể dục. Dịch vụ mát-xa và phòng xông hơi khô cũng có tại đây. Bàn đặt tour và trung tâm dịch vụ doanh nhân nằm trong số các tiện nghi của khách sạn. Nhà hàng El Patio phục vụ đủ loại món ăn quốc tế, tập trung vào ẩm thực châu Âu và Mỹ. Các món ăn châu Á bao gồm ẩm thực Việt Nam, Trung Quốc và Thái Lan được phục vụ tại Nhà hàng El Oriental. Để thưởng thức đồ uống và tận hưởng giây phút thư giãn, du khách có thể ghé vào quán Marquee Bar và Cava Lounge. Khách sạn cách trung tâm thương mại Trang Tien Plaza khoảng 650 m. Nhà hát Lớn Hà Nội cách đó 1,2 km.",7.1
2676,An Thinh Homestay,Hội An,"Homestay này cung cấp miễn phí cả WiFi lẫn chỗ đỗ xe riêng. Mỗi căn tại đây đều được trang bị máy điều hòa, TV màn hình phẳng, minibar và phòng tắm riêng với vòi sen. Một số căn được bố trí khu vực ghế ngồi và/hoặc ban công. An Thinh Homestay phục vụ bữa sáng à la carte hoặc bữa sáng đầy đủ kiểu Anh/Ailen. Chỗ nghỉ có sân hiên. An Thinh Homestay cung cấp cả dịch vụ cho thuê xe đạp lẫn xe hơi trong khi du khách có thể đi xe đạp và câu cá gần đó. Các điểm tham quan nổi tiếng gần homestay này gồm có Hội quán Quảng Đông, Bảo tàng Lịch sử Hội An và Hội quán Triều Châu. Sân bay gần nhất là sân bay quốc tế Đà Nẵng, nằm trong bán kính 28 km từ An Thinh Homestay, và chỗ nghỉ cung cấp dịch vụ đưa đón sân bay với một khoản phụ phí.",6.1
2677,The Alcove Library Hotel,TP. Hồ Chí Minh,"Bước vào The Alcove Library Hotel, quý khách được chào đón bằng thiết kế kiểu thư viện ấn tượng với bộ sưu tập sách phong phú. Nằm cách Sân bay Quốc tế Tân Sơn Nhất chỉ 5 phút lái xe, chỗ ở kiểu boutique này là một nơi nghỉ ngơi yên bình. Các phòng và suite máy lạnh hiện đại, rộng rãi tại đây được trang bị TV màn hình phẳng, ổ cắm cho iPod cùng két an toàn cá nhân. Các suite còn có bếp nhỏ. Trong phòng tắm riêng được trang bị vòi sen thư giãn và đồ vệ sinh cá nhân. The Alcove Library Hotel tọa lạc trên một con phố yên tĩnh gần đường Nguyễn Văn Trỗi, nằm trong bán kính chỉ 15 phút lái xe từ Nhà thờ Đức Bà, Trung tâm Mua sắm Diamond và Bảo tàng Chiến tranh. Chợ Bến Thành và Nhà hát Lớn đều cách đó 20 phút lái xe. Quý khách có thể thưởng thức đồ uống chào đón, tuyển chọn trái cây suốt cả ngày. Quý khách cũng được mượn bất kỳ cuốn sách nào từ khách sạn. Quầy lễ tân 24 giờ với nhân viên thân thiện có thể hỗ trợ quý khách sắp xếp đặt tour du lịch và cũng như các dịch vụ giặt thường và giặt hấp. Nhà hàng Bookmark trong nhà nằm trên tầng mái. Nhà hàng phục vụ các đặc sản Việt Nam và châu Âu để đáp ứng khẩu vị khác nhau của quý khách. Nhà hàng có tầm nhìn đẹp mắt ra khu vực xung quanh.",7.1
2688,Terra Cotta Homestay,Hội An,"Tọa lạc tại thành phố Hội An, Terra Cotta Homestay có chỗ nghỉ, nhà hàng, xe đạp cho khách sử dụng miễn phí, phòng khách chung, vườn, sân hiên và tầm nhìn ra vườn. Homestay này cung cấp miễn phí cả WiFi lẫn chỗ đỗ xe riêng. Mỗi chỗ ở tại đây đều được trang bị máy điều hòa, TV màn hình phẳng, tủ lạnh và phòng tắm riêng với chậu rửa vệ sinh (bidet). Khách nghỉ tại Terra Cotta Homestay có thể thưởng thức bữa sáng à la carte và bữa sáng kiểu Á. Chỗ nghỉ có sân chơi cho trẻ em. Terra Cotta Homestay cung cấp cả dịch vụ cho thuê xe đạp lẫn xe hơi và du khách cũng có thể đạp xe ở khu vực gần đó. Homestay nằm cách Làng gốm Thanh Hà 200 m và Làng Thanh Hà 1,2 km. Sân bay gần nhất là sân bay quốc tế Đà Nẵng, nằm trong bán kính 21 km từ Terra Cotta Homestay, và chỗ nghỉ cung cấp dịch vụ đưa đón sân bay với một khoản phụ phí.",8.2
2695,Hoi An Golden Horse Villa,Hội An,"Trong số các tiện nghi của khách sạn này còn có dịch vụ phòng, bàn đặt tour, bếp chung và WiFi miễn phí trong toàn bộ khuôn viên. Chỗ nghỉ cung cấp dịch vụ lễ tân 24 giờ và dịch vụ thu đổi ngoại tệ cho khách. Tất cả phòng nghỉ tại ""Hoi An Golden Horse Villa"" đều có khu vực ghế ngồi, truyền hình vệ tinh màn hình phẳng và phòng tắm riêng với máy sấy tóc cùng vòi sen. Trong phòng còn được trang bị máy điều hòa và bàn làm việc. Khách sạn phục vụ bữa sáng kiểu Mỹ và kiểu Á hàng ngày. Đi xe đạp là hoạt động được ưa chuộng trong khu vực và du khách cũng có thể thuê xe đạp tại ""Hoi An Golden Horse Villa"". Khách sạn nằm cách Bảo tàng Lịch sử Hội An 1,6 km và Hội quán Triều Châu 2,2 km. Sân bay gần nhất là sân bay quốc tế Đà Nẵng, nằm trong bán kính 26 km từ ""Hoi An Golden Horse Villa"", và chỗ nghỉ cung cấp dịch vụ đưa đón sân bay với một khoản phụ phí.",9.0
2697,Rock Mouse villa,Hội An,"Tọa lạc tại thành phố Hội An, cách Hội quán Quảng Đông 400 m và Chùa Cầu Nhật Bản 600 m, Rock Mouse Villa cung cấp chỗ nghỉ có WiFi miễn phí, khu vườn với hồ bơi ngoài trời cũng như hồ bơi trong nhà. Một số căn tại đây được bố trí ban công, TV truyền hình cáp màn hình phẳng, ổ cắm cho iPod và máy điều hòa. Nhà nghỉ B&B này phục vụ bữa sáng kiểu Á hằng ngày. Rock Mouse Villa có sân hiên tắm nắng. Du khách có thể thư giãn tại sảnh khách chung của chỗ nghỉ và đi xe đạp ở khu vực gần đó. Các địa danh nổi tiếng gần chỗ nghỉ bao gồm Bảo tàng Lịch sử Hội An, Hội quán Triều Châu và Bảo tàng Văn hóa Dân gian. Sân bay gần nhất là sân bay quốc tế Đà Nẵng, nằm trong bán kính 29 km từ Rock Mouse Villa, và chỗ nghỉ cung cấp dịch vụ đưa đón sân bay với một khoản phụ phí.",8.6
2704,Bon Ami Hotel - Thiên Xuân Hotel,TP. Hồ Chí Minh,"Bon Ami Hotel - Thiên Xuân Hotel cung cấp chỗ nghỉ giá cả phải chăng với tầm nhìn ra trung tâm thương mại của Thành phố Hồ Chí Minh, cách Chợ Bến Thành 20 m. Chỗ nghỉ có WiFi miễn phí và chỗ đỗ xe riêng miễn phí. Phòng nghỉ tại Bon Ami Hotel - Thiên Xuân Hotel được trang trí trang nhã và được trang bị đầy đủ tiện nghi với TV truyền hình vệ tinh, máy điều hòa và minibar. Phòng tắm riêng đi kèm đồ vệ sinh cá nhân và vòi sen nước nóng/lạnh. Bon Ami Hotel - Thiên Xuân Hotel cung cấp dịch vụ đưa đón sân bay, cho thuê phương tiện đi lại và thu đổi ngoại tệ. Bàn đặt tour với dịch vụ đặt vé cung cấp thông tin về các điểm tham quan địa phương. Chỗ nghỉ có dịch vụ văn phòng. Nhà hàng của khách sạn phục vụ bữa sáng. Du khách có thể dùng bữa trong sự riêng tư ngay tại phòng nghỉ của mình. Bon Ami Hotel - Thiên Xuân Hotel nằm cách sân bay quốc tế Tân Sơn Nhất và Chùa Bà Thiên Hậu 17 phút lái xe. Bảo tàng Hồ Chí Minh nằm cách khách sạn 4 phút lái xe.",7.6
2707,Cozrum Homes - Rivera Corner,TP. Hồ Chí Minh,"""Cozrum Homes - Rivera Corner"" tọa lạc tại Thành phố Hồ Chí Minh, gần Bảo tàng Mỹ thuật, trung tâm thương mại Takashimaya Việt Nam và Chợ ẩm thực đường phố Bến Thành. Chỗ nghỉ này cung cấp WiFi miễn phí. Chỗ nghỉ có máy điều hòa, bếp đầy đủ tiện nghi, TV màn hình phẳng cũng như phòng tắm riêng đi kèm vòi sen, máy sấy tóc và đồ vệ sinh cá nhân miễn phí. Công viên Tao Đàn nằm cách căn hộ 2 km trong khi Dinh Thống Nhất cách đó 2,1 km. Sân bay gần nhất là sân bay quốc tế Tân Sơn Nhất, nằm trong bán kính 8 km từ Cozrum Homes - Rivera Corner.",6.4
2709,"Crowne Plaza Phu Quoc Starbay, an IHG Hotel",Phú Quốc,"Chỗ nghỉ này có khu vực bãi biển riêng, tiện nghi thể thao dưới nước, vườn và sân hiên. Nơi đây cung cấp dịch vụ lễ tân 24 giờ, dịch vụ phòng và dịch vụ thu đổi ngoại tệ cho khách. Phòng nghỉ tại resort có máy điều hòa, khu vực ghế ngồi, TV truyền hình vệ tinh màn hình phẳng, két an toàn cũng như phòng tắm riêng đi kèm vòi sen, áo choàng tắm và dép đi trong phòng. Crowne Plaza Phu Quoc Starbay, an IHG Hotel có một số căn nhìn ra hồ bơi và mỗi phòng đều có ban công. Tất cả các phòng tại chỗ nghỉ này đều có bố trí ga trải giường và khăn tắm. Crowne Plaza Phu Quoc Starbay, an IHG Hotel phục vụ bữa sáng buffet hoặc bữa sáng kiểu Anh/Ireland. Resort có sân chơi cho trẻ em. Crowne Plaza Phu Quoc Starbay, an IHG Hotel nằm cách Bãi Dài 1,4 km và công viên giải trí Vinpearl Land Phú Quốc 3,3 km. Sân bay gần nhất là sân bay quốc tế Phú Quốc, cách đó 28 km, và chỗ nghỉ cung cấp dịch vụ đưa đón sân bay miễn phí.",8.0
2711,Maison Hotel Phu Quoc,Phú Quốc,"Khách sạn 3 sao này có WiFi miễn phí, máy ATM và dịch vụ tiền sảnh. Chỗ nghỉ cung cấp dịch vụ lễ tân 24 giờ, dịch vụ phòng và dịch vụ thu đổi ngoại tệ cho khách. Phòng nghỉ tại Maison Hotel Phu Quoc có máy điều hòa, bàn làm việc, ấm đun nước, minibar, két an toàn, TV màn hình phẳng và phòng tắm riêng với vòi xịt/chậu rửa vệ sinh. Các phòng được trang bị ga trải giường và khăn tắm. Chỗ nghỉ phục vụ bữa sáng buffet và bữa sáng kiểu Mỹ hằng ngày. Trong số các điểm tham quan nổi tiếng gần Maison Hotel Phu Quoc có Bãi biển Dinh Cậu, Chùa Sùng Hưng và Chợ đêm Phú Quốc. Sân bay gần nhất là sân bay quốc tế Phú Quốc, cách khách sạn 10 km, và chỗ nghỉ cung cấp dịch vụ đưa đón sân bay với một khoản phụ phí.",7.3
2713,New Epoch Sapa Hotel,Sa Pa,"Khách sạn này nằm gần một số điểm tham quan nổi tiếng, cách trung tâm thương mại Sun Plaza chưa đến 1 km, Hồ Sa Pa 15 phút đi bộ và Vườn hoa Hàm Rồng - Núi Hàm Rồng 300 m. Chỗ nghỉ cung cấp dịch vụ lễ tân 24 giờ, dịch vụ đưa đón, dịch vụ phòng và WiFi miễn phí trong toàn bộ khuôn viên. Phòng nghỉ tại New Epoch Sapa Hotel có máy điều hòa, tủ để quần áo, ấm đun nước, tủ lạnh, két an toàn, TV màn hình phẳng và phòng tắm riêng với vòi xịt/chậu rửa vệ sinh. Các phòng được trang bị ga trải giường và khăn tắm. Chỗ nghỉ phục vụ bữa sáng buffet hoặc bữa sáng kiểu Á. New Epoch Sapa Hotel có sân hiên. Các điểm tham quan nổi tiếng gần khách sạn bao gồm Bến xe Sa Pa, Quảng trường Trung tâm Sa Pa và Chợ đêm Sa Pa.",5.8
2715,New World Saigon Hotel,TP. Hồ Chí Minh,"Chỗ nghỉ này nằm trong khoảng cách đi bộ từ các chợ, bảo tàng và địa điểm tham quan văn hóa. Khách sạn nằm trong bán kính 8 km từ sân bay quốc tế Tân Sơn Nhất và chỉ vài bước chân từ bến xe trung tâm, lý tưởng để du khách khám phá thành phố dễ dàng. New World Saigon Hotel cung cấp 533 phòng và suite với nhiều địa điểm tổ chức sự kiện, nhà hàng bình dân mở cửa cả ngày, nhà hàng Trung Hoa trang nhã và sảnh khách sôi động để tận hưởng đêm khuya.",6.6
2717,LEGEND Boutique Hotel,Đà Nẵng,"Tọa lạc tại thành phố Đà Nẵng, cách Bãi biển Mỹ Khê 300 m, LEGEND Boutique Hotel có hồ bơi ngoài trời, trung tâm thể dục và tầm nhìn ra quang cảnh thành phố. Trong số các tiện nghi của chỗ nghỉ này còn có nhà hàng, lễ tân 24 giờ, dịch vụ phòng và WiFi miễn phí. Khách sạn cung cấp các phòng gia đình. Phòng nghỉ tại LEGEND Boutique Hotel được trang bị tủ để quần áo, TV màn hình phẳng, máy điều hòa và bàn làm việc. Chỗ nghỉ phục vụ bữa sáng kiểu lục địa hoặc bữa sáng tự chọn. LEGEND Boutique Hotel có sân chơi cho trẻ em. Đi xe đạp là hoạt động được ưa chuộng trong khu vực và du khách có thể thuê xe hơi tại khách sạn. Chỗ nghỉ có tiệm làm tóc và trung tâm dịch vụ doanh nhân. LEGEND Boutique Hotel nằm trong bán kính 1,6 km từ Cầu khóa Tình yêu và 1,8 km từ Cầu Sông Hàn. Sân bay gần nhất là sân bay quốc tế Đà Nẵng, cách đó 5 km, và chỗ nghỉ cung cấp dịch vụ đưa đón sân bay với một khoản phụ phí.",7.2
2720,The Yard Phu Quoc,Phú Quốc,"Tọa lạc tại đảo Phú Quốc, cách Bãi Dài 2,3 km, The Yard Phu Quoc cung cấp chỗ nghỉ với quầy bar, chỗ đỗ xe riêng miễn phí, sảnh khách chung và khu vườn. Chỗ nghỉ này có các phòng gia đình và sân hiên. Chỗ nghỉ cung cấp dịch vụ lễ tân 24 giờ, dịch vụ phòng và dịch vụ thu đổi ngoại tệ cho khách. Hoàn chỉnh với phòng tắm riêng được trang bị vòi xịt/chậu rửa vệ sinh và máy sấy tóc, tất cả các phòng tại nhà khách đều có TV màn hình phẳng và máy điều hòa. Một số phòng còn có khu vực ghế ngồi. Các căn được trang bị tủ để quần áo và ấm đun nước. The Yard Phu Quoc nằm trong bán kính 2,8 km từ Chùa Sùng Hưng và 19 km từ Sòng bạc Corona.",6.6
2721,5 Coconut Villa,Hội An,"Chỗ nghỉ này có các phòng gia đình và sân hiên. Khách sạn có hồ bơi ngoài trời, lễ tân 24 giờ và WiFi miễn phí. Phòng nghỉ của 5 Coconut Homestay được trang bị tủ để quần áo, bàn làm việc, TV màn hình phẳng và phòng tắm riêng. Khách nghỉ tại đây có thể thưởng thức bữa sáng à la carte hoặc kiểu Á. Đạp xe là hoạt động phổ biến trong khu vực trong khi 5 Coconut Homestay cũng cho thuê xe máy và xe hơi. Khách sạn nằm trong bán kính 2,2 km từ Bãi biển Cửa Đại và 2,5 km từ Bãi biển An Bàng. Sân bay gần nhất là sân bay quốc tế Đà Nẵng, cách 5 Coconut Homestay 31 km, và chỗ nghỉ cung cấp dịch vụ đưa đón sân bay với một khoản phụ phí.",8.3
2722,Khanh's Home,Huế,"Khanh's Home cung cấp chỗ nghỉ có máy điều hòa, vườn và WiFi miễn phí nằm tại thành phố Huế, cách Lăng Tự Đức 4,4 km và Cầu Tràng Tiền 6 km. Một số phòng tại đây có khu vực ghế ngồi và/hoặc sân hiên. Khách nghỉ tại chỗ nghỉ nhà dân này có thể thưởng thức bữa sáng kiểu Anh/Ai-len hoặc kiểu Á. Nhà hàng trong khuôn viên phục vụ ẩm thực Việt Nam và Châu Á đồng thời cung cấp thực đơn chay và thực đơn chay không trứng, sữa. Khanh's Home có tiện nghi BBQ. Những vị khách nhỏ tuổi có thể giải trí trên sân chơi cho trẻ em của chỗ nghỉ. Khanh's Home cách Bảo tàng cổ vật cung đình Huế 5 km, Chợ Đông Ba 5,2 km và sân bay gần nhất là sân bay Phú Bài 13,4 km.",7.6
2729,HÙNG Apartment Dalat,Đà Lạt,"Tọa lạc tại thành phố Đà Lạt, cách Hồ Xuân Hương chỉ 1,5 km, HÙNG Apartment Dalat cung cấp chỗ nghỉ với sảnh khách chung, khu vườn cũng như bếp chung. Chỗ nghỉ này có sân trong, chỗ đỗ xe riêng miễn phí và WiFi miễn phí. Căn hộ này có đầu đĩa DVD, khu vực bếp ăn với tủ lạnh, lò nướng cùng bếp nấu, phòng khách đi kèm khu vực ghế ngồi và khu vực ăn uống, 2 phòng ngủ cũng như 2 phòng tắm với vòi xịt/chậu rửa vệ sinh cùng vòi sen. Căn này được trang bị TV truyền hình cáp màn hình phẳng. Căn hộ có tiện nghi BBQ và sân hiên. Các điểm tham quan nổi tiếng gần HÙNG Apartment Dalat bao gồm Vườn hoa Đà Lạt, Quảng trường Lâm Viên và Công viên Yersin. Sân bay gần nhất là sân bay Liên Khương, cách đó 23 km, và chỗ nghỉ cung cấp dịch vụ đưa đón sân bay với một khoản phụ phí.",5.0
2730,Camia Resort & Spa,Phú Quốc,"Camia Resort & Spa nằm bên Bãi biển Ông Lang thuộc Đảo Phú Quốc. Resort 4 sao này cung cấp WiFi miễn phí, dịch vụ lễ tân 24 giờ và dịch vụ trợ giúp đặc biệt. Chỗ nghỉ cũng có dịch vụ phòng và tổ chức các tour du lịch cho khách. Phòng nghỉ tại Camia Resort & Spa được trang bị bàn làm việc, TV truyền hình cáp màn hình phẳng và phòng tắm riêng với bồn tắm. Một số phòng còn có khu vực ghế ngồi.  Resort phục vụ bữa sáng hàng ngày. Du khách có thể thưởng thức ẩm thực Châu Á, địa phương và Việt Nam tại nhà hàng trong khuôn viên. Chỗ nghỉ có hồ bơi ngoài trời. Công viên giải trí Vinpearl Land Phú Quốc nằm trong bán kính 15 km từ Camia Resort & Spa. Sân bay gần nhất là sân bay quốc tế Phú Quốc, cách đó 19 km.",7.8
2731,Bean Grass Homestay,Hội An,"Nằm tại thành phố Hội An, Bean Grass Homestay có chỗ nghỉ, xe đạp cho khách sử dụng miễn phí, sảnh khách chung, vườn, sân hiên và tầm nhìn ra vườn. Homestay này cung cấp miễn phí cả WiFi lẫn chỗ đỗ xe riêng. Các căn tại đây có ban công, máy điều hòa, TV màn hình phẳng và phòng tắm riêng với vòi xịt/chậu rửa vệ sinh cùng dép đi trong phòng. Các căn còn được trang bị minibar và ấm đun nước. Bean Grass Homestay phục vụ bữa sáng à la carte hàng ngày. Du khách có thể thuê xe đạp và xe hơi tại chỗ nghỉ. Các điểm tham quan nổi tiếng gần Bean Grass Homestay bao gồm Bảo tàng Lịch sử Hội An, Hội quán Triều Châu và Chùa Cầu Nhật Bản. Sân bay gần nhất là sân bay quốc tế Đà Nẵng, cách homestay 27 km, và chỗ nghỉ cung cấp dịch vụ đưa đón sân bay với một khoản phụ phí.",8.5
2733,Hanoi Buffalo Hostel,Hà Nội,"Trong số các tiện nghi của hostel này có lễ tân 24 giờ, dịch vụ phòng và WiFi miễn phí trong toàn bộ khuôn viên. Chỗ nghỉ có chương trình giải trí buổi tối và bàn đặt tour. Tất cả phòng nghỉ tại hostel đều được trang bị máy điều hòa và két an toàn. Hanoi Buffalo Hostel phục vụ bữa sáng à la carte hằng ngày. Các điểm tham quan nổi tiếng gần chỗ nghỉ bao gồm Ô Quan Chưởng, Nhà hát múa rối nước Thăng Long và Hồ Hoàn Kiếm. Sân bay gần nhất là sân bay quốc tế Nội Bài, cách Hanoi Buffalo Hostel 25 km.",6.9
2734,Ana Mandara Villas Dalat Resort & Spa,Đà Lạt,"Đối với những ai đam mê lịch sử và phong cách, Ana Mandara Villas Dalat Resort & Spa chính là nơi họ muốn. Đây không chỉ là chốn nghỉ ngơi độc đáo mà còn là kho báu nằm ở vị trí trung tâm; chỗ nghỉ yên tĩnh và quyến rũ này cung cấp 17 biệt thự trang nhã với kiến trúc Pháp có từ một thế kỷ trước. Được hòa trộn tinh tế trong cảnh quan tươi tốt trên đỉnh đồi, Ana Mandara Villas Dalat Resort & Spa mang đến những trải nghiệm đặc biệt về dịch vụ, sự thanh bình và thú vị. Với kiến trúc quyến rũ kiểu cổ điển, nội thất lôi cuốn và sự quan tâm chăm chút đến từng chi tiết mang đến những trải nghiệm độc đáo về tính mộc mạc, thanh bình và tinh tế, Ana Mandara Villas Dalat Resort & Spa đã nhiều lần được trao giải thưởng Khách sạn Sang trọng Thế giới trong năm 2018, Resort Trên Núi Sang Trọng Hàng Đầu trong năm 2019, Giải thưởng do Du khách Bình chọn của TripAdvisor vào năm 2021 và các nền tảng khác. La Cochinchine Spa của resort có 5 phòng trị liệu với đủ loại liệu pháp trị liệu bao gồm khu mát-xa chân cũng như các phòng xông hơi khô và ướt khác nhau. Resort có bàn đặt tour và lễ tân 24 giờ, cung cấp một loạt dịch vụ như thu đổi ngoại tệ, cho thuê xe hơi và đưa đón sân bay. Nếu du khách đang tìm kiếm một trải nghiệm ẩm thực sang trọng và lãng mạn, nhà hàng Le Petit Restaurant phục vụ cả các món ăn Việt Nam lẫn phương Tây với nguyên liệu tươi ngon nhất từ thành phố Đà Lạt và vườn rau hữu cơ riêng của chỗ nghỉ. Từng là biệt thự thời Pháp thuộc, Le Petit vẫn duy trì thiết kế kiểu cổ điển, trở thành một điểm đến trải nghiệm ẩm thực. Một bổ sung hoàn toàn mới cho Le Petit Private Dining Room là dịch vụ La Table Des Lys, mang đến trải nghiệm ẩm thực cao cấp đặc biệt cho những thực khách sành ăn. Du khách có thể khám phá các khu vực cảnh quan xung quanh và văn hóa địa phương cũng như vùng nông thôn làm nông nghiệp. Trong bán kính 3 km, du khách cũng có thể đến được nhiều điểm tham quan nổi tiếng của thành phố Đà Lạt như Quảng trường Lâm Viên, Hồ Xuân Hương và Vườn hoa Đà Lạt. Sân bay gần nhất là sân bay Liên Khương, cách đó 22,5 km.",8.0
2735,Dong Duong Hotel & Suites,Đà Nẵng,"Tọa lạc tại thành phố Đà Nẵng, cách Bãi biển Thanh Bình 2,4 km, Dong Duong Hotel & Suites cung cấp chỗ nghỉ với nhà hàng, chỗ đỗ xe riêng miễn phí, quầy bar và sảnh khách chung. Mỗi chỗ nghỉ tại khách sạn 4 sao này đều có tầm nhìn ra quang cảnh thành phố và WiFi miễn phí. Nơi đây cung cấp dịch vụ lễ tân 24 giờ, dịch vụ phòng và dịch vụ thu đổi ngoại tệ cho khách. Phòng nghỉ tại Dong Duong Hotel & Suites có máy điều hòa, bàn làm việc, ấm đun nước, tủ lạnh, minibar, két an toàn, TV màn hình phẳng và phòng tắm riêng với vòi sen. Một số phòng được bố trí khu vực bếp ăn với lò vi sóng cùng bếp nấu. Mỗi phòng đều được trang bị ga trải giường và khăn tắm. Chỗ nghỉ phục vụ bữa sáng kiểu lục địa hàng ngày. Đạp xe là hoạt động phổ biến trong khu vực và Dong Duong Hotel & Suites cũng cung cấp dịch vụ cho thuê xe đạp. Các điểm tham quan nổi tiếng gần khách sạn bao gồm Bảo tàng Chăm, Trung tâm thương mại Indochina Riverside và Cầu Sông Hàn. Sân bay gần nhất là sân bay quốc tế Đà Nẵng, cách Dong Duong Hotel & Suites 4 km, và chỗ nghỉ cung cấp dịch vụ đưa đón sân bay với một khoản phụ phí.",7.2
2742,Manh Duyen Garden Homestay,Phú Quốc,"Tọa lạc tại đảo Phú Quốc, cách Chùa Sùng Hưng 3,7 km và Sòng bạc Corona 25 km, Manh Duyen Garden Homestay cung cấp chỗ nghỉ với WiFi miễn phí, máy điều hòa và vườn. Ngoài ra còn được bố trí phòng tắm riêng với chậu rửa vệ sinh (bidet), máy sấy tóc và đồ vệ sinh cá nhân miễn phí. Căn hộ cung cấp cả dịch vụ cho thuê xe đạp lẫn xe hơi. Công viên giải trí Vinpearl Land Phú Quốc nằm trong bán kính 25 km từ Manh Duyen Garden Homestay trong khi Bảo tàng Cội Nguồn cách đó chưa đến 1 km. Sân bay gần nhất là sân bay quốc tế Phú Quốc, cách đó 3 km, và chỗ nghỉ cung cấp dịch vụ đưa đón sân bay với một khoản phụ phí.",7.7
2746,TEPPI Hotel Da Lat,Đà Lạt,"Tọa lạc tại thành phố Đà Lạt, cách Quảng trường Lâm Viên 1,5 km, TEPPI Hotel Da Lat có dịch vụ nhận phòng/trả phòng cấp tốc, phòng nghỉ, sảnh khách chung, WiFi miễn phí và sân hiên. Chỗ nghỉ này nằm trong bán kính khoảng 3,4 km từ Vườn hoa Đà Lạt, 4 km từ Thiền viện Trúc Lâm và 4,2 km từ Hồ Tuyền Lâm. Nơi đây cung cấp dịch vụ lễ tân 24 giờ, bếp chung và tổ chức các tour du lịch cho khách. Mỗi phòng nghỉ tại khách sạn đều được trang bị tủ để quần áo, TV màn hình phẳng, phòng tắm riêng, ga trải giường và khăn tắm. Trong phòng được bố trí ấm đun nước và tủ lạnh. Một số phòng có ban công trong khi các phòng còn lại nhìn ra quang cảnh thành phố.  Các điểm tham quan nổi tiếng gần TEPPI Hotel Da Lat bao gồm Công viên Yersin, Hồ Xuân Hương và Biệt thự Hằng Nga (Ngôi nhà điên). Sân bay gần nhất là sân bay Liên Khương, cách chỗ nghỉ 29 km.",8.5
2747,Fraser Residence Hanoi,Hà Nội,"Mỗi căn tại đây đều có bếp nhỏ với lò vi sóng và tủ lạnh, két an toàn, TV truyền hình vệ tinh, tiện nghi ủi, bàn làm việc cũng như khu vực ghế ngồi. Tất cả các căn được bố trí phòng tắm riêng với bồn tắm, áo choàng tắm, dép đi trong phòng và máy sấy tóc. Căn hộ phục vụ bữa sáng kiểu lục địa hoặc bữa sáng buffet. Khách được thoải mái sử dụng phòng xông hơi khô tại Fraser Residence Hanoi. Du khách cũng có thể thư giãn tại khu vực tiếp khách chung. Chỗ nghỉ cách trung tâm thương mại Vincom Nguyễn Chí Thanh 7,3 km và Lăng Chủ tịch Hồ Chí Minh 7,4 km. Sân bay gần nhất là sân bay quốc tế Nội Bài, nằm trong bán kính 21 km từ Fraser Residence Hanoi.",7.2
2749,Nhà An Đà Lạt,Đà Lạt,"Tọa lạc tại thành phố Đà Lạt thuộc tỉnh Lâm Đồng, gần Quảng trường Lâm Viên và Hồ Xuân Hương, Nhà An Đà Lạt cung cấp chỗ nghỉ với WiFi miễn phí và chỗ đỗ xe riêng miễn phí. Chỗ nghỉ được bố trí phòng tắm riêng đầy đủ tiện nghi với vòi sen và máy sấy tóc. Chỗ nghỉ nằm cách Công viên Yersin 1,8 km và Vườn hoa Đà Lạt 2,9 km. Sân bay gần nhất là sân bay Liên Khương, nằm trong bán kính 30 km từ Nhà An Đà Lạt.",7.5
2750,Baloo Hostel,Huế,"Tọa lạc tại thành phố Huế, cách Cầu Tràng Tiền 2 km, Baloo Hostel cung cấp chỗ nghỉ với dịch vụ nhận/trả phòng cấp tốc, các phòng không hút thuốc, quán bar, WiFi miễn phí trong toàn bộ khuôn viên và sảnh khách chung. Chỗ nghỉ này có các phòng gia đình và sân hiên. Nơi đây cung cấp dịch vụ lễ tân 24 giờ, dịch vụ phòng và tổ chức tour du lịch cho khách. Hostel này cung cấp bữa sáng kiểu à la carte/kiểu Mỹ. Bảo tàng Cổ vật Cung đình và Chợ Đông Ba cách Baloo Hostel lần lượt 2,3 km và 2,4 km. Sân bay gần nhất là sân bay Phú Bài, nằm trong bán kính 14 km từ chỗ nghỉ.",7.4
2753,T&K Guesthouse,Đà Lạt,"T&K Guesthouse cung cấp chỗ nghỉ ở vị trí tuyệt đẹp tại thành phố Đà Lạt, cách Quảng trường Lâm Viên, Hồ Xuân Hương và Công viên Yersin một quãng ngắn. Chỗ nghỉ này có tầm nhìn ra quang cảnh núi non, xe đạp cho khách sử dụng miễn phí và WiFi miễn phí. Tất cả các căn tại đây đều được bố trí khu vực ghế ngồi, TV truyền hình vệ tinh màn hình phẳng và phòng tắm riêng đi kèm dép đi trong phòng, vòi xịt/chậu rửa vệ sinh cùng vòi sen. Một số căn còn có ban công và/hoặc sân hiên nhìn ra hồ nước hoặc khu vườn. Homestay này phục vụ bữa sáng buffet hoặc kiểu Á. Du khách có thể thuê xe hơi tại T&K Guesthouse. Chỗ nghỉ nằm cách Vườn hoa Đà Lạt 2,8 km và Thiền viện Trúc Lâm 6 km. Sân bay gần nhất là sân bay Liên Khương, nằm trong bán kính 29 km từ T&K Guesthouse, và chỗ nghỉ cung cấp dịch vụ đưa đón sân bay với một khoản phụ phí.",7.6
2760,Granda Trung Hoa Apartment,Hà Nội,"Các căn hộ tại đây có sàn lát gạch, bếp đầy đủ tiện nghi với lò vi sóng, khu vực ăn uống, truyền hình vệ tinh màn hình phẳng và phòng tắm riêng đi kèm chậu rửa vệ sinh (bidet) cùng máy sấy tóc. Tủ lạnh, lò nướng, bếp nấu và ấm đun nước cũng được trang bị cho khách. Khách sạn căn hộ này phục vụ bữa sáng kiểu Á. Granda Trung Hoa Apartment có sân hiên. Lăng Chủ tịch Hồ Chí Minh và Chùa Một Cột đều nằm trong bán kính 5 km từ chỗ nghỉ. Sân bay gần nhất là sân bay quốc tế Nội Bài, cách đó 22 km, và Granda Trung Hoa Apartment cung cấp dịch vụ đưa đón sân bay với một khoản phụ phí.",7.0
2763,Rang Dong Hotel,TP. Hồ Chí Minh,"Rang Dong Hotel nằm ở trung tâm Thành phố Hồ Chí Minh, đối diện Công viên Tao Đàn. Chỗ ở này có 1 phòng xông hơi, Wi-Fi miễn phí và các phòng với TV màn hình phẳng. Rang Dong Hotel cách Chợ Bến Thành 10 phút đi bộ và cách Bảo tàng Chứng tích Chiến tranh 15 phút đi bộ. Sân bay Quốc Tế Tân Sơn Nhất cách khách sạn 20 phút lái xe. Các phòng máy lạnh tại Rang Dong đều có cửa sổ lớn cho tầm nhìn ra cảnh thành phố. Mỗi phòng đều có két an toàn và minibar. Tiện nghi tắm vòi sen nước nóng và máy sấy tóc có trong phòng tắm. Khách trú tại đây có thể chiều chuộng bản thân bằng cách mát-xa thư giãn toàn thân. Để thuận tiện, Hotel Rang Dong có dịch vụ thu đổi ngoại tệ và cho thuê xe hơi theo yêu cầu. Rang Dong Restaurant phục vụ tuyển chọn ngon các món ăn địa phương. Đồ ăn kiểu Âu và Á cũng có tại đây.",7.3
2765,The hidden gem,Hà Nội,"Nằm cách Hồ Tây khoảng 24 km, The hidden gem cung cấp chỗ nghỉ với hồ bơi ngoài trời mở cửa theo mùa, quầy bar, sân hiên và tầm nhìn ra vườn. Nhà nghỉ dưỡng này có hồ bơi riêng, vườn, tiện nghi BBQ, WiFi miễn phí và chỗ đỗ xe riêng miễn phí. Nhà nghỉ dưỡng gắn máy điều hòa này được bố trí 3 phòng ngủ, TV màn hình phẳng và khu vực bếp ăn với minibar. Đền Quán Thánh và Bảo tàng Dân tộc học Việt Nam đều nằm trong bán kính 25 km từ nhà nghỉ dưỡng. Sân bay gần nhất là sân bay quốc tế Nội Bài, cách The hidden gem 5 km.",7.5
2769,A25 Hotel - 13 Bùi Thị Xuân,TP. Hồ Chí Minh,"Tọa lạc tại vị trí tuyệt đẹp ở Thành phố Hồ Chí Minh, A25 Hotel - 13 Bùi Thị Xuân có phòng nghỉ gắn máy điều hòa, nhà hàng và WiFi miễn phí. Chỗ nghỉ này nằm gần Bảo tàng Mỹ thuật, trung tâm thương mại Takashimaya Việt Nam và Bảo tàng Chứng tích Chiến tranh. Khách sạn cung cấp các phòng gia đình. Phòng nghỉ tại khách sạn được trang bị TV màn hình phẳng. Trong số các điểm tham quan nổi tiếng gần A25 Hotel - 13 Bùi Thị Xuân có Bảo tàng Thành phố Hồ Chí Minh, Chợ ẩm thực đường phố Bến Thành và Công viên Tao Đàn. Sân bay gần nhất là sân bay quốc tế Tân Sơn Nhất, cách đó 13 km, và chỗ nghỉ cung cấp dịch vụ đưa đón sân bay với một khoản phụ phí.",7.0
2776,Thuy Van Bungalow Phu Quoc,Phú Quốc,"Thuy Van Bungalow Phu Quoc tọa lạc tại đảo Phú Quốc, cách Bãi biển Cửa Cạn chưa đầy 1 km và Bãi biển Ông Lang chưa đầy 1 km. Nơi đây cung cấp chỗ nghỉ với nhà hàng, chỗ đỗ xe riêng miễn phí, quán bar, sảnh khách chung và khu vườn. Chỗ nghỉ có lễ tân 24 giờ, dịch vụ đưa đón sân bay, bếp chung và WiFi miễn phí. Phòng nghỉ tại Thuy Van Bungalow Phu Quoc có máy điều hòa, bàn làm việc, ban công nhìn ra hồ bơi, phòng tắm riêng, TV màn hình phẳng, ga trải giường và khăn tắm. Mỗi phòng đều được bố trí khu vực ghế ngồi. Sòng bạc Corona và công viên giải trí Vinpearl Land Phú Quốc đều nằm trong bán kính 9 km từ chỗ nghỉ.",7.9
2777,Sel de Mer Hotel & Suites,Đà Nẵng,"Nằm ở thành phố Đà Nẵng, Sel de Mer Hotel & Suites cung cấp chỗ nghỉ bên bờ biển, cách Ngũ Hành Sơn 7 km và chỉ cách Bán đảo Sơn Trà 5 km. Khách sạn có nhiều tiện nghi khác nhau, như trung tâm thể dục, hồ bơi, quầy bar và sảnh khách chung. Mỗi phòng nghỉ tại khách sạn đều có sân trong, bàn làm việc, TV màn hình phẳng và phòng tắm riêng.  Chỗ nghỉ phục vụ bữa sáng tự chọn và kiểu lục địa hàng ngày. Tại Sel de Mer Hotel & Suites, du khách có thể thoải mái sử dụng phòng xông hơi muối và phòng xông hơi ướt miễn phí. Khách sạn có bàn đặt tour, dịch vụ cho thuê xe hơi và trung tâm dịch vụ doanh nhân, nơi có báo cho khách đọc. Khách sạn cách Cầu Sông Hàn 2,2 km và Cầu tàu tình yêu 3,1 km. Sân bay gần nhất là Sân bay Quốc tế Đà Nẵng, cách Sel de Mer Hotel & Suites 7 km và khách sạn cung cấp dịch vụ đưa đón sân bay có tính phí.",8.4
2780,Thanh Lan Hotel,TP. Hồ Chí Minh,"Khách sạn này có lễ tân 24 giờ, nhà hàng và sân hiên. Khách sạn cung cấp các phòng gia đình. Tất cả phòng nghỉ tại khách sạn đều được trang bị truyền hình cáp màn hình phẳng, tủ lạnh, ấm đun nước, chậu rửa vệ sinh (bidet), máy sấy tóc và bàn làm việc. Mỗi phòng còn có tủ để quần áo và phòng tắm riêng. Chùa Giác Lâm và Công viên Tao Đàn đều nằm cách Thanh Lan Hotel 5 km. Sân bay gần nhất là sân bay quốc tế Tân Sơn Nhất, cách chỗ nghỉ 8 km.",5.7
2781,Hanoi Royal Palace Hotel 2,Hà Nội,"Hanoi Royal Palace Hotel 2 cung cấp một loạt phòng nghỉ hiện đại đi kèm Wi-Fi miễn phí. Cách Hồ Hoàn Kiếm 5 phút đi bộ, khách sạn này có nhà hàng và lễ tân 24 giờ. Từ Hanoi Royal Palace Hotel 2, du khách đi bộ 10 phút là đến Ga Trần Quý Cáp và lái xe 10 phút là tới Lăng Chủ tịch Hồ Chí Minh cũng như Văn Miếu-Quốc Tử Giám. Sân bay Quốc tế Nội Bài cách đó 30 km. Các phòng máy lạnh tại đây có truyền hình cáp màn hình phẳng, bàn làm việc và khu vực tiếp khách. Phòng tắm riêng đi kèm vòi sen nước nóng và đồ vệ sinh cá nhân miễn phí. Một số phòng chọn lọc còn được trang bị bồn tắm. Bàn đặt tour có thể sắp xếp dịch vụ cho thuê xe đạp và các chuyến đi trong ngày cho khách. Các dịch vụ đón tại sân bay, giặt là và ủi được cung cấp với một khoản phụ phí. Máy ATM được đặt ở phía trước khách sạn. Nhà hàng mở cửa suốt 24 giờ phục vụ bữa sáng gồm trứng, bánh mì, mứt và nước trái cây. Nơi này cũng chuyên về ẩm thực Việt Nam và phương Tây. Thực đơn đồ uống và các món ăn nhẹ được cung cấp tại quầy bar.",7.1
2789,Shell_Villa,Vũng Tàu,"Tọa lạc ở thành phố Vũng Tàu, cách Bãi Sau chỉ 2,8 km, Shell_Villa cung cấp chỗ nghỉ bên bờ biển với hồ bơi ngoài trời, sảnh khách chung, khu vườn và WiFi miễn phí. Biệt thự này có hồ bơi riêng, tiện nghi BBQ và chỗ đỗ xe riêng miễn phí. Biệt thự được bố trí 5 phòng ngủ, 6 phòng tắm, ga trải giường, khăn tắm, TV truyền hình cáp màn hình phẳng, khu vực ăn uống, bếp đầy đủ tiện nghi và sân trong nhìn ra hồ nước. Biệt thự có sân hiên tắm nắng. Trong khuôn viên Shell_Villa cũng có khu vực bãi biển riêng và du khách có thể câu cá ở khu vực gần đó. Bạch Dinh và Mũi Nghinh Phong đều nằm cách chỗ nghỉ 9 km. Sân bay gần nhất là sân bay quốc tế Tân Sơn Nhất, nằm trong bán kính 102 km từ Shell_Villa.",7.7
2792,Tuyết Nhi,Vũng Tàu,"Trong số các tiện nghi tại chỗ nghỉ này có lễ tân 24 giờ, dịch vụ phòng và WiFi miễn phí trong toàn bộ khuôn viên. Khách sạn cung cấp các phòng gia đình. Trong số các điểm tham quan nổi tiếng gần khách sạn có Bãi Dứa, Bãi Trước và Tượng Chúa Kitô Vua. Sân bay gần nhất là sân bay quốc tế Tân Sơn Nhất, nằm trong bán kính 108 km từ Tuyết Nhi.",6.0
2804,Hoang Sa Hotel,Đà Nẵng,"Với các phòng nghỉ hiện đại có Wi-Fi miễn phí, Hoang Sa Hotel có phòng xông hơi khô cùng nhà hàng và quán cà phê trong khuôn viên. Khách sạn này cách bãi biển công cộng Phạm Văn Đồng 500 m và có trung tâm dịch vụ doanh nhân miễn phí. Hoang Sa Hotel cách Sân bay Quốc tế Đà Nẵng 3 km và cách núi Ngũ Hành Sơn 4 km. Các phòng máy lạnh tại đây được trang bị truyền hình cáp màn hình phẳng, két an toàn và minibar. Phòng tắm riêng được trang bị vòi sen, máy sấy tóc và đồ vệ sinh cá nhân miễn phí. Nước đóng chai miễn phí, trà và cà phê hòa tan được cung cấp trong phòng. Dịch vụ giữ hành lý và két an toàn có tại lễ tân 24 giờ. Các dịch vụ giặt thường, giặt hấp và dịch vụ đưa/đón sân bay được cung cấp kèm phụ phí. Bữa sáng được phục vụ hàng ngày từ 06:30 - 09:30 và quý khách có thể dùng bữa trong phòng nghỉ của mình. Nhà hàng của khách sạn chuyên phục vụ các món ăn Châu Á và Quốc tế.",8.2
2805,Sandy Beach Non Nuoc Resort,Đà Nẵng,"Nằm dọc theo Bãi biển Non Nước, Sandy Beach Non Nuoc Resort là chỗ nghỉ nhìn ra bãi biển và cung cấp các phòng nghỉ đầy phong cách với Wi-Fi miễn phí. Resort có 2 hồ bơi ngoài trời, 2 lựa chọn ăn uống trong khuôn viên, trung tâm thể dục đầy đủ trang thiết bị và trung tâm spa. Tất cả các phòng nghỉ rộng rãi tại đây đều có máy điều hòa, cửa sổ kính suốt từ trần đến sàn đón nhiều ánh sáng tự nhiên, trần cao, khu vực ghế ngồi, két an toàn cá nhân và truyền hình vệ tinh màn hình phẳng. Một số phòng được trang bị tiện nghi pha trà/cà phê hoặc đầu đĩa DVD để tạo thuận tiện cho khách. Phòng tắm riêng đi kèm tiện nghi vòi sen, máy sấy tóc và đồ vệ sinh cá nhân miễn phí. Sandy Beach Non Nuoc Resort cũng tổ chức các chuyến đi câu cá và cung cấp tiện nghi thể thao dưới nước. Bàn đặt tour có thể giúp du khách sắp xếp việc đi lại. Chỗ đỗ xe riêng miễn phí được bố trí ngay trong khuôn viên. The World là nhà hàng phục vụ ăn uống cả ngày với nhiều món ăn ngon của Việt Nam và quốc tế. Du khách cũng có thể thưởng thức các món ăn ngon đúng kiểu của Thái tại nhà hàng Ginger & Lime restaurant. Dịch vụ ăn uống tại phòng được đáp ứng theo yêu cầu. Sandy Beach Non Nuoc Resort cách công viên giải trí Asia Park 6,5 km và Cầu Khóa Tình Yêu Đà Nẵng 8,5 km. Sân bay gần nhất là sân bay quốc tế Đà Nẵng, cách đó 9,3 km.",7.5
2807,Gold Stone Homestay,Hội An,"Gold Stone Homestay cung cấp chỗ nghỉ tại một vị trí tuyệt đẹp ở thành phố Hội An, cách Hội quán Quảng Đông, Chùa Cầu Nhật Bản và Bảo tàng Lịch sử Hội An một quãng ngắn. Chỗ nghỉ này có tầm nhìn ra quang cảnh thành phố và xe máy cho khách sử dụng miễn phí. Homestay này có TV màn hình phẳng và phòng tắm riêng với máy sấy tóc, đồ vệ sinh cá nhân miễn phí cùng vòi sen. Khách nghỉ tại Gold Stone Homestay có thể thưởng thức bữa sáng kiểu lục địa. Du khách có thể đạp xe ở khu vực gần đó. Các điểm tham quan nổi tiếng gần chỗ nghỉ gồm có Hội quán Triều Châu, Đình Cẩm Phô và Bảo tàng Gốm sứ Mậu dịch. Sân bay gần nhất là sân bay quốc tế Đà Nẵng, cách đó 28 km, và Gold Stone Homestay cung cấp dịch vụ đưa đón sân bay với một khoản phụ phí.",7.6
2812,Sea and Sand Hoi An Hotel,Hội An,"Khách sạn cung cấp các phòng nghỉ sáng sủa với ban công riêng và Wi-Fi miễn phí. Mỗi phòng tại Hotel Sea and Sand đều được trang trí với thiết kế nội thất mới mẻ và sàn lát gạch. Các phòng có truyền hình vệ tinh và ấm đun nước điện. Phòng có trà, cà phê hòa tan và nước uống miễn phí. Nơi nghỉ có giá cả phải chăng này cách Sân bay Quốc tế Đà Nẵng 40 km và chỉ cách khu phố cổ Hội An 10 phút lái xe. Quý khách có thể thưởng thức ẩm thực Việt Nam chính thống và ẩm thực quốc tế tại nhà hàng trong khuôn viên.",7.7
2814,D&D Eco Sapa,Sa Pa,"Nằm ở thị xã Sa Pa, D&D Eco Sapa có nhà hàng, lễ tân 24 giờ, quầy bar thức ăn nhẹ, khu vườn, hồ bơi ngoài trời mở cửa theo mùa, sân hiên và tầm nhìn ra hồ nước. Lodge này cung cấp miễn phí cả WiFi lẫn chỗ đỗ xe riêng. Một số căn tại đây được bố trí phòng tắm riêng với vòi sen, dép đi trong phòng, máy sấy tóc và đồ vệ sinh cá nhân miễn phí. D&D Eco Sapa phục vụ bữa sáng à la carte hoặc bữa sáng kiểu Mỹ. Chỗ nghỉ cung cấp cả dịch vụ cho thuê xe đạp lẫn xe hơi. D&D Eco Sapa nằm cách Ga cáp treo Fansipan Legend 14 km và Núi Fansipan 25 km.",8.2
2815,An Nhiên House,Đà Lạt,"Homestay này cung cấp miễn phí cả WiFi lẫn chỗ đỗ xe riêng. Một số căn tại đây được bố trí phòng tắm riêng với vòi sen, dép đi trong phòng, máy sấy tóc và đồ vệ sinh cá nhân miễn phí. Khách nghỉ tại An Nhiên House có thể đi bộ đường dài gần chỗ nghỉ hoặc thư giãn trên sân hiên tắm nắng. Chỗ nghỉ nằm cách Hồ Xuân Hương 3 km và Công viên Yersin 3,1 km. Sân bay gần nhất là sân bay Liên Khương, nằm trong bán kính 30 km từ An Nhiên House, và chỗ nghỉ cung cấp dịch vụ đưa đón sân bay với một khoản phụ phí.",6.8
2817,Mercury Phu Quoc Resort & Villas,Phú Quốc,"Resort có các khu vườn xanh tốt, hồ bơi ngoài trời và sân tennis. Chỗ nghỉ nhìn ra bãi biển này chỉ cách Trại nuôi Ngọc trai Phú Quốc 800 m và Aroma Spa 1,2 km. Sân bay Quốc tế Phú Quốc cách đó chỉ 2 km. Các biệt thự máy lạnh có lối bài trí trang nhã tại đây đi kèm tủ quần áo, két an toàn (trong phòng), minibar, TV truyền hình cáp màn hình phẳng và khu vực tiếp khách với ghế sofa. Phòng tắm riêng có tiện nghi vòi sen, máy sấy tóc, dép đi trong phòng và đồ vệ sinh cá nhân miễn phí. Nhà hàng Little phục vụ một loạt các món ăn địa phương và phương Tây ngon. Tiện nghi BBQ cũng có tại đây, đồng thời lựa chọn dịch vụ phòng được cung cấp để tạo thuận tiện cho khách.",6.8
2818,Love Hotel Airport,TP. Hồ Chí Minh,"Tọa lạc ở vị trí thuận tiện tại quận Tân Bình của Thành phố Hồ Chí Minh, Love Hotel Airport nằm cách trung tâm thương mại Diamond Plaza 5 km và Chùa Giác Lâm cũng như Chợ Tân Định 6 km. Khách sạn 1 sao này cung cấp các phòng nghỉ gắn máy điều hòa với WiFi miễn phí cùng phòng tắm riêng. Khách sạn có sảnh khách chung, lễ tân 24 giờ và dịch vụ phòng. Tất cả phòng nghỉ tại khách sạn đều được trang bị tủ để quần áo, bàn làm việc và TV màn hình phẳng. Bảo tàng Chứng tích Chiến tranh và Dinh Thống Nhất đều nằm trong bán kính 7 km từ khách sạn. Sân bay gần nhất là sân bay quốc tế Tân Sơn Nhất, nằm trong bán kính 1,4 km từ Love Hotel Airport và khách sạn cung cấp dịch vụ đưa đón sân bay với một khoản phụ phí.",7.7
2825,Victory Villa - Sân Vườn - Hồ Bơi - Karaoke - Gần Biển Bãi Sau,Vũng Tàu,"Biệt thự này cung cấp chỗ đỗ xe riêng miễn phí và dịch vụ phòng. Biệt thự được bố trí 4 phòng ngủ, 4 phòng tắm, ga trải giường, khăn tắm, TV truyền hình cáp màn hình phẳng, khu vực ăn uống, bếp đầy đủ tiện nghi và sân trong nhìn ra hồ nước. Biệt thự có sân chơi cho trẻ em. Sau một ngày đi bộ đường dài, chơi golf hoặc câu cá, du khách có thể thư giãn trong vườn hoặc tại khu vực tiếp khách chung. Victory Villa - Sân Vườn - Hồ Bơi - Karaoke - Gần Biển Bãi Sau nằm trong bán kính 1,8 km từ Bãi Trước và 2,4 km từ Bãi Dứa. Sân bay gần nhất là sân bay Vũng Tàu, cách đó 6 km, và chỗ nghỉ cung cấp dịch vụ đưa đón sân bay với một khoản phụ phí.",9.3
2830,Pi House,Đà Lạt,"Tọa lạc tại thành phố Đà Lạt, cách Vườn hoa Đà Lạt 2,6 km, Pi House cung cấp chỗ nghỉ với quầy bar, chỗ đỗ xe riêng miễn phí và sảnh khách chung. Trong số các tiện nghi của chỗ nghỉ này có bàn đặt tour, dịch vụ đặt vé và WiFi miễn phí trong toàn bộ khuôn viên. Chỗ nghỉ này cung cấp dịch vụ lễ tân 24 giờ, dịch vụ đỗ xe cho khách và dịch vụ thu đổi ngoại tệ. Khách sạn dành cho khách công tác kiểu Nhật này nằm trong bán kính 2,9 km từ Quảng trường Lâm Viên và 3,1 km từ Hồ Xuân Hương. Sân bay gần nhất là sân bay Liên Khương, cách Pi House 23 km, và chỗ nghỉ cung cấp dịch vụ đưa đón sân bay với một khoản phụ phí.",7.0
2832,Tina Family,Đà Lạt,"Nằm ở thành phố Đà Lạt, tỉnh Lâm Đồng, Tina Family cách Vườn hoa Đà Lạt 3 km. Chỗ nghỉ có tiện nghi BBQ, khu vườn, sân hiên, truy cập Wi-Fi miễn phí trong toàn bộ mọi khu vực và bãi đậu xe riêng miễn phí trong khuôn viên. Một số phòng có khu vực ghế ngồi để khách thư giãn sau một ngày bận rộn và sân hiên/ban công. Nhà trọ cũng có sảnh khách chung. Sân bay Liên Khương cách chỗ nghỉ 31 km.",7.7
2833,Khách Sạn Du Lịch Vũng Tàu - Tiện Ích 5 Sao Hồ Bơi Vô Cực Và 20 tiện ích đi kèm,Vũng Tàu,"Nằm cách Bãi Sau chưa đến 1 km, Khách Sạn Du Lịch Vũng Tàu - Tiện Ích 5 Sao Hồ Bơi Vô Cực Và 20 tiện ích đi kèm cung cấp chỗ nghỉ, nhà hàng, xe đạp để khách sử dụng miễn phí, hồ bơi ngoài trời và quầy bar. Chỗ nghỉ này cung cấp chỗ đỗ xe riêng ngay trong khuôn viên. Tất cả các căn gắn máy điều hòa tại đây đều được bố trí phòng tắm riêng, phòng khách, TV màn hình phẳng, bếp đầy đủ tiện nghi và ban công. Căn hộ có sân chơi cho trẻ em. Sau một ngày trượt tuyết hoặc đi xe đạp, du khách có thể thư giãn trong vườn hoặc tại khu vực tiếp khách chung. Khách Sạn Du Lịch Vũng Tàu - Tiện Ích 5 Sao Hồ Bơi Vô Cực Và 20 tiện ích đi kèm nằm cách Khu du lịch sinh thái và văn hóa Hồ Mây 3,8 km cũng như Bạch Dinh 4,1 km. Sân bay gần nhất là sân bay Vũng Tàu, cách chỗ nghỉ 4 km.",8.0
2835,Fireworks Homestay,Hội An,"Nằm cách Bảo tàng Lịch sử Hội An 800 m, Fireworks Homestay cung cấp chỗ nghỉ với xe máy miễn phí, quầy bar và quầy lễ tân 24 giờ. Homestay này có cả WiFi lẫn chỗ đỗ xe riêng miễn phí. Khách tại Fireworks Homestay có thể thưởng thức bữa sáng kiểu lục địa. Chỗ nghỉ có sân hiên. Du khách cũng có thể thư giãn trong vườn hoặc ở khu vực tiếp khách chung. Các điểm tham quan nổi tiếng gần Fireworks Homestay gồm có Hội quán Quảng Đông, Chùa Cầu Nhật Bản và Hội quán Triều Châu. Sân bay gần nhất là sân bay quốc tế Đà Nẵng, cách homestay 23 km, và chỗ nghỉ cung cấp dịch vụ đưa đón sân bay với một khoản phụ phí.",8.0
2841,The Sóng An Gia Vũng Tàu,Vũng Tàu,"Chỗ nghỉ này có chỗ đỗ xe riêng ngay trong khuôn viên. Các căn gắn máy điều hòa tại đây có sàn gỗ parquet, phòng tắm riêng, TV màn hình phẳng, bàn làm việc, phòng khách, bếp đầy đủ tiện nghi, sân trong và tầm nhìn ra vườn. Các căn còn được trang bị lò vi sóng, tủ lạnh, minibar và ấm đun nước. Căn hộ có sân hiên. Chỗ nghỉ có sân chơi cho trẻ em và tiện nghi BBQ trong khi du khách có thể đi xe đạp ở khu vực gần đó. The Sóng An Gia Vũng Tàu nằm cách Ngọn hải đăng Vũng Tàu 2,7 km và Tượng Chúa Kitô Vua 2,9 km. Sân bay gần nhất là sân bay quốc tế Tân Sơn Nhất, nằm trong bán kính 71 km từ chỗ nghỉ.",10.0
2844,Saigon Hanoi Central Hotel,TP. Hồ Chí Minh,"Tọa lạc tại vị trí lý tưởng ở Quận 1 thuộc Thành phố Hồ Chí Minh, Saigon Hanoi Central Hotel nằm cách Chợ ẩm thực đường phố Bến Thành 500 m, Công viên Tao Đàn 500 m và Bảo tàng Thành phố Hồ Chí Minh 800 m. Chỗ nghỉ này còn có một số tiện nghi như nhà hàng, lễ tân 24 giờ, dịch vụ phòng cũng như WiFi miễn phí trong toàn bộ khuôn viên. Khách sạn cung cấp các phòng gia đình. Tất cả phòng nghỉ tại khách sạn có máy điều hòa, TV truyền hình vệ tinh màn hình phẳng, tủ lạnh, ấm đun nước, vòi sen, dép và tủ để quần áo. Các phòng có phòng tắm riêng, máy sấy tóc và ga trải giường. Khách sạn cung cấp bữa sáng buffet hoặc bữa sáng kiểu Mỹ. Các điểm tham quan nổi tiếng gần Saigon Hanoi Central Hotel bao gồm Chợ Bến Thành, trung tâm thương mại Takashimaya Việt Nam và Trung tâm Thương mại Union Square. Sân bay gần nhất là sân bay quốc tế Tân Sơn Nhất, cách đó 12 km, và chỗ nghỉ cung cấp dịch vụ đưa đón sân bay với một khoản phụ phí.",6.1
2851,Boutique Hotel La Villa,Nha Trang,"Nằm ở thành phố Nha Trang, cách Bãi biển Nha Trang 700 m, Boutique Hotel La Villa cung cấp chỗ nghỉ với nhà hàng, chỗ đỗ xe riêng miễn phí, quầy bar và sảnh khách chung. Khách sạn này có các phòng gia đình và sân hiên. Chỗ nghỉ cũng có chương trình giải trí buổi tối và dịch vụ phòng. Phòng nghỉ của khách sạn được trang bị máy điều hòa, truyền hình vệ tinh màn hình phẳng, tủ lạnh, ấm đun nước, vòi sen, máy sấy tóc và tủ để quần áo. Mỗi phòng đều có phòng tắm riêng đi kèm đồ vệ sinh cá nhân miễn phí. Khách nghỉ tại Boutique Hotel La Villa có thể thưởng thức bữa sáng kiểu lục địa hoặc bữa sáng à la carte. Khách sạn nằm gần các điểm tham quan nổi tiếng như quán Sailing Club, Trung tâm Thuyền buồm Việt Nam và Quảng trường 2/4. Sân bay gần nhất là sân bay quốc tế Cam Ranh, nằm trong bán kính 25 km từ Boutique Hotel La Villa, và chỗ nghỉ cung cấp dịch vụ đưa đón sân bay với một khoản phụ phí.",6.5
2861,Caly homestay,Đà Lạt,"Nằm cách Quảng trường Lâm Viên 2,6 km, Caly homestay có chỗ nghỉ với sảnh khách chung, vườn và lễ tân 24 giờ để tạo thuận tiện cho khách. Homestay này cung cấp miễn phí cả WiFi lẫn chỗ đỗ xe riêng. Các căn tại đây có tầm nhìn ra vườn, khu vực ghế ngồi, máy giặt, khu vực bếp ăn đầy đủ tiện nghi với lò vi sóng và phòng tắm riêng đi kèm dép đi trong phòng cùng máy sấy tóc. Các căn còn được trang bị lò nướng, bếp nấu ăn, máy nướng bánh mỳ và ấm đun nước. Caly homestay có sân hiên tắm nắng. Chỗ nghỉ có sân chơi cho trẻ em và tiện nghi BBQ trong khi du khách có thể đi bộ đường dài ở khu vực gần đó. Chỗ nghỉ nằm trong bán kính 2,8 km từ Hồ Xuân Hương và 2,9 km từ Công viên Yersin. Sân bay gần nhất là sân bay Liên Khương, cách Caly homestay 30 km, và chỗ nghỉ cung cấp dịch vụ đưa đón sân bay với một khoản phụ phí.",8.0
2868,Homestay Khu Vườn Hoàng Gia,Đà Lạt,"Biệt thự cung cấp miễn phí cả WiFi lẫn chỗ đỗ xe riêng. Một số căn tại đây được bố trí TV truyền hình cáp màn hình phẳng, khu vực bếp ăn đầy đủ tiện nghi với lò nướng và phòng tắm riêng đi kèm vòi xịt/chậu rửa vệ sinh cùng dép đi trong phòng. Homestay Khu Vườn Hoàng Gia cung cấp dịch vụ cho thuê xe hơi. Chỗ nghỉ nằm cách Vườn hoa Đà Lạt 2 km và Hồ Xuân Hương 2,6 km. Sân bay gần nhất là sân bay Liên Khương, nằm trong bán kính 30 km từ Homestay Khu Vườn Hoàng Gia, và chỗ nghỉ cung cấp dịch vụ đưa đón sân bay với một khoản phụ phí.",6.2
2870,VietHome-Doorstep to Hoan Kiem Lake,Hà Nội,"VietHome-Doorstep to Hoan Kiem Lake cung cấp phòng nghỉ gắn máy điều hòa với truyền hình cáp màn hình phẳng ở quận Hoàn Kiếm của thành phố Hà Nội. Nhà khách này nằm cách Hồ Hoàn Kiếm khoảng 400 m và Nhà Thờ Lớn 500 m. Chỗ nghỉ có WiFi miễn phí và tầm nhìn ra quang cảnh thành phố. Phòng nghỉ tại nhà khách có khu vực ghế ngồi và phòng tắm riêng đi kèm chậu rửa vệ sinh (bidet), máy sấy tóc cùng đồ vệ sinh cá nhân miễn phí. Bàn làm việc và ấm đun nước cũng được trang bị trong phòng. Các điểm tham quan nổi tiếng gần VietHome-Doorstep to Hoan Kiem Lake bao gồm trung tâm thương mại Tràng Tiền Plaza, Nhà Hát Lớn Hà Nội và Nhà hát múa rối nước Thăng Long. Sân bay gần nhất là sân bay quốc tế Nội Bài, nằm trong bán kính 27 km từ chỗ nghỉ này.",7.0
2872,Hoa's homestay Sapa,Sa Pa,"Một số phòng nghỉ tại đây có sân hiên và/hoặc ban công nhìn ra quang cảnh núi non hoặc khu vườn. Chỗ nghỉ phục vụ bữa sáng hàng ngày. Du khách có thể dùng bữa tại nhà hàng trong khuôn viên, nơi có đủ loại món ăn Việt Nam. Du khách có thể thư giãn trong khu vườn tại đây.",8.0
2883,HanoiOi Hotel,Hà Nội,"Tọa lạc tại thành phố Hà Nội, cách trung tâm thương mại Tràng Tiền Plaza 400 m, HanoiOi Hotel có quầy bar, sảnh khách chung và tầm nhìn ra hồ. Trong số các tiện nghi của chỗ nghỉ này có nhà hàng, lễ tân 24 giờ, dịch vụ phòng và Wi-Fi miễn phí. Khách sạn có các phòng gia đình. Tất cả phòng nghỉ tại khách sạn đều có máy điều hòa, khu vực ghế ngồi, TV truyền hình cáp màn hình phẳng, két an toàn và phòng tắm riêng đi kèm vòi xịt/chậu rửa vệ sinh, áo choàng tắm cùng dép đi trong phòng. Các phòng được trang bị ấm đun nước. Một số phòng có ban công và một số phòng khác có tầm nhìn ra quang cảnh thành phố. Tại HanoiOi Hotel, tất cả các phòng đều được trang bị ga trải giường và khăn tắm. Chỗ nghỉ có sân hiên. Khách sạn cũng có bàn đặt tour, dịch vụ cho thuê xe đạp cũng như dịch vụ văn phòng với máy fax cùng máy photocopy và máy ATM. Những điểm tham quan nổi tiếng gần HanoiOi Hotel bao gồm Nhà thờ Lớn Hà Nội, Nhà hát Lớn Hà Nội và Ga Hà Nội.",7.5
2888,Little Hanoi Hostel,Hà Nội,"Tọa lạc trong Khu Phố Cổ nổi tiếng của Hà Nội và chỉ cách Hồ Hoàn Kiếm xinh đẹp 10 phút đi bộ, Litte Hanoi Hostel cung cấp các phòng sạch sẽ, thoải mái được trang bị máy lạnh và Wi-Fi miễn phí. Nằm cách Ga Hà Nội chỉ 2,5 km, nhà trọ này cũng nằm trong bán kính 35 km từ Sân bay Quốc tế Nội Bài và chỉ 20 phút đi bộ từ Bảo tàng Hồ Chí Minh. Các phòng tại Little Hanoi có máy lạnh, khu vực tiếp khách, chăn lưới và truyền hình cáp. Trong phòng tắm riêng được trang bị bồn tắm, tiện nghi vòi sen nước nóng và đồ vệ sinh cá nhân miễn phí. Lễ tân 24 giờ có thể hỗ trợ khách với các dịch vụ thu đổi ngoại tệ, giặt là/ủi và sắp xếp việc đi lại. Quý khách có thể đi quanh thành phố một cách thuận tiện với dịch vụ cho thuê xe hơi/xe đạp. Dịch vụ phòng và chỗ để hành lý cũng nằm trong số các tiện nghi tại đây. Nhà hàng trong nhà của nhà trọ cung cấp bữa sáng hàng ngày từ 07:00-11:00. Bữa sáng cũng có thể được phục vụ tại phòng theo yêu cầu của khách.",5.2
2889,Coco Village Homestay Hoi An,Hội An,"Chỗ nghỉ này cũng có phòng gia đình và sân hiên. Chỗ nghỉ cung cấp dịch vụ lễ tân 24 giờ và dịch vụ phòng cho khách. Phòng nghỉ tại khách sạn được trang bị máy điều hòa, khu vực ghế ngồi, truyền hình cáp màn hình phẳng, bếp, khu vực ăn uống và phòng tắm riêng với máy sấy tóc, chậu rửa vệ sinh (bidet) cùng vòi sen. Ngoài ra, phòng còn có bàn làm việc. Coco Village Homestay Hoi An phục vụ bữa sáng tự chọn hàng ngày. Chỗ nghỉ cách Bảo tàng lịch sử Hội An 4,4 km và Chùa Cầu Nhật Bản 5 km. Sân bay gần nhất là sân bay quốc tế Đà Nẵng, cách Coco Village Homestay Hoi An 29 km. Chỗ nghỉ cung cấp dịch vụ đưa đón sân bay với một khoản phụ phí.",7.9
2890,Sunny Riverside Homestay,Hội An,"Nằm ở thành phố Hội An, Sunny Riverside Homestay có nhà hàng, lễ tân 24 giờ, quầy bar, vườn, hồ bơi ngoài trời, sân chơi cho trẻ em và tầm nhìn ra vườn. Chỗ nghỉ này cung cấp WiFi miễn phí trong toàn bộ khuôn viên. Tất cả phòng nghỉ tại đây đều có khu vực ghế ngồi, truyền hình cáp màn hình phẳng và phòng tắm riêng với máy sấy tóc, chậu rửa vệ sinh (bidet) cùng vòi sen. Biệt thự có sân hiên. Du khách có thể thư giãn tại sảnh khách chung hoặc đi xe đạp ở khu vực gần đó. Sunny Riverside Homestay nằm cách Hội quán Triều Châu 1,9 km và Bảo tàng Lịch sử Hội An 2,4 km. Sân bay gần nhất là sân bay quốc tế Đà Nẵng, cách đó 25 km, và chỗ nghỉ cung cấp dịch vụ đưa đón sân bay với một khoản phụ phí.",8.0
2893,Cosiana Resort,Phú Quốc,"Nằm dọc theo khu vực nhìn ra bãi biển, Cosiana Resort cung cấp các chỗ ở yên tĩnh tại xã Hàm Ninh, huyện đảo Phú Quốc. Nơi đây có hồ bơi ngoài trời với giường phơi nắng và khu vườn kèm võng cho khách thư giãn. Quý khách có thể dùng bữa tại nhà hàng ngay trong khuôn viên hoặc nhâm nhi đồ uống ở quầy bar. Resort cung cấp Wi-Fi miễn phí trong toàn bộ khuôn viên. Mỗi phòng máy lạnh tại đây đều có ban công nhìn ra biển. Các phòng còn được trang bị truyền hình vệ tinh, két an toàn, minibar, tủ quần áo và phòng tắm riêng. Dép cũng được cung cấp để tạo sự thoải mái cho khách. Lễ tân 24 giờ tại Cosiana Resort có thể trợ giúp khách với dịch vụ cho thuê xe máy, dịch vụ giặt là và thu xếp chương trình tour. Nhà hàng cạnh bãi biển phục vụ các món ăn truyền thống tự chế biến của Việt Nam và các món ăn quốc tế khác. Resort nằm trong bán kính 25 km từ thị trấn chính Dương Đông và 7 km từ làng chài Hàm Ninh. Sân bay Quốc tế Phú Quốc cách đó 13 km.",6.4
2910,Little Dough Lodge,TP. Hồ Chí Minh,"Nằm ở Thành phố Hồ Chí Minh, cách trung tâm thương mại Diamond Plaza 1,1 km, Little Dough Lodge cung cấp chỗ nghỉ với quầy bar, chỗ đỗ xe riêng miễn phí, sảnh khách chung và khu vườn. Tất cả phòng nghỉ tại đây đều được bố trí bếp và phòng tắm riêng. Chỗ nghỉ có bếp chung, dịch vụ giữ hành lý và dịch vụ thu đổi ngoại tệ cho khách. Phòng nghỉ tại nhà khách này được trang bị máy điều hòa, lò vi sóng, tủ lạnh, ấm đun nước, vòi sen, máy sấy tóc và bàn làm việc. Các phòng còn có khu vực ghế ngồi. Little Dough Lodge phục vụ bữa sáng kiểu Á hàng ngày. Chỗ nghỉ nằm gần các điểm tham quan nổi tiếng như Chợ Tân Định, Bảo tàng Chứng tích Chiến tranh và Bảo tàng Lịch sử Việt Nam. Sân bay gần nhất là sân bay quốc tế Tân Sơn Nhất, nằm trong bán kính 6 km từ Little Dough Lodge, và chỗ nghỉ cung cấp dịch vụ đưa đón sân bay với một khoản phụ phí.",6.0
2911,OCEAN VIEW HOME FOURPOINT DA NANG BEACH,Đà Nẵng,"Nằm cách Bãi biển Mỹ Khê ở thành phố Đà Nẵng chỉ 100 m, OCEAN VIEW HOME FOURPOINT DA NANG BEACH cung cấp chỗ nghỉ với nhà hàng, hồ bơi ngoài trời mở cửa quanh năm, WiFi miễn phí và lễ tân 24 giờ. Chỗ nghỉ gắn máy điều hòa này nằm trong bán kính 2,1 km từ Cầu Sông Hàn. Căn hộ được bố trí 2 phòng ngủ, 2 phòng tắm, ga trải giường, khăn tắm, TV truyền hình vệ tinh màn hình phẳng, khu vực ăn uống, bếp đầy đủ tiện nghi và ban công nhìn ra hồ bơi. Căn hộ cung cấp cả dịch vụ cho thuê xe đạp lẫn xe hơi. OCEAN VIEW HOME FOURPOINT DA NANG BEACH nằm cách Cầu khóa Tình yêu 2,3 km và Trung tâm thương mại Indochina Riverside 2,4 km. Sân bay gần nhất là sân bay quốc tế Đà Nẵng, cách đó 6 km, và chỗ nghỉ cung cấp dịch vụ đưa đón sân bay miễn phí.",6.5
2914,Dalat Memories Homestay - Phố Sương Mờ Đà Lạt,Đà Lạt,"Homestay này cung cấp miễn phí cả WiFi lẫn chỗ đỗ xe riêng. Tất cả các căn tại đây đều được bố trí khu vực ghế ngồi, khu vực ăn uống cũng như bếp đầy đủ tiện nghi với nhiều vật dụng nấu nướng như lò vi sóng, tủ lạnh, lò nướng và minibar. Một số căn có phòng tắm riêng đi kèm vòi xịt/chậu rửa vệ sinh, dép đi trong phòng, máy sấy tóc và đồ vệ sinh cá nhân miễn phí. Dalat Memories Homestay - Phố Sương Mờ Đà Lạt có sân hiên. Chỗ nghỉ cung cấp cả dịch vụ cho thuê xe đạp lẫn xe hơi. Công viên Yersin nằm trong bán kính 2,2 km từ Dalat Memories Homestay - Phố Sương Mờ Đà Lạt trong khi Quảng trường Lâm Viên cách đó 2,4 km. Sân bay gần nhất là sân bay Liên Khương, cách homestay 30 km.",9.3
2917,Moc Hotel Sapa,Sa Pa,"Tọa lạc ở thị trấn Sa Pa, cách Ga cáp treo Fansipan Legend 5,3 km, Moc Hotel Sapa cung cấp chỗ nghỉ với nhà hàng, chỗ đỗ xe riêng miễn phí, quán bar và sảnh khách chung. Khách sạn 3 sao này có Wi-Fi miễn phí, khu vườn và sân hiên. Chỗ nghỉ cung cấp dịch vụ lễ tân 24 giờ, dịch vụ phòng và dịch vụ thu đổi ngoại tệ. Khách sạn cung cấp các phòng nghỉ gắn máy điều hòa với bàn làm việc, két an toàn, TV màn hình phẳng và phòng tắm riêng đi kèm vòi xịt/chậu rửa vệ sinh. Tất cả các phòng tại Moc Hotel Sapa đều có ga trải giường và khăn tắm. Chỗ nghỉ phục vụ bữa sáng buffet hoặc bữa sáng à la carte. Đạp xe là hoạt động được ưa chuộng trong khu vực và du khách cũng có thể thuê xe đạp/xe hơi tại Moc Hotel Sapa. Các điểm tham quan nổi tiếng gần khách sạn bao gồm Hồ Sa Pa, Nhà thờ Đá Sa Pa và Bến xe Sa Pa. Sân bay gần nhất là sân bay Điện Biên Phủ, nằm cách Moc Hotel Sapa 268 km và chỗ nghỉ cung cấp dịch vụ đưa đón sân bay với một khoản phụ phí.",8.7
2924,The Garden House Phu Quoc Resort,Phú Quốc,"Tọa lạc tại vị trí thuận tiện ở thị trấn Dương Đông, chỗ nghỉ này nằm trong bán kính 2,5 km từ Nhà thùng nước mắm và 3 km từ Trung tâm Lặn Coco. Các món ăn địa phương và kiểu Mỹ được phục vụ tại nhà hàng trong khuôn viên. Tất cả các phòng nghỉ tại khách sạn đều có khu vực ghế ngồi và TV truyền hình cáp màn hình phẳng. Một số phòng có phòng tắm riêng và tầm nhìn ra cảnh núi non. Phòng cũng được trang bị máy giặt và một số phòng đi kèm bếp với dụng cụ nấu ăn. Chỗ nghỉ phục vụ bữa sáng tự chọn và kiểu Mỹ hàng ngày. The Garden House Phu Quoc Resort có sân hiên. Đi xe đạp là hoạt động phổ biến trong khu vực và resort cũng cung cấp dịch vụ cho thuê xe hơi. Chỗ nghỉ cung cấp dịch vụ đón tại sân bay/phà 1 chiều cho những khách lưu trú tối thiểu 2 đêm và dịch vụ đưa đón 2 chiều cho những khách lưu trú tối thiểu 5 đêm. The Garden House Phu Quoc Resort cách Dinh Cậu 3,2 km và Chợ đêm Phú Quốc 3,3 km. Sân bay gần nhất là Sân bay quốc tế Phú Quốc, cách chỗ nghỉ 9 km.",7.7
2925,Thanh Ngọc Hotel,Nha Trang,"Khách sạn 2 sao này cung cấp dịch vụ phòng và dịch vụ concierge. Chỗ nghỉ cũng có lễ tân 24 giờ, bếp chung và dịch vụ thu đổi ngoại tệ cho khách. Phòng nghỉ của khách sạn được trang bị máy điều hòa, truyền hình cáp màn hình phẳng, tủ lạnh, ấm đun nước, chậu rửa vệ sinh (bidet), máy sấy tóc và bàn làm việc. Mỗi phòng còn có tủ để quần áo và phòng tắm riêng. Đạp xe là hoạt động được ưa chuộng trong khu vực và du khách cũng có thể thuê xe máy/xe hơi tại Thanh Ngọc Hotel. Các điểm tham quan nổi tiếng gần khách sạn bao gồm quán Sailing Club, Trung tâm Thuyền buồm Việt Nam và Quảng trường 2/4. Sân bay gần nhất là sân bay quốc tế Cam Ranh, cách Thanh Ngọc Hotel 25 km, và chỗ nghỉ cung cấp dịch vụ đưa đón sân bay với một khoản phụ phí.",6.8
2928,Hoi An Paradise Villa,Hội An,"Tọa lạc tại thành phố Hội An, cách Bảo tàng Lịch sử Hội An 500 m và Hội quán Triều Châu chưa đầy 1 km, Hoi An Paradise Villa cung cấp chỗ nghỉ với WiFi miễn phí, máy điều hòa, nhà hàng và quán bar. Nhà nghỉ B&B này có TV cũng như phòng tắm riêng với máy sấy tóc, đồ vệ sinh cá nhân miễn phí và chậu rửa vệ sinh (bidet). Hoi An Paradise Villa phục vụ bữa sáng tự chọn hàng ngày. Chỗ nghỉ có sân hiên. Khách nghỉ tại Hoi An Paradise Villa có thể chơi bi-a trong khuôn viên hoặc đạp xe ở khu vực xung quanh. Các điểm tham quan nổi tiếng gần nhà nghỉ B&B này bao gồm Hội quán Quảng Đông, Chùa Cầu Nhật Bản và Bảo tàng Gốm sứ Mậu dịch. Sân bay gần nhất là sân bay quốc tế Đà Nẵng, nằm trong bán kính 27 km từ Hoi An Paradise Villa.",7.7
2933,Maison Vui Homestay,Hội An,"Tọa lạc tại thành phố Hội An, cách Hội quán Triều Châu 500 m, Maison Vui Homestay có sân hiên, phòng nghỉ không gây dị ứng và WiFi miễn phí. Chỗ nghỉ nằm cách các điểm tham quan như Hội quán Hải Nam, Quan Công Miếu và Hội quán Phúc Kiến một quãng ngắn. Chỗ nghỉ có lễ tân 24 giờ, sảnh khách chung và dịch vụ thu đổi ngoại tệ cho khách. Nhà khách cung cấp phòng nghỉ gắn máy điều hòa với bàn làm việc, ấm đun nước, tủ lạnh, két an toàn, TV màn hình phẳng và phòng tắm riêng với vòi sen. Tại Maison Vui Homestay, các phòng được trang bị ga trải giường và khăn tắm. Đi xe đạp là hoạt động phổ biến trong khu vực và du khách có thể thuê xe đạp tai chỗ nghỉ. Maison Vui Homestay nằm gần các điểm tham quan nổi tiếng như Bảo tàng Lịch sử Hội An, Hội quán Quảng Đông và Chùa Cầu Nhật Bản. Sân bay gần nhất là sân bay quốc tế Đà Nẵng, nằm trong bán kính 23 km từ nhà khách, và chỗ nghỉ cung cấp dịch vụ đưa đón sân bay với một khoản phụ phí.",8.1
2944,LiLiHomes Thao Dien,TP. Hồ Chí Minh,"Tọa lạc tại Thành phố Hồ Chí Minh, cách tòa nhà Landmark 81 khoảng 3 km và Bảo tàng Lịch sử Việt Nam 6 km, LiLiHomes Thao Dien cung cấp chỗ nghỉ với WiFi miễn phí, máy điều hòa, quầy bar và khu vườn. Chỗ nghỉ này có chỗ đỗ xe riêng ngay trong khuôn viên. Căn hộ có ban công, tầm nhìn ra khu vườn, khu vực ghế ngồi, TV truyền hình cáp màn hình phẳng, khu vực bếp ăn đầy đủ tiện nghi với lò vi sóng cùng tủ lạnh cũng như phòng tắm riêng đi kèm vòi xịt/chậu rửa vệ sinh và dép đi trong phòng. LiliHomes Thao Dien có sân hiên. Chỗ nghỉ nằm trong bán kính 6 km từ trung tâm thương mại Diamond Plaza và 7 km từ Nhà Hát Lớn Sài Gòn. Sân bay gần nhất là sân bay quốc tế Tân Sơn Nhất, cách LiLiHomes Thao Dien 16 km.",5.5
2947,Premier Village Phu Quoc Resort Managed by Accor,Phú Quốc,"Resort 5 sao này nằm cách Chùa Sùng Hưng 25 km và công viên giải trí Vinpearl Land Phú Quốc 42 km. Phòng nghỉ tại resort có khu vực ghế ngồi, truyền hình vệ tinh màn hình phẳng, bếp, khu vực phòng ăn và phòng tắm riêng với đồ vệ sinh cá nhân miễn phí cùng bồn tắm. Premier Village Phu Quoc Resort Managed by Accor cung cấp một số phòng có sân hiên. Các phòng còn được trang bị máy pha cà phê và bàn làm việc. Chỗ nghỉ phục vụ bữa sáng tự chọn hoặc kiểu lục địa. Premier Village Phu Quoc Resort Managed by Accor có nhà hàng chuyên về ẩm thực Việt Nam, bánh pizza và các món nướng/BBQ. Du khách cũng có thể yêu cầu thực đơn chay và thực đơn không chứa sữa. Chỗ nghỉ có bể sục, phòng xông hơi khô và trung tâm thể dục. Nhân viên lễ tân có thể giao tiếp bằng tiếng Anh và tiếng Pháp sẵn sàng hỗ trợ du khách suốt 24 giờ. Nhà tù Phú Quốc nằm trong bán kính 15 km từ resort trong khi Trại nuôi Ngọc trai Phú Quốc cách đó 19 km. Sân bay Quốc tế Phú Quốc cách chỗ nghỉ 20 km.",6.6
2948,Duc Vuong Saigon Hotel - Cao Thang,TP. Hồ Chí Minh,"Tọa lạc tại một vị trí lý tưởng ở Quận 10 của Thành phố Hồ Chí Minh, Duc Vuong 2 Hotel cách Công viên Tao Đàn cùng Bảo tàng Chứng tích Chiến tranh 2 km, Chợ Tân Định cùng Dinh Thống Nhất 2,4 km, Chợ ẩm thực đường phố Bến Thành 2,6 km và Chợ Bến Thành 2,7 km. Chỗ nghỉ cung cấp dịch vụ lễ tân 24 giờ và dịch vụ concierge cho khách. Khách nghỉ tại khách sạn có thể thưởng thức bữa sáng à la carte hoặc bữa sáng kiểu Mỹ. Duc Vuong 2 Hotel cách Chùa Giác Lâm 2,7 km và trung tâm mua sắm Diamond Plaza 2,8 km. Sân bay gần nhất là sân bay quốc tế Tân Sơn Nhất, cách chỗ nghỉ 5 km.",5.0
2950,Ariyana SmartCondotel Nha Trang,Nha Trang,"Nằm tại thành phố Nha Trang, Ariyana Smartcondotel Nha Trang cung cấp chỗ nghỉ với Wi-Fi miễn phí, tầm nhìn ra biển và phòng tập thể dục cho khách sử dụng. Các phòng nghỉ tại đây có sàn lát gạch, khu vực ghế ngồi với TV truyền hình cáp màn hình phẳng, nhà bếp và phòng tắm riêng. Lò vi sóng và máy pha cà phê cũng được trang bị trong phòng. Khách ở khách sạn căn hộ này có thể thưởng thức bữa sáng kiểu lục địa hoặc tự chọn. Nhà hàng tại Ariyana Smartcondotel Nha Trang phục vụ ẩm thực kiểu Á-Âu và Việt Nam. Chỗ ở này có sân chơi cho trẻ em. Du khách có thể sử dụng trung tâm dịch vụ doanh nhân hoặc thư giãn tại quầy bar. Chỗ nghỉ còn có câu lạc bộ dành cho trẻ em trong khi du khách cũng có thể thư giãn trên sân hiên tắm nắng. Trung tâm mua sắm Nha Trang Centre cách Ariyana Smartcondotel Nha Trang 400 m trong khi Tháp Trầm Hương cách đó 6 phút đi bộ. Sân bay gần nhất là sân bay quốc tế Cam Ranh, cách đó 45 km.",6.7
2953,Local Beach Homestay,Hội An,"Local Beach Homestay trên Bãi biển An Bàng này cách biển vài bước chân và có khu vực bãi biển riêng cùng dịch vụ cho thuê xe đạp miễn phí. Wi-Fi được cung cấp miễn phí trong khuôn viên. Các phòng nghỉ ở đây rộng rãi và sáng sủa. Mỗi phòng đều được trang bị máy lạnh, bếp nhỏ đầy đủ vật dụng với dụng cụ nấu nướng và tiện nghi pha trà/cà phê. Ngoài ra còn có phòng tắm riêng đi kèm máy sấy tóc và bồn rửa vệ sinh (bidet). Nhân viên nói tiếng Anh tại lễ tân 24 giờ có thể hỗ trợ quý khách với dịch vụ để hành lý, thu đổi ngoại tệ và giặt là/ủi. Trong khuôn viên cũng có tiện nghi BBQ. Nếu muốn ghé thăm các khu vực xung quanh, quý khách có thể đến Bảo tàng Lịch sử Hội An, cách đó 4,1 km. Chỗ ở giá cả phải chăng này có thể bố trí dịch vụ đưa/đón sân bay với một khoản phụ phí để tạo thuận tiện cho quý khách và cách Sân bay Quốc tế Đà Nẵng 20 km. Local Beach Homestay cung cấp các lựa chọn ăn uống trong phòng.",8.1
2961,Raanana - Your Đà Lạt House,Đà Lạt,"Các điểm tham quan nổi tiếng gần homestay này bao gồm Công viên Yersin, Biệt thự Hằng Nga (Ngôi nhà điên) và Dinh Bảo Đại. Sân bay gần nhất là sân bay Liên Khương, cách Raanana - Your Đà Lạt House 21 km, và chỗ nghỉ cung cấp dịch vụ đưa đón sân bay với một khoản phụ phí.",6.3
2964,Rice River Villa,Hội An,"Với tầm nhìn ra khu vườn, Rice River Villa tọa lạc tại thành phố Hội An này có nhà hàng, lễ tân 24 giờ, quầy bar, khu vườn, hồ bơi ngoài trời và sân hiên tắm nắng. Chỗ nghỉ này cung cấp WiFi miễn phí trong toàn bộ khuôn viên. Các chỗ nghỉ tại đây được trang bị sàn lát gạch, bếp đầy đủ tiện nghi với lò vi sóng, khu vực ăn uống, truyền hình cáp màn hình phẳng và phòng tắm riêng đi kèm chậu rửa vệ sinh (bidet) cùng máy sấy tóc. Các phòng sử dụng phòng tắm chung đầy đủ tiện nghi với vòi sen và đồ vệ sinh cá nhân miễn phí. Khách nghỉ tại biệt thự có thể thưởng thức bữa sáng à la carte. Khách của Rice River Villa được thoải mái sử dụng phòng tập thể dục. Du khách có thể đạp xe để khám phá khu vực xung quanh và chỗ nghỉ cũng cung cấp dịch vụ cho thuê xe hơi. Rice River Villa nằm cách Bảo tàng Lịch sử Hội An 2,2 km và Hội quán Triều Châu 2,8 km. Sân bay gần nhất là sân bay quốc tế Đà Nẵng, nằm trong bán kính 22 km từ biệt thư và chỗ nghỉ cung cấp dịch vụ đưa đón sân bay với một khoản phụ phí.",7.9
2969,Ocean Haven Hotel,Đà Nẵng,"Nằm dọc theo bãi biển Mỹ Khê - Phạm Văn Đồng và cách khoảng 5 phút đi bộ từ Cầu Rồng, Ocean Haven Hotel là một khách sạn nhìn ra biển với các phòng nghỉ đầy phong cách đi kèm tầm nhìn ngoạn mục ra các bãi biển cát trắng cũng như dãy núi xung quanh cùng đại dương. Với quầy lễ tân 24 giờ, nơi nghỉ có trung tâm dịch vụ doanh nhân và chỗ đỗ xe miễn phí trong khuôn viên. Wi-Fi miễn phí được cung cấp tại các khu vực chung Khách sạn nằm trong bán kính chỉ 1,7 km từ Cầu Sông Hàn và 2,5 km từ Bảo tàng Chăm. Du khách đi 3,6 km là đến Bãi biển Mỹ An nổi tiếng trong khi Sân bay Phú Bài cách đó trong khoảng 68 km lái xe. Dịch vụ đưa đón và vận chuyển sân bay có thể được sắp xếp kèm theo phụ phí. Các phòng nghỉ máy lạnh tại đây được bài trí trang nhã và có sàn lát gỗ, tủ quần áo, truyền hình cáp màn hình phẳng cũng như khu vực tiếp khách. Minibar và ấm đun nước điện cũng có trong phòng. Phòng tắm riêng được trang bị tiện nghi vòi sen, bồn tắm, dép và máy sấy tóc. Khách nghỉ tại Ocean Haven Hotel có thể thuê xe đạp/xe hơi để khám phá khu vực và ghé vào các điểm tham quan gần đó. Nhân viên thân thiện tại đây có thể hỗ trợ khách với các dịch vụ thu đổi ngoại tệ, giữ hành lý, giặt là và sắp xếp tour du lịch. Nơi nghỉ này có nhà hàng phục vụ tuyển chọn các món ăn ngon của Việt Nam và phương Tây. Du khách cũng có thể được thưởng thức đồ uống sau bữa ăn.",6.0
2971,VILLADECELIA,Đà Lạt,"Biệt thự cung cấp miễn phí cả WiFi lẫn chỗ đỗ xe riêng. Mỗi căn tại đây đều có sân trong, khu vực bếp ăn đầy đủ tiện nghi với lò vi sóng, khu vực ghế ngồi, TV màn hình phẳng, máy giặt cũng như phòng tắm riêng đi kèm vòi xịt/chậu rửa vệ sinh và dép đi trong phòng. Các căn còn được trang bị tủ lạnh, lò nướng, bếp nấu ăn và ấm đun nước. VILLADECELIA nằm cách CLB chơi golf Đà Lạt Palace 1,6 km và Vườn hoa Đà Lạt 2,2 km. Sân bay gần nhất là sân bay Liên Khương, cách chỗ nghỉ 31 km.",8.2
2972,Palm Hill Resort,Phú Quốc,"Nằm ẩn mình trong khu vườn riêng lánh xa sự hối hả và nhộn nhịp của thị trấn Dương Đông, Palm Hill Resort cung cấp chỗ ở tại khu vực bãi biển Ông Lãng trên Đảo Phú Quốc. Với lối trang trí lấy cảm hứng từ thiên nhiên, resort có hồ bơi ngoài trời và du khách có thể dùng bữa tại nhà hàng trong khuôn viên hoặc thưởng thức đồ uống ở quầy bar. Bãi biển gần nhất cách đó trong vòng 5 phút đi bộ. Palm Hill Resort nằm trong bán kính khoảng 7 km từ thị trấn Dương Đông. Resort cách Trung tâm Lặn Coco 6,3 km, còn Chùa Sư Muôn cách đó 7,5 km. Sân bay gần nhất là Sân bay Quốc tế Phú Quốc, cách Palm Hill Resort 20 km. Chỗ nghỉ cung cấp dịch vụ đưa đón kèm phụ phí. Với phong cách trang trí khác nhau, tất cả các phòng nghỉ tại đây đều được trang bị TV. Một số phòng có khu vực tiếp khách để thư giãn sau một ngày bận rộn. Các phòng đi kèm phòng tắm riêng. Dép và đồ vệ sinh cá nhân miễn phí cũng được cung cấp để tạo sự thoải mái cho khách. Trong phòng còn có Wi-Fi miễn phí. Du khách có thể đến quầy lễ tân 24 giờ để thu đổi ngoại tệ và sắp xếp tour du lịch. Resort cũng cung cấp xe đạp cho khách sử dụng miễn phí và cho thuê xe hơi. Du khách có thể đỗ xe miễn phí tại chỗ đỗ xe chung trong khuôn viên. Nhà hàng trong khuôn viên phục vụ một loạt món ăn châu Á và quốc tế trong khi quầy bar bên hồ bơi có nhiều lựa chọn đồ uống.",7.1
2976,Libra Nha Trang,Nha Trang,"Nằm trong bán kính 5 phút đi bộ từ Tháp Trầm Hương và Quảng trường 2/4, Libra Nha Trang có Wi-Fi miễn phí, phòng tập thể dục và hồ bơi trong nhà. Du khách có thể thưởng thức bữa sáng hàng ngày tại nhà hàng của khách sạn. Nơi nghỉ này nằm gần một số điểm tham quan nổi tiếng, cách Trung tâm Mua sắm Nha Trang Centre, Trung tâm Thuyền buồm Việt Nam và Bảo tàng Khánh Hòa khoảng 10 phút đi bộ. Sân bay gần nhất là sân bay quốc tế Cam Ranh, cách đó 26 km. Phòng nghỉ tại khách sạn này được trang bị tủ quần áo, TV màn hình phẳng, phòng tắm riêng và đồ vệ sinh cá nhân miễn phí. Một số còn đi kèm ban công. Nhân viên tại quầy lễ tân hoạt động 24/24 có thể giao tiếp bằng tiếng Anh, tiếng Nga và tiếng Việt.",7.9
2978,Truong An Hotel,Vũng Tàu,"Tọa lạc tại thành phố Vũng Tàu, cách Bãi Sau 50 m, Truong An Hotel cung cấp chỗ nghỉ với nhà hàng, chỗ đỗ xe riêng miễn phí, sảnh khách chung và sân hiên. Khách sạn 1 sao này có dịch vụ phòng và phòng giữ hành lý. Chỗ nghỉ có lễ tân 24 giờ, dịch vụ đưa đón sân bay, bếp chung và WiFi miễn phí trong toàn bộ khuôn viên. Phòng nghỉ tại Truong An Hotel được trang bị tủ để quần áo, bàn làm việc và ấm đun nước. Tất cả các phòng đều có phòng tắm riêng với vòi sen và dép đi trong phòng, TV màn hình phẳng cũng như máy điều hòa trong khi một số phòng còn có ban công.  Trong số các điểm tham quan nổi tiếng gần chỗ nghỉ có Bãi Dứa, Bãi Trước và Mũi Nghinh Phong. Sân bay gần nhất là sân bay quốc tế Tân Sơn Nhất, cách Truong An Hotel 109 km.",5.7
2980,ANRIZON HOTEL NHA TRANG,Nha Trang,"ANRIZON HOTEL NHA TRANG tọa lạc trên bãi biển Nha Trang, cách Bãi biển Hòn Chồng 50 m và Bãi biển Ba Làng chưa đầy 1 km. Trong số các tiện nghi của chỗ nghỉ này có nhà hàng, lễ tân 24 giờ, dịch vụ giữ hành lý và WiFi miễn phí. Khách sạn có các phòng gia đình. Khách sạn cung cấp phòng nghỉ gắn máy điều hòa có bàn làm việc, ấm đun nước, tủ lạnh, minibar, két an toàn, TV màn hình phẳng, ban công và phòng tắm riêng với vòi xịt/chậu rửa vệ sinh. ANRIZON HOTEL NHA TRANG cung cấp một số phòng có tầm nhìn ra biển và mỗi phòng đều đi kèm sân hiên. Tất cả phòng đều được bố trí ga trải giường và khăn tắm. ANRIZON HOTEL NHA TRANG cách Bãi biển Nha Trang 2,8 km và Hòn Chồng 800 km. Sân bay gần nhất là sân bay quốc tế Cam Ranh, nằm trong bán kính 40 km từ khách sạn.",6.4
2989,Cochin Zen Hotel,TP. Hồ Chí Minh,"Cochin Zen Hotel tọa lạc tại vị trí thuận tiện ở Quận 1, được biết đến là trung tâm của Thành phố Hồ Chí Minh. Nằm trên tầng 11, du khách có thể xả hơi và nạp lại năng lượng ở 3 bồn tắm jacuzzi onsen, thư giãn với cocktail giải khát tại quán bar trên sân thượng hoặc rèn luyện sức khỏe ở phòng tập thể dục ngoài trời. Khách sạn cũng có phòng xông hơi khô và phòng xông hơi ướt cho khách tùy nghi sử dụng, đồng thời cung cấp WiFi. Khách sạn nằm cách Chợ Bến Thành 250 m đi bộ và Dinh Thống Nhất 600 m đi bộ. Sân bay quốc tế Tân Sơn Nhất cách đó 20 phút lái xe. Cochin Zen Hotel trang bị một hệ thống đặc biệt cho phép không khí trong lành từ bên ngoài đi qua các đường ống và giúp cho tất cả phòng nghỉ đều thoáng mát. Tất cả phòng nghỉ tại đây đều có truyền hình cáp màn hình phẳng, bàn làm việc, minibar và két an toàn cá nhân. Phòng tắm riêng đi kèm bồn tắm/vòi sen, máy sấy tóc và đồ vệ sinh cá nhân miễn phí. Đội ngũ nhân viên giao tiếp bằng hai thứ tiếng tại quầy lễ tân 24 giờ luôn sẵn lòng hỗ trợ du khách thu xếp một loạt dịch vụ như cho thuê xe hơi, sắp xếp tour du lịch và đặt vé. Khách sạn cung cấp phòng giữ hành lý, dịch vụ giặt thường và giặt khô theo yêu cầu. Khách sạn cũng có nhà hàng trong khuôn viên.",7.4
2995,The Blue Alcove Hotel,Hội An,"Nằm ở thành phố Hội An, The Blue Alcove Hotel có xe đạp cho khách sử dụng miễn phí, hồ bơi ngoài trời, sảnh khách chung và khu vườn. Trong số các tiện nghi tại chỗ nghỉ này có dịch vụ phòng, dịch vụ tiền sảnh và WiFi miễn phí trong toàn bộ khuôn viên. Nơi đây cung cấp dịch vụ lễ tân 24 giờ, bếp chung và dịch vụ thu đổi ngoại tệ cho khách. Tất cả phòng nghỉ tại khách sạn đều được bố trí máy điều hòa, khu vực ghế ngồi, TV truyền hình cáp màn hình phẳng, két an toàn, phòng tắm riêng đi kèm vòi sen, dép đi trong phòng và máy sấy tóc. Tất cả các phòng đều có ấm đun nước, một số phòng còn có sân trong và những phòng khác nhìn ra hồ bơi. Các phòng nghỉ tại The Blue Alcove Hotel được trang bị ga trải giường và khăn tắm. Khách sạn phục vụ bữa sáng kiểu lục địa và bữa sáng à la carte hàng ngày. The Blue Alcove Hotel có sân hiên tắm nắng. Đi xe đạp là hoạt động phổ biến trong khu vực và khách sạn có dịch vụ cho thuê xe hơi. The Blue Alcove Hotel cách Bãi biển An Bàng 250 m và Bãi biển Hà My 500 m. Sân bay gần nhất là sân bay quốc tế Đà Nẵng, cách đó 25 km, và khách sạn cung cấp dịch vụ đưa đón sân bay với một khoản phụ phí.",7.0
2996,M Hotel Đà Lạt,Đà Lạt,"Tọa lạc ở thành phố Đà Lạt, cách Vườn hoa Đà Lạt chưa đến 1 km, M Hotel Đà Lạt cung cấp chỗ nghỉ với sảnh khách chung, chỗ đỗ xe riêng miễn phí, khu vườn và sân hiên. Chỗ nghỉ nằm trong bán kính khoảng 6 km từ Thiền viện Trúc Lâm, 6 km từ Hồ Tuyền Lâm và 7 km từ Núi Lang Bian. Chỗ nghỉ có lễ tân 24 giờ, dịch vụ đưa đón sân bay, bếp chung và WiFi miễn phí. Mỗi phòng nghỉ tại khách sạn đều được trang bị bàn làm việc, TV màn hình phẳng, phòng tắm riêng, ga trải giường và khăn tắm. M Hotel Đà Lạt cung cấp một số phòng nhìn ra quang cảnh thành phố. Các phòng có sân trong, tủ để quần áo và ấm đun nước. Các điểm tham quan nổi tiếng gần chỗ nghỉ bao gồm Hồ Xuân Hương, Quảng trường Lâm Viên và Công viên Yersin. Sân bay gần nhất là sân bay Liên Khương, cách M Hotel Đà Lạt 24 km.",7.4
3006,Long Mountain Resort,Phú Quốc,"Tọa lạc trên đảo Phú Quốc, Long Mountain Resort có nhà hàng, hồ bơi ngoài trời, quầy bar và vườn. Resort 3 sao này cung cấp dịch vụ phòng và dịch vụ tiền sảnh. Chỗ nghỉ có lễ tân 24 giờ, bếp chung và dịch vụ thu đổi ngoại tệ cho khách. Phòng nghỉ tại Long Mountain Resort được trang bị máy điều hòa, TV truyền hình cáp màn hình phẳng, tủ lạnh, ấm đun nước, bể sục, dép và bàn làm việc. Các phòng có WiFi miễn phí, khu vực ghế ngồi và phòng tắm riêng với vòi xịt/chậu rửa vệ sinh cùng máy sấy tóc. Một số phòng nhìn ra hồ bơi.  Khách lưu trú tại chỗ nghỉ có thể thưởng thức bữa sáng buffet hoặc bữa sáng à la carte. Long Mountain Resort có sân hiên. Đi xe đạp là hoạt động được ưa chuộng trong khu vực và resort cũng cung cấp dịch vụ cho thuê xe hơi. Long Mountain Resort nằm cách Bãi Dài 1,2 km và Chùa Sùng Hưng 3,8 km.",8.2
3007,Oriental Palace,Hà Nội,"Tọa lạc tại thành phố Hà Nội, cách Hồ Tây 3,5 km, Oriental Palace cung cấp chỗ nghỉ với nhà hàng, chỗ đỗ xe riêng miễn phí, hồ bơi ngoài trời theo mùa và trung tâm thể dục. Khách sạn nằm trong bán kính 4 km từ Đền Quán Thánh và 5 km từ Chợ Đồng Xuân. Chỗ nghỉ này còn có sảnh khách chung, vườn, lễ tân 24 giờ, dịch vụ đưa đón sân bay, dịch vụ phòng và WiFi miễn phí.  Khách nghỉ tại khách sạn có thể thưởng thức bữa sáng tự chọn hoặc kiểu Mỹ. Tại Oriental Palace, du khách có thể thoải mái sử dụng phòng xông hơi khô. Khách sạn nằm cách Ô Quan Chưởng 5 km và Nhà hát múa rối nước Thăng Long 6 km. Sân bay gần nhất là sân bay quốc tế Nội Bài, cách Oriental Palace 20 km.",5.1
3012,Tam Homestay,Đà Nẵng,"Tọa lạc tại thành phố Đà Nẵng, cách Bãi biển Thanh Bình trong vòng 2,1 km và Bảo tàng Chăm chưa đến 1 km, Tam Homestay cung cấp chỗ nghỉ với sảnh khách chung và WiFi miễn phí trong toàn bộ khuôn viên cũng như chỗ đỗ xe riêng miễn phí cho khách lái xe. Nhà khách này có các phòng gia đình và sân hiên. Chỗ nghỉ cũng cung cấp dịch vụ lễ tân 24 giờ, dịch vụ phòng và dịch vụ đặt vé cho khách. Phòng nghỉ tại đây được trang bị máy điều hòa, TV màn hình phẳng với truyền hình vệ tinh, tủ lạnh, ấm đun nước, chậu rửa vệ sinh (bidet), máy sấy tóc và bàn làm việc. Các phòng còn có tầm nhìn ra quang cảnh thành phố và phòng tắm riêng đi kèm vòi sen cùng đồ vệ sinh cá nhân miễn phí. Tại Tam Homestay, mỗi phòng đều được bố trí khu vực ghế ngồi. Khách nghỉ tại đây có thể tham gia các hoạt động trong và xung quanh thành phố Đà Nẵng, như đi xe đạp. Tam Homestay nằm cách Trung tâm thương mại Indochina Riverside 1,9 km và Cầu tàu Tình yêu 2,1 km. Sân bay gần nhất là sân bay quốc tế Đà Nẵng, nằm trong bán kính 3 km từ nhà khách.",7.4
3016,Glamour Hotel Da Nang,Đà Nẵng,"Tọa lạc ở thành phố Đà Nẵng, Glamour Hotel Da Nang có nhà hàng, xe đạp cho khách sử dụng miễn phí, hồ bơi ngoài trời và quầy bar. Mỗi phòng nghỉ tại khách sạn 4 sao này đều có ban công cũng như tầm nhìn ra quang cảnh sông, đồng thời du khách có thể lui tới sân hiên và sảnh khách chung. Nơi đây cung cấp dịch vụ lễ tân 24 giờ, dịch vụ đưa đón sân bay, dịch vụ phòng và WiFi miễn phí. Tất cả phòng nghỉ của khách sạn có tủ để quần áo, TV màn hình phẳng, phòng tắm riêng, ga trải giường và khăn tắm. Các phòng tại Glamour Hotel Da Nang được trang bị máy điều hòa và két an toàn. Chỗ nghỉ phục vụ bữa sáng buffet hoặc à la carte. Các điểm tham quan nổi tiếng gần Glamour Hotel Da Nang gồm có Cầu Sông Hàn, Cầu tàu Tình yêu và trung tâm thương mại Indochina Riverside. Sân bay gần nhất là sân bay quốc tế Đà Nẵng, nằm trong bán kính 6 km từ khách sạn.",7.2
3018,Memory Homestay Hue,Huế,"Nằm cách Cầu Tràng Tiền 4,3 km, Memory Homestay Hue có chỗ nghỉ với xe đạp cho khách sử dụng miễn phí, quán bar và lễ tân 24 giờ để tạo thuận tiện cho du khách. Homestay này cung cấp miễn phí cả WiFi lẫn chỗ đỗ xe riêng. Một số căn tại đây được bố trí máy điều hòa, khu vực tiếp khách và/hoặc ăn uống cũng như TV. Khách nghỉ tại Memory Homestay Hue có thể thưởng thức bữa sáng kiểu lục địa. Chỗ nghỉ có sân hiên. Memory Homestay Hue có công viên nước và khu vườn. Chợ Đông Ba và Bảo tàng Cổ vật Cung đình Huế đều nằm trong bán kính 5 km từ homestay. Sân bay gần nhất là sân bay Phú Bài, cách Memory Homestay Hue 14 km, và chỗ nghỉ cung cấp dịch vụ đưa đón sân bay với một khoản phụ phí.",6.8
3021,Lang Dong An Bang,Hội An,"Nhà nghỉ B&B này có TV màn hình phẳng và phòng tắm riêng với đồ vệ sinh cá nhân miễn phí, máy sấy tóc cùng vòi sen. Nhà nghỉ phục vụ bữa sáng kiểu châu Á hàng ngày. Lang Dong An Bang có dịch vụ cho thuê xe đạp và khu vực bãi biển riêng. Nhà nghỉ cách Hội quán Triều Châu 5 km. Sân bay gần nhất là sân bay quốc tế Đà Nẵng, cách đó 24 km.",6.5
3025,The Sea Luxury Nha Trang Apartment,Nha Trang,"Tọa lạc tại thành phố Nha Trang, The Sea Luxury Nha Trang Apartment có chỗ nghỉ, nhà hàng, hồ bơi ngoài trời, trung tâm thể dục, vườn, khu vực bãi biển riêng và tầm nhìn ra hồ bơi. Căn hộ cung cấp miễn phí cả WiFi lẫn chỗ đỗ xe riêng. Các căn gắn máy điều hòa tại đây có phòng khách với TV màn hình phẳng, bếp đi kèm lò vi sóng và tủ lạnh, máy giặt, két an toàn cũng như phòng tắm riêng với áo choàng tắm cùng dép đi trong phòng. Tất cả các căn đều được bố trí khu vực tiếp khách và ăn uống. The Sea Luxury Nha Trang Apartment có sân hiên. Các điểm tham quan nổi tiếng gần chỗ nghỉ bao gồm Bãi biển Nha Trang, Trung tâm mua sắm Nha Trang Centre và Nhà thờ Nha Trang. Sân bay gần nhất là sân bay quốc tế Cam Ranh, cách The Sea Luxury Nha Trang Apartment 37 km, và chỗ nghỉ cung cấp dịch vụ đưa đón sân bay với một khoản phụ phí.",7.7
3032,Komori House,Đà Lạt,"Nằm cách Quảng trường Lâm Viên 3,2 km, Komori House & Foods cung cấp chỗ nghỉ với quầy bar, khu vườn và bếp chung để tạo thuận tiện cho du khách. Nhà nghỉ B&B này có cả WiFi lẫn chỗ đỗ xe riêng miễn phí. Tất cả phòng nghỉ tại đây được bố trí khu vực ghế ngồi, khu vực ăn uống cũng như bếp nhỏ đầy đủ tiện nghi gồm nhiều vật dụng nấu nướng như lò vi sóng, tủ lạnh, lò nướng và bếp nấu. Mỗi phòng còn có sân trong nhìn ra vườn.  Komori House & Foods phục vụ bữa sáng kiểu Á hàng ngày. Chỗ nghỉ có sân hiên tắm nắng. Komori House & Foods nằm trong bán kính 3,4 km từ Hồ Xuân Hương và 3,5 km từ Công viên Yersin. Sân bay gần nhất là sân bay Liên Khương, cách nhà nghỉ B&B này 21 km.",8.8
3033,Phuong Nam Hotel,Sa Pa,"Phuong Nam Hotel tọa lạc tại thị trấn Sa Pa ở tỉnh Lào Cai, cách Núi Fansipan 8 km. Du khách có thể ngắm nhìn quang cảnh núi non từ ban công và dùng bữa tại nhà hàng ngay trong khuôn viên. Các phòng nghỉ lắp máy điều hòa tại đây được trang bị bàn làm việc, TV truyền hình cáp màn hình phẳng, tủ lạnh và ấm đun nước điện. Du khách có thể thưởng thức một tách trà trong lúc ngắm nhìn quang cảnh khu vườn/thành phố. Phòng nghỉ cũng đi kèm phòng tắm riêng với bồn tắm/vòi sen, máy sấy tóc và dép. Khách sạn có bàn đặt tour và lễ tân 24 giờ. Khách có thể sắp xếp dịch vụ cho thuê xe hơi và tour du lịch với chi phí thấp tại đây. Khách sạn cũng cung cấp phòng giữ hành lý miễn phí, dịch vụ thu đổi ngoại tệ và dịch vụ giặt là. Bữa sáng tự chọn được phục vụ tại nhà hàng của khách sạn, nơi có sân hiên với tầm nhìn ra thung lũng Mường Hoa. Quầy bar của khách sạn cung cấp đồ uống và có bi da cho khách chơi. Khách có thể chơi ném phi tiêu tại khách sạn và dịch vụ cho thuê xe hơi cũng được cung cấp cho khách. Nhà thờ Đá Sa Pa cách Phuong Nam Hotel 300 m, còn Hồ Sa Pa cách đó 800 m.",7.3
3033,Phuong Nam Hotel,Vũng Tàu,"Tọa lạc tại thành phố Vũng Tàu, cách Bãi Dứa vài bước chân, Phuong Nam Hotel cung cấp chỗ nghỉ bên bờ biển với nhiều tiện nghi như sảnh khách chung và sân hiên. Trong số các tiện nghi tại chỗ nghỉ có lễ tân 24 giờ, dịch vụ phòng và WiFi miễn phí trong toàn bộ khuôn viên. Khách sạn cung cấp các phòng gia đình. Tất cả phòng nghỉ tại khách sạn đều có TV màn hình phẳng, máy điều hòa và phòng tắm riêng với vòi sen cùng dép. Một số phòng được bố trí khu vực ghế ngồi. Các phòng được trang bị tủ để quần áo và ấm đun nước. Các điểm tham quan nổi tiếng gần Phuong Nam Hotel bao gồm Bãi Sau, Bãi Trước và Tượng Chúa Kitô Vua. Sân bay gần nhất là sân bay quốc tế Tân Sơn Nhất, nằm trong bán kính 72 km từ chỗ nghỉ.",6.1
3034,Green Bay Phu Quoc Resort & Spa,Phú Quốc,"Green Bay Phu Quoc Resort & Spa cung cấp chỗ nghỉ mang phong cách trang trí lấy cảm hứng từ thiên nhiên nằm trên đảo Phú Quốc đồng thời có khu vực bãi biển riêng, trung tâm spa, nhà hàng trong khuôn viên, hồ bơi ngoài trời, trung tâm thể dục và truy cập WiFi ở tất cả các khu vực. Tất cả các phòng nghỉ đầy đủ tiện nghi tại đây đều được trang bị máy lạnh, khu vực tiếp khách với ghế sofa, sân hiên riêng nhìn ra vườn, TV màn hình phẳng, tủ quần áo, két an toàn cá nhân và phòng tắm riêng với tiện nghi vòi sen/bồn tắm, máy sấy tóc, đồ vệ sinh cá nhân miễn phí, dép đi trong phòng cùng áo choàng tắm. Một số phòng nhìn ra hồ bơi. Green Bay Phu Quoc Resort & Spa có lễ tân 24 giờ với đội ngũ nhân viên có thể giúp khách thu xếp dịch vụ để hành lý và các dịch vụ trợ giúp đặc biệt khác đồng thời cung cấp dịch vụ đưa đón, đưa/đón sân bay và cho thuê xe hơi với một khoản phí. Resort cung cấp xe đạp cho khách sử dụng miễn phí và có chỗ đỗ xe miễn phí trong khuôn viên. Green Bay Phu Quoc Resort & Spa cách nhà máy nước mắm và Dinh Cậu 6 km, cách Chùa Sư Muôn 7,6 km và cách sân bay gần nhất là sân bay quốc tế Phú Quốc 13 km.",7.5
3036,Aloha Hotel,Hà Nội,"Tọa lạc ở quận Tây Hồ thuộc thành phố Hà Nội, Aloha Hotel cung cấp phòng nghỉ gắn máy điều hòa với TV truyền hình cáp màn hình phẳng. Trong số các tiện nghi tại chỗ nghỉ này có lễ tân 24 giờ, phòng giữ hành lý và WiFi miễn phí trong toàn bộ khuôn viên. Khách sạn cung cấp chỗ đỗ xe riêng miễn phí và dịch vụ cho thuê xe đạp cho những khách muốn khám phá khu vực xung quanh. Phòng nghỉ tại khách sạn được trang bị tủ để quần áo, minibar và phòng tắm riêng với vòi xịt/chậu rửa vệ sinh, áo choàng tắm cùng dép.  Bảo tàng Dân tộc học Việt Nam nằm cách Aloha Hotel 3,9 km trong khi Lăng Chủ tịch Hồ Chí Minh cách đó 5 km. Sân bay gần nhất là sân bay quốc tế Nội Bài, nằm trong bán kính 20 km từ chỗ nghỉ.",6.5
3037,Góc Phố Studio,Đà Lạt,"Chỗ nghỉ cách các địa điểm tham quan như Công viên Yersin 2,6 km, Vườn hoa Đà Lạt 3,8 km và Thiền viện Trúc Lâm 6 km. Các điểm tham quan trong khu vực bao gồm vườn thú ZooDoo Đà Lạt, cách 35 km hoặc Nhà điên Hằng Nga, cách đó 1,7 km. Mỗi phòng tại nhà khách này được bàn làm việc, TV màn hình phẳng và phòng tắm riêng. Ngoài ra còn có khu vực ghế ngồi. Chỗ nghỉ cách Hồ Tuyền Lâm 6 km và cách Núi Lang Bian 10 km. Sân bay gần nhất là sân bay Liên Khương, cách Góc Phố Studio 30 km.",7.2
3038,Bao Anh Boutique Hotel,Đà Nẵng,"Bao Anh Boutique Hotel nằm ở khu Bãi biển Mỹ Khê tại thành phố Đà Nẵng, cách Bãi biển Mỹ An 1,5 km và Cầu Khóa Tình yêu Đà Nẵng 2,1 km. Du khách có thể dùng bữa tại nhà hàng trong khuôn viên. Một số phòng nghỉ tại đây nhìn ra cảnh biển hoặc thành phố. Các phòng đi kèm phòng tắm riêng. Dép cùng máy sấy tóc cũng được cung cấp để mang lại sự thoải mái cho khách. Ngoài ra còn có TV truyền hình vệ tinh màn hình phẳng. Khách sạn có quầy lễ tân hoạt động 24 giờ/ngày. Khách sạn cũng cho thuê xe hơi. Bao Anh Boutique Hotel nằm trong bán kính 2,6 km từ Bảo tàng Chăm và 3 km từ Cầu Sông Hàn. Sân bay gần nhất là Sân bay Quốc tế Đà Nẵng, cách đó 5 km.",7.4
3047,Melia Danang Beach Resort,Đà Nẵng,"Nằm dọc theo Bãi biển Non Nước, Melia Danang cách Sân bay Quốc tế Đà Nẵng chỉ 15 phút lái xe. Resort này có khu vực bãi biển riêng dài 415 m, hồ bơi lớn ngoài trời, spa và vườn cảnh tuyệt đẹp. Nơi đây cung cấp chỗ đỗ xe miễn phí ngay tại khuôn viên và Wi-Fi miễn phí trong tất cả các khu vực. Melia Danang nằm cách Ngũ Hành Sơn vài phút lái xe trong khi Phố Cổ Hội An, Di sản Thế giới được UNESCO công nhận, cách đó 20 phút lái xe. Chợ Đà Nẵng nằm trong bán kính 15 phút lái xe từ resort. Với thiết kế nội thất hiện đại, các phòng nghỉ gắn máy điều hòa tại đây có tủ quần áo, két an toàn (trong phòng), ghế sofa, TV truyền hình cáp/vệ tinh màn hình phẳng, ấm đun nước điện và minibar. Phòng tắm riêng được trang bị tiện nghi vòi sen, máy sấy tóc, áo choàng tắm và đồ vệ sinh cá nhân sang trọng. Du khách có thể ngắm nhìn quang cảnh biển, núi non hoặc khu vườn từ phòng nghỉ. Nhân viên thân thiện ở quầy lễ tân 24 giờ có thể trợ giúp khách với dịch vụ đặt vé, giặt là và sắp xếp tiệc/hội họp. Dịch vụ đưa/đón sân bay và dịch vụ hỗ trợ doanh nhân cũng có thể được cung cấp với một khoản phụ phí. YHI Spa có đủ loại dịch vụ mát-xa thư giãn. Tại Melia Danang, du khách có thể thưởng thức bữa ăn kiểu Việt Nam ở nhà hàng Nam Viet trong khi ẩm thực Á-Âu được phục vụ tại nhà hàng The Market Place. Hải sản tươi ngon và cocktail có tại quán Cape Nao Beach Club nhìn ra biển.",5.9
3053,Cheerful Hoi An Hostel,Hội An,"Nơi đây có khu vườn nhỏ và chỗ đỗ xe miễn phí. Wi-Fi được cung cấp miễn phí ở các khu vực chung. Với sân hiên/ban công, các phòng gắn máy điều hòa có tủ quần áo, két an toàn, tủ lạnh mini và TV truyền hình cáp màn hình phẳng. Phòng tắm riêng đi kèm vòi sen, máy sấy tóc và đồ vệ sinh cá nhân miễn phí. Tại Cheerful Hoi An Hostel, quý khách có thể đến quầy lễ tân 24 giờ để được hỗ trợ với dịch vụ giữ hành lý, thu đổi ngoại tệ, giặt là và đặt vé. Dịch vụ đưa đón sân bay và các hoạt động tham quan cũng có thể được bố trí tại đây. Dịch vụ đặt đồ ăn được cung cấp theo yêu cầu. Bữa sáng được phục vụ miễn phí hàng ngày. Quý khách có thể khám phá rất nhiều lựa chọn ăn uống ở khu vực xung quanh nhà trọ. Chỗ nghỉ nằm trong bán kính khoảng 1,3 km từ cả Bảo tàng Lịch sử Hội An lẫn Hội quán Phúc Kiến. Bãi biển An Bàng cách chỗ nghỉ 2,5 km. Sân bay quốc tế Đà Nẵng cách đó khoảng 22 km. Chỗ nghỉ cung cấp dịch vụ đưa đón sân bay kèm phụ phí.",8.0
3054,Diamond Bay Resort & Spa,Nha Trang,"The luxurious Diamond Bay Resort & Spa tọa lạc trên vịnh riêng về phía Nam thành phố Nha Trang. Nằm giữa khu vườn nhiệt đới, chỗ nghỉ này có hồ bơi, bãi biển riêng và Wi-Fi miễn phí. Diamond Bay Resort & Spa cung cấp xe đưa đón miễn phí hàng ngày đến trung tâm thành phố Nha Trang, cách đó 10 km. Chỗ nghỉ cách sân bay quốc tế Cam Ranh 20 km. Dịch vụ đưa đón sân bay và chỗ đỗ xe miễn phí cũng được cung cấp. Các phòng nghỉ đầy đủ tiện nghi tại đây có ban công nhìn ra vườn hoặc biển. Mỗi phòng đều được trang bị tủ lạnh mini và TV truyền hình cáp. Du khách có thể tận hưởng dịch vụ mát-xa ở Song Lo Spa hoặc rèn luyện sức khỏe tại hồ bơi. Bàn đặt tour ngay trong khuôn viên có thể thu xếp các hoạt động tham quan cho khách. Diamond Bay có 2 nhà hàng phục vụ từ các món ăn Việt Nam được yêu thích cho đến các món đặc sản quốc tế. Nhà hàng Vista Grill House phục vụ tiệc tự chọn kiểu địa phương và quốc tế cho bữa sáng cũng như bữa tối. Du khách có thể dùng bữa trưa tại Banana Leaf.",6.2
3055,Sapa Vista Hotel,Sa Pa,"Nằm ở thị xã Sa Pa, cách Ga cáp treo Fansipan Legend 6,1 km, Sapa Vista Hotel có quán bar, vườn và tầm nhìn ra quang cảnh thành phố. Trong số các tiện nghi của chỗ nghỉ này có nhà hàng, lễ tân 24 giờ, dịch vụ phòng và WiFi miễn phí trong toàn bộ khuôn viên. Khách sạn cung cấp các phòng gia đình. Tất cả phòng nghỉ tại đây đều được trang bị máy điều hòa, TV truyền hình vệ tinh màn hình phẳng, tủ lạnh, ấm đun nước, vòi xịt/chậu rửa vệ sinh, dép và bàn làm việc. Các phòng có phòng tắm riêng, máy sấy tóc và ga trải giường. Khách sạn phục vụ bữa sáng buffet và bữa sáng à la carte hàng ngày. Sapa Vista Hotel có sân hiên. Khu vực này nổi tiếng với hoạt động đi xe đạp trong khi du khách có thể thuê xe đạp và xe hơi tại chỗ nghỉ. Các điểm tham quan nổi tiếng gần Sapa Vista Hotel bao gồm Hồ Sa Pa, Nhà thờ Đá Sa Pa và Bến xe Sa Pa. Sân bay gần nhất là sân bay Điện Biên Phủ, cách đó 269 km, và khách sạn cung cấp dịch vụ đưa đón sân bay với một khoản phụ phí.",6.9
3065,Sapa Jungle Homestay,Sa Pa,"Nằm cách ga cáp treo Fansipan Legend 3,6 km, Sapa Jungle Homestay có chỗ nghỉ với khu vườn, sân hiên và bếp chung để tạo thuận tiện cho khách. Homestay này cung cấp miễn phí cả WiFi lẫn chỗ đỗ xe riêng. Mỗi chỗ ở tại đây đều có sân trong nhìn ra khu vườn. Sapa Jungle Homestay phục vụ bữa sáng tự chọn hoặc kiểu Á. Các địa danh nổi tiếng gần chỗ nghỉ bao gồm Hồ Sa Pa, trung tâm thương mại Sun Plaza và bến xe Sa Pa.",8.2
3066,Mayfair Hanoi,Hà Nội,"Nằm cách Nhà thờ Lớn Hà Nội chỉ 600 m, Mayfair Hanoi mang đến cho du khách một kỳ nghỉ thoát khỏi sự hối hả và nhộn nhịp của thành phố Hà Nội. Chỗ nghỉ có hồ bơi ngoài trời mát mẻ để bơi thư giãn và trung tâm thể dục ngay trong khuôn viên. Du khách có thể nằm thư giãn trên hiên phơi nắng hoặc sử dụng tiện nghi BBQ. Wi-Fi miễn phí được cung cấp trong toàn bộ khuôn viên. Chỗ ở máy lạnh tại đây có khu vực tiếp khách với TV màn hình phẳng, đầu đĩa CD và đầu đĩa DVD. Một số chỗ ở đi kèm khu vực ăn uống và/hoặc ban công. Ngoài ra còn có nhà bếp với máy rửa bát, lò nướng và lò vi sóng. Chỗ ở còn được trang bị lò nướng bánh, tủ lạnh cùng máy pha cà phê. Mỗi chỗ ở còn đi kèm phòng tắm riêng với bồn tắm hoặc vòi sen, đồ vệ sinh cá nhân miễn phí và máy sấy tóc. Bộ khăn trải giường cũng được cung cấp cho khách. Khách có thể đỗ xe miễn phí ngay tại khuôn viên. Chỗ nghỉ còn cung cấp cả dịch vụ giao hàng tạp hóa. Bảo tàng Mỹ thuật Việt Nam và Chùa Quán Sứ đều nằm trong bán kính chỉ 700 m từ Mayfair Hanoi. Sân bay gần nhất là Sân bay Quốc tế Nội Bài, cách đó 21 km.",6.8
3069,Vinh Hung Riverside Resort & Spa,Hội An,"Resort có hồ bơi ngoài trời, khu vui chơi cho trẻ em và 4 địa điểm ăn uống ngay trong khuôn viên. Quý khách có thể sử dụng miễn phí WiFi và chỗ đỗ xe riêng tại đây. Các phòng nghỉ rộng rãi được trang trí theo phong cách Việt Nam và có cửa sổ lớn đón nhiều ánh sáng tự nhiên. Mỗi phòng đều được trang bị đầy đủ tiện nghi, bao gồm truyền hình cáp, tủ lạnh mini và phòng tắm riêng đi kèm vòi sen, máy sấy tóc cùng dép. Du khách có thể rèn luyện sức khỏe tại phòng tập thể dục, thư giãn với buổi xông hơi khô hoặc tận hưởng liệu pháp mát-xa nhẹ nhàng tại spa. Nhân viên tại quầy lễ tân phục vụ 24 giờ có thể hỗ trợ khách với các dịch vụ thu đổi ngoại tệ, giữ hành lý và đưa đón sân bay theo yêu cầu. Du khách cũng có thể tham gia lớp học nấu ăn tại đây. Vinh Hung Riverside Resort & Spa cách Phố Cổ Hội An 550 m và Làng mộc Kim Bồng 1,2 km. Sân bay gần nhất là sân bay quốc tế Đà Nẵng, cách chỗ nghỉ 23 km. Nhà hàng Red Tile phục vụ nhiều món ăn địa phương và quốc tế hảo hạng, trong khi đồ ăn nhẹ được cung cấp tại quán Red Brick Bar.",6.9
3070,Eco Nest,Hà Nội,"Mỗi căn tại đây đều có ban công, khu vực bếp ăn đầy đủ tiện nghi với lò vi sóng, lò sưởi, khu vực ghế ngồi, TV màn hình phẳng, máy giặt cũng như phòng tắm riêng đi kèm vòi xịt/chậu rửa vệ sinh và dép đi trong phòng. Các căn còn được trang bị tủ lạnh, lò nướng, bếp nấu ăn, ấm đun nước và máy pha cà phê. Căn hộ có sân chơi cho trẻ em và sân hiên tắm nắng. Các điểm tham quan nổi tiếng gần Eco nest bao gồm Đền Quán Thánh, Hồ Tây và Bảo tàng Mỹ thuật Việt Nam. Sân bay gần nhất là sân bay quốc tế Nội Bài, cách đó 20 km, và chỗ nghỉ cung cấp dịch vụ đưa đón sân bay với một khoản phụ phí.",8.4
3071,The Akoya Ben Thanh Hotel,TP. Hồ Chí Minh,"Tọa lạc ở vị trí thuận tiện tại Quận 1 thuộc Thành phố Hồ Chí Minh, The Akoya Ben Thanh Hotel nằm cách Bảo tàng Thành phố Hồ Chí Minh 300 m, Chợ ẩm thực đường phố Bến Thành 500 m và Chợ Bến Thành 600 m. Chỗ nghỉ này còn có một số tiện nghi như nhà hàng, lễ tân 24 giờ, dịch vụ phòng cũng như WiFi miễn phí trong toàn bộ khuôn viên. Chỗ nghỉ có dịch vụ tiền sảnh, bàn đặt tour và dịch vụ thu đổi ngoại tệ cho khách. Khách sạn cung cấp phòng nghỉ có máy điều hòa, tủ để quần áo, ấm đun nước, tủ lạnh, két an toàn, TV màn hình phẳng và phòng tắm riêng với vòi xịt/chậu rửa vệ sinh. Tại The Akoya Ben Thanh Hotel, tất cả các phòng đều được trang bị ga trải giường và khăn tắm. Chỗ nghỉ phục vụ bữa sáng à la carte hoặc bữa sáng kiểu Á. Trong số các điểm tham quan nổi tiếng gần The Akoya Ben Thanh Hotel có trung tâm thương mại Takashimaya Việt Nam, Trung tâm thương mại Union Square và Trụ sở UBND Thành phố Hồ Chí Minh. Sân bay gần nhất là sân bay quốc tế Tân Sơn Nhất, nằm trong bán kính 12 km từ khách sạn.",6.9
3072,Saigon April Homestay,TP. Hồ Chí Minh,"Tọa lạc tại Thành phố Hồ Chí Minh, cách Chợ ẩm thực đường phố Bến Thành 1,8 km, Saigon April Homestay cung cấp phòng nghỉ lắp máy điều hòa và sảnh khách chung. Nhà khách 2 sao này có bếp chung, dịch vụ phòng và WiFi miễn phí. Chỗ nghỉ có dịch vụ tiền sảnh, bàn đặt tour và phòng giữ hành lý cho khách. Phòng nghỉ tại nhà khách được trang bị ấm đun nước và két an toàn. Một số phòng có ban công trong khi các phòng còn lại có tầm nhìn ra quang cảnh thành phố. Saigon April Homestay có sân hiên. Chỗ nghỉ nằm cách Công viên Tao Đàn 1,8 km và Bảo tàng Mỹ thuật 2 km. Sân bay gần nhất là sân bay quốc tế Tân Sơn Nhất, cách đó 13 km, và chỗ nghỉ cung cấp dịch vụ đưa đón sân bay với một khoản phụ phí.",8.5
3076,Two Bedrooms Apartment with Sea View,Đà Nẵng,"Chỗ nghỉ này có khu vực bãi biển riêng, xe đạp cho khách sử dụng miễn phí và hồ bơi ngoài trời.  Căn hộ này có TV truyền hình vệ tinh màn hình phẳng. Wi-Fi miễn phí, nhà bếp cũng như 2 phòng tắm với bể sục. Nhân viên lễ tân thông thạo tiếng Anh và tiếng Việt luôn sẵn lòng giúp đỡ du khách. Two Bedrooms Apartment có sân chơi cho trẻ em. Khách nghỉ tại đây có thể đi bộ đường dài gần đó hoặc thư giãn trên sân hiên tắm nắng. Chỗ nghỉ nằm cách Công viên Châu Á 8 km. Sân bay gần nhất là Sân bay quốc tế Đà Nẵng, nằm trong bán kính 12 km từ Two Bedrooms Apartment with Sea View.",7.0
3078,The Imperial Hotel Vung Tau,Vũng Tàu,"Khách sạn có hồ bơi ngoài trời và 4 địa điểm ăn uống. Khách có thể sử dụng Wi-Fi miễn phí trong toàn khuôn viên. Các phòng nghỉ rộng rãi tại đây có hướng biển/hồ bơi/phố và được trang bị tủ quần áo cùng két an toàn. Mỗi phòng đều có cửa sổ lớn, khu vực ghế ngồi, bàn làm việc và TV truyền hình cáp màn hình phẳng. Phòng tắm riêng đi kèm bồn tắm, vòi sen, máy sấy tóc, dép, áo choàng tắm và đồ vệ sinh cá nhân. Các tiện nghi giải trí khác bao gồm CLB bãi biển, spa sang trọng, trung tâm thể dục và CLB Chơi Game Imperial. The Imperial Hotel Vung Tau còn có quầy lễ tân 24 giờ cùng nhiều dịch vụ như phòng giữ hành lý, cho thuê xe hơi và chỗ đỗ xe miễn phí. Nhà hàng Dining Room phục vụ nhiều món ăn Việt và Âu tuyển chọn. Nhà hàng Asia Selection mang đến ẩm thực Á hảo hạng, bao gồm các món Thái, Nhật và Ấn. Nhà hàng Shifu Chinese Bistro lại tập trung thỏa mãn vị giác của quý khách với những hương vị tinh túy từ Trung Hoa. Du khách có thể thưởng thức hải sản tươi sống tại nhà hàng hải sản La Sirena. Lobby Lounge và Havana Club cung cấp đủ các loại thức uống. Khách sạn cách Hải đăng Vũng Tàu và Tượng Chúa Ki-tô Vua 2,2 km cũng như Mũi Nghinh Phong 2,9 km. Sân bay gần nhất là sân bay Tân Sơn Nhất, cách khách sạn 100 km.",7.7
3079,APOLLO HOTEL managed by NEST Group,Nha Trang,"Quay mặt ra biển ở thành phố Nha Trang, APOLLO HOTEL managed by NEST Group có hồ bơi ngoài trời và sân hiên. Trong số các tiện nghi của chỗ nghỉ này có nhà hàng, lễ tân 24 giờ, sảnh khách chung và WiFi miễn phí. Khách sạn cung cấp các phòng gia đình. Phòng nghỉ gắn máy điều hòa tại APOLLO HOTEL managed by NEST Group có bàn làm việc, ấm đun nước, két an toàn, TV màn hình phẳng và phòng tắm riêng với vòi sen. Các phòng được trang bị ga trải giường và khăn tắm. Khách lưu trú tại chỗ nghỉ có thể thưởng thức bữa sáng kiểu lục địa. Các điểm tham quan nổi tiếng gần APOLLO HOTEL managed by NEST Group bao gồm Bãi biển Nha Trang, Trung tâm Thuyền buồm Việt Nam và quán Sailling Club. Sân bay gần nhất là sân bay quốc tế Cam Ranh, cách khách sạn 36 km, và chỗ nghỉ cung cấp dịch vụ đưa đón sân bay với một khoản phụ phí.",7.1
3085,Ri's House Hoi An Homestay,Hội An,"Tất cả chỗ ở tại đây đều có ban công, TV truyền hình cáp màn hình phẳng và máy điều hòa. Homestay này phục vụ bữa sáng kiểu Á. Bảo tàng Lịch sử Hội An và Hội Quán Quảng Đông đều nằm trong bán kính 5 km từ Ri's House Hoi An Homestay. Sân bay gần nhất là sân bay quốc tế Đà Nẵng, cách đó 26 km, và chỗ nghỉ cung cấp dịch vụ đưa đón sân bay với một khoản phụ phí.",7.0
3089,Nhat Minh Hotel and Apartment,Đà Nẵng,"Nằm cách bãi biển Mỹ Khê 1 phút đi bộ, Nhat Minh Hotel cung cấp chỗ nghỉ với kiến trúc châu Âu ở Đà Nẵng. Quý khách có thể dùng bữa tại nhà hàng hoặc thưởng thức đồ uống ở quán bar. Khách sạn trang bị WiFi miễn phí trong toàn khuôn viên. Bãi biển Mỹ An nằm cách Nhat Minh Hotel 1,4 km trong khi Bảo tàng Chăm cách đó 2,7 km. Sân bay Quốc tế Đà Nẵng cách khách sạn 5 km. Khách sạn cung cấp dịch vụ vận chuyển và đưa đón sân bay với một khoản phụ phí. Mỗi phòng gắn máy điều hoà tại đây được trang bị TV màn hình phẳng với các kênh truyền hình cáp. Một số phòng có khu vực ghế ngồi để khách thư giãn. Các phòng nhất định có tầm nhìn ra biển/thành phố. Tất cả các phòng còn đi kèm phòng tắm riêng với bồn tắm/vòi sen, dép cùng đồ vệ sinh cá nhân miễn phí, tạo sự thoải mái cho khách. Quầy lễ tân 24 giờ tại đây có dịch vụ đặt vé, cho thuê xe hơi/xe máy và hỗ trợ quý khách đặt tour tham quan trong ngày. Các tiện nghi khác còn gồm phòng xông hơi khô, dịch vụ mát-xa, phòng tập thể dục và trung tâm dịch vụ doanh nhân. Nhà hàng của khách sạn phục vụ bữa sáng tự chọn với nhiều loại thức ăn truyền thống của Việt Nam cùng nhiều món Á và quốc tế ngon miệng. Một loạt các loại đồ uống được cung cấp tại đây.",7.0
3090,Saigon Pink 3 Hotel,TP. Hồ Chí Minh,"Tọa lạc ở vị trí lý tưởng tại Quận 1 thuộc Thành phố Hồ Chí Minh, Saigon Pink 3 Hotel nằm cách trung tâm thương mại Takashimaya Việt Nam 600 m, Chợ Bến Thành chưa đầy 1 km và Bảo tàng Thành phố Hồ Chí Minh 11 phút đi bộ. Chỗ nghỉ này nằm gần Nhà Hát Lớn Sài Gòn, Chợ ẩm thực đường phố Bến Thành và Trung tâm thương mại Union Square. Nơi đây cung cấp dịch vụ lễ tân 24 giờ, dịch vụ đưa đón sân bay, dịch vụ phòng và WiFi miễn phí trong toàn bộ khuôn viên. Tất cả phòng nghỉ tại đây đều được trang bị máy điều hòa, TV truyền hình cáp màn hình phẳng, minibar, ấm đun nước, vòi sen, dép và tủ để quần áo. Các phòng có phòng tắm riêng, đồ vệ sinh cá nhân miễn phí và ga trải giường. Các điểm tham quan nổi tiếng gần khách sạn bao gồm Trung tâm mua sắm Vincom, Trụ sở UBND Thành phố Hồ Chí Minh và Bảo tàng Mỹ thuật. Sân bay gần nhất là sân bay quốc tế Tân Sơn Nhất, nằm trong bán kính 13 km từ Saigon Pink 3 Hotel.",6.0
3098,Nhà của Sóc,Đà Lạt,"Nằm cách Quảng trường Lâm Viên 500 m, Nhà của Sóc có chỗ nghỉ với sảnh khách chung, khu vườn và bếp chung để tạo thuận tiện cho du khách. Chỗ nghỉ này cung cấp WiFi miễn phí trong toàn bộ khuôn viên. Mỗi căn tại đây đều có sân trong, khu vực bếp ăn với tủ lạnh, khu vực ăn uống và khu vực ghế ngồi với TV màn hình phẳng cũng như phòng tắm riêng đi kèm vòi xịt/chậu rửa vệ sinh cùng dép đi trong phòng. Các căn còn được trang bị lò nướng, bếp nấu ăn và ấm đun nước. Căn hộ có sân hiên. Nhà của Sóc có sân chơi cho trẻ em ngay trong khuôn viên và du khách có thể đi bộ đường dài trong khu vực lân cận. Chỗ nghỉ nằm gần các điểm tham quan nổi tiếng như Công viên Yersin, Hồ Xuân Hương và Vườn hoa Đà Lạt. Sân bay gần nhất là sân bay Liên Khương, cách Nhà của Sóc 22 km, và chỗ nghỉ cung cấp dịch vụ đưa đón sân bay với một khoản phụ phí. It features a terrace, mountain views and free WiFi throughout the property. The apartment is fitted with 2 bedrooms, 1 bathroom, a flat-screen TV with cable channels, a dining area, a fully equipped kitchen, and a patio with garden views. Lam Vien Square is 1.1 km from the apartment, while Dalat Flower Gardens is 2.9 km away. The nearest airport is Lien Khuong Airport, 28 km from Nhà của Sóc.",7.5
3100,Lang Hân Homestay Đà Lạt,Đà Lạt,"Một số căn được bố trí khu vực ăn uống và/hoặc ban công. Homestay này có sân hiên và khu vườn. Thiền Viện Trúc Lâm và Hồ Tuyền Lâm đều nằm cách Lang Hân Homestay Đà Lạt 2,9 km. Sân bay gần nhất là sân bay Liên Khương, cách chỗ nghỉ 20 km.",5.0
3105,Saigon Hanoi Hotel,TP. Hồ Chí Minh,"Tọa lạc tại Thành phố Hồ Chí Minh, Saigon Hanoi Hotel có WiFi miễn phí và tầm nhìn. Khách sạn này nằm cách Chợ Bến Thành 5 phút lái xe. Từ Saigon Hanoi Hotel, du khách lái xe 5 phút là đến Bảo tàng Lịch sử và Nhà thờ Đức Bà. Khách sạn nằm trong bán kính 17 phút lái xe từ sân bay quốc tế Tân Sơn Nhất. Phòng nghỉ tiện nghi tại Ho Sen Hotel được trang bị máy điều hòa, WiFi, TV, két an toàn và máy sấy tóc. Saigon Hanoi Hotel có trung tâm dịch vụ doanh nhân và cung cấp dịch vụ cho thuê phương tiện đi lại cũng như dịch vụ đưa đón sân bay. Khách sạn cũng cung cấp dịch vụ thu đổi ngoại tệ và dịch vụ giặt là theo yêu cầu. Du khách có thể lựa chọn dùng bữa tại nhà hàng của khách sạn.",6.0
3109,UYEN VY HOTEL AND COFFEE,Đà Lạt,"Tọa lạc tại thành phố Đà Lạt, cách Quảng trường Lâm Viên 1,1 km, UYEN VY HOTEL AND COFFEE cung cấp chỗ nghỉ với quầy bar, chỗ đỗ xe riêng miễn phí và khu vườn. Chỗ nghỉ này nằm trong bán kính khoảng 2,2 km từ Vườn hoa Đà Lạt, 4 km từ Thiền viện Trúc Lâm và 4,3 km từ Hồ Tuyền Lâm. Phòng nghỉ gắn máy điều hòa tại đây có tầm nhìn ra quang cảnh thành phố, bàn làm việc và WiFi miễn phí. Tất cả phòng nghỉ của khách sạn đều được bố trí khu vực ghế ngồi và TV màn hình phẳng. Tại UYEN VY HOTEL AND COFFEE, các phòng được trang bị ga trải giường và khăn tắm. Nhân viên nói tiếng Anh và tiếng Việt tại quầy lễ tân luôn sẵn lòng hỗ trợ du khách 24/24. Trong số các điểm tham quan nổi tiếng gần chỗ nghỉ có Hồ Xuân Hương, Công viên Yersin và Biệt thự Hằng Nga (Ngôi nhà điên). Sân bay gần nhất là sân bay Liên Khương, cách UYEN VY HOTEL AND COFFEE 22 km, và chỗ nghỉ cung cấp dịch vụ đưa đón sân bay với một khoản phụ phí.",7.7
3113,Bánh Mì Motel,Vũng Tàu,"Chỗ nghỉ này nằm trong bán kính khoảng 1,6 km từ Bãi Trước và chưa đầy 1 km từ Tượng Chúa Kitô Vua. Chỗ nghỉ có WiFi miễn phí, lễ tân 24 giờ và dịch vụ phòng cho khách. Motel nằm gần các điểm tham quan nổi tiếng như Ngọn hải đăng Vũng Tàu, Mũi Nghinh Phong và Bến tàu Cánh ngầm. Sân bay gần nhất là sân bay quốc tế Tân Sơn Nhất, cách Bánh Mì Motel 72 km.",6.3
3115,Kyo Hotel,Vũng Tàu,"Tọa lạc tại thành phố Vũng Tàu, cách Bãi Sau 500 m và Bãi Dứa 1,2 km, Kyo Hotel cung cấp chỗ nghỉ với sảnh khách chung và WiFi miễn phí trong toàn bộ khuôn viên cũng như chỗ đỗ xe riêng miễn phí cho khách lái xe. Khách sạn này còn có dịch vụ tiền sảnh và công viên nước. Chỗ nghỉ cung cấp dịch vụ lễ tân 24 giờ, dịch vụ phòng và dịch vụ thu đổi ngoại tệ cho khách. Phòng nghỉ tại khách sạn được bố trí phòng tắm riêng. Một số phòng còn có khu vực ghế ngồi. Kyo Hotel có sân hiên. Chỗ nghỉ nằm cách Bãi Trước 1,4 km và Tượng Chúa Kitô Vua 1,6 km. Sân bay gần nhất là sân bay quốc tế Tân Sơn Nhất, nằm trong bán kính 108 km từ Kyo Hotel, và chỗ nghỉ cung cấp dịch vụ đưa đón sân bay với một khoản phụ phí.",6.3
3119,Tom Hill Resort & Spa Phu Quoc,Phú Quốc,"Tọa lạc tại khu phố Dương Đông, Tom Hill Resort & Spa Phu Quoc có sân hiên phơi nắng và tầm nhìn ra quang cảnh biển. Wi-Fi và chỗ đỗ xe riêng đều được cung cấp miễn phí trong khuôn viên. Quý khách có thể đi xe hơi miễn phí để đến bãi biển công cộng. Mỗi phòng nghỉ tại resort này đều được trang bị máy điều hòa, TV truyền hình cáp màn hình phẳng và ấm đun nước. Một số phòng có khu vực ghế ngồi cho khách thư giãn. Tất cả phòng còn bao gồm phòng tắm riêng với dép, đồ vệ sinh cá nhân miễn phí và máy sấy tóc. Tom Hill Resort & Spa có quầy lễ tân làm việc 24 giờ. Dịch vụ cho thuê xe hơi và xe tay ga được cung cấp theo yêu cầu. Sân bay gần nhất là sân bay quốc tế Phú Quốc, cách Tom Hill Resort & Spa Phu Quoc 4 km.",7.0
3128,HS Beach House Phu Quoc Island,Phú Quốc,"Tọa lạc tại đảo Phú Quốc, cách Bãi Dài 1,8 km, HS Beach House Phu Quoc Island cung cấp chỗ nghỉ bên bờ biển với nhiều tiện nghi như vườn, khu vực bãi biển riêng và sòng bạc. Chỗ nghỉ này cung cấp các phòng gia đình và tiện nghi BBQ. Chỗ nghỉ có bếp chung, dịch vụ phòng và tổ chức các tour du lịch cho khách. Mỗi phòng nghỉ tại nhà khách đều có máy điều hòa, bàn làm việc, TV màn hình phẳng, phòng tắm riêng, ga trải giường, khăn tắm và sân trong nhìn ra biển. Tất cả các căn được bố trí tủ để quần áo và ấm đun nước. HS Beach House Phu Quoc Island có sân hiên. Bãi biển Ông Lang nằm trong bán kính 3 km từ chỗ nghỉ trong khi Chùa Sùng Hưng cách đó 2,6 km.",6.8
3132,The Empire Hotel,Phú Quốc,"Chỗ nghỉ này có các phòng gia đình và sân hiên. Nơi đây cung cấp dịch vụ lễ tân 24 giờ, dịch vụ phòng và tổ chức các tour du lịch cho khách. Khách sạn cung cấp các phòng nghỉ gắn máy điều hòa được trang bị tủ để quần áo, ấm đun nước, minibar, két an toàn, TV màn hình phẳng và phòng tắm riêng với vòi sen. Tại The Empire Hotel, các phòng có ga trải giường và khăn tắm. Các điểm tham quan nổi tiếng gần chỗ nghỉ bao gồm Biển Dương Đông, Chùa Sùng Hưng và Chợ đêm Phú Quốc. Sân bay gần nhất là sân bay quốc tế Phú Quốc, cách khách sạn 9 km và chỗ nghỉ cung cấp dịch vụ đưa đón sân bay với một khoản phụ phí.",6.1
3140,Daisy An Bang Villa,Hội An,"Tọa lạc tại thành phố Hội An, Daisy An Bang Villa có chỗ nghỉ, xe đạp cho khách sử dụng miễn phí, hồ bơi ngoài trời, quầy bar, vườn, tiện nghi thể thao dưới nước và tầm nhìn ra vườn. Chỗ nghỉ này cung cấp WiFi miễn phí. Tất cả các căn tại đây đều được bố trí khu vực ghế ngồi, TV truyền hình vệ tinh màn hình phẳng và phòng tắm riêng đi kèm áo choàng tắm, vòi xịt/chậu rửa vệ sinh cùng vòi sen. Một số căn có sân trong và/hoặc ban công nhìn ra hồ nước. Biệt thự phục vụ bữa sáng kiểu lục địa hoặc bữa sáng buffet. Daisy An Bang Villa có sân hiên tắm nắng. Chỗ nghỉ cung cấp dịch vụ cho thuê xe hơi và du khách có thể đi xe đạp ở khu vực gần đó. Các điểm tham quan nổi tiếng gần Daisy An Bang Villa bao gồm Bãi biển An Bàng, Bãi biển Hà My và Bãi biển Cửa Đại. Sân bay gần nhất là sân bay quốc tế Đà Nẵng, cách biệt thự 25 km.",8.4
3141,The Ocean Villas,Đà Nẵng,"Chỗ nghỉ có 2 hồ bơi ngoài trời, nhà hàng bên bờ biển, quán bar, sân tennis và trung tâm spa. Các biệt thự thoáng mát đều có máy điều hòa, công nghệ tối tân, nội thất hiện đại và bếp đầy đủ tiện nghi. Phòng khách mở ra hiên tắm nắng, khu vườn và bể ngâm riêng. Nằm ở vị trí thuận tiện đối diện sân golf BRG Đà Nẵng, The Ocean Villas cách Ngũ Hành Sơn 5 phút lái xe và cách Khu Phố Cổ Hội An - Di Sản được UNESCO công nhận 15 phút lái xe. Sân bay quốc tế Đà Nẵng cách đó 20 phút lái xe. Nhà hàng ngay trong khuôn viên, White Caps Restaurant, phục vụ một loạt các món ăn kiểu Âu và Việt Nam.",7.2
3146,Vitamin Sea Nha Trang,Nha Trang,"Vitamin Sea Nha Trang tọa lạc tại thành phố Nha Trang, cách Bảo tàng Alexandre Yersin chưa đầy 1 km và Trung tâm mua sắm Nha Trang Centre 12 phút đi bộ. Chỗ nghỉ này nằm trong bán kính khoảng 1,4 km từ Bảo tàng Khánh Hòa, 1,8 km từ Chùa Long Sơn và 1,9 km Quảng trường 2/4. Chỗ nghỉ có bếp chung và WiFi miễn phí. Tất cả phòng nghỉ tại hostel đều được bố trí phòng tắm riêng với vòi sen. Các điểm tham quan nổi tiếng gần Vitamin Sea Nha Trang bao gồm Bãi biển Nha Trang, Nhà thờ Nha Trang và Chợ Đầm. Sân bay gần nhất là sân bay quốc tế Cam Ranh, cách chỗ nghỉ 27 km.",7.2
3148,Angel Hotel Da Nang,Đà Nẵng,"Nằm cách Bãi biển Mỹ Khê ở Đà Nẵng chỉ 3 phút đi bộ, Angel Hotel Da Nang cung cấp các phòng nghỉ với tầm nhìn ra biển hoặc thành phố. Nơi đây cung cấp dịch vụ mát-xa trong phòng và truy cập WiFi miễn phí. Khách sạn cách Ngũ Hành Sơn 10 phút lái xe và cách Sân bay Quốc tế Đà Nẵng 15 phút lái xe. Sông Hàn và trung tâm thành phố cách đó 1 km và Phố cổ Hội An cùng Ba Na Hills chỉ cách khách sạn 30 phút lái xe. Được trang bị khu vực ghế ngồi, các phòng nghỉ có máy điều hòa, TV màn hình phẳng với các kênh truyền hình cáp và phòng tắm riêng với đồ vệ sinh cá nhân cùng máy sấy tóc. Ngoài ra còn đi kèm minibar và tủ quần áo. Nhà hàng phục vụ các món ăn châu Á và phương Tây và cung cấp dịch vụ phòng đến 22:00. Khách có thể sử dụng két an toàn tại quầy lễ tân 24 giờ của khách sạn. Khách sạn cũng cung cấp dịch vụ cho thuê xe, dịch vụ đặt vé/tour du lịch và chỗ đỗ xe miễn phí.",6.0
3156,Guesthouse Thắng Linh,Đà Lạt,"Chỗ nghỉ này nằm trong bán kính khoảng 2 km từ Vườn hoa Đà Lạt, 4,3 km từ Thiền viện Trúc Lâm và 5 km từ Hồ Tuyền Lâm. Núi Lang Bian và vườn thú ZooDoo Đà Lạt cách đó lần lượt 8 km và 25 km. Tất cả phòng nghỉ tại Guesthouse Thắng Linh đều được trang bị TV màn hình phẳng và phòng tắm riêng. Trong số các điểm tham quan nổi tiếng gần chỗ nghỉ có Hồ Xuân Hương, Công viên Yersin và Biệt thự Hằng Nga (Ngôi nhà điên). Sân bay gần nhất là sân bay Liên Khương, cách Guesthouse Thắng Linh 22 km.",7.7
3158,Green Boutique Villa,Hội An,"Biệt thự cung cấp miễn phí cả WiFi lẫn chỗ đỗ xe riêng. Mỗi phòng nghỉ tại đây đều có ban công, khu vực ghế ngồi, TV truyền hình vệ tinh màn hình phẳng và máy điều hòa. Green Boutique Villa phục vụ bữa sáng à la carte và kiểu lục địa hàng ngày. Du khách có thể đi xe đạp để khám phá khu vực xung quanh. Chỗ nghỉ nằm cách Bãi biển Cửa Đại 2,2 km và Hội quán Triều Châu 5 km. Sân bay gần nhất là sân bay quốc tế Đà Nẵng, cách Green Boutique Villa 26 km, và chỗ nghỉ cung cấp dịch vụ đưa đón sân bay với một khoản phụ phí.",8.0
3164,Sen Hotel,Hà Nội,"Chỉ cách quang cảnh cây xanh tại Nghĩa Đô và Công viên Thủ Lệ vài bước chân, Sen Hotel cung cấp phòng nghỉ máy lạnh với Wi-Fi miễn phí và bữa sáng hàng ngày. Nơi đây cách Bảo tàng Dân tộc học Việt Nam 500 m. Đặc trưng với tông màu ấm áp cùng nội thất bằng gỗ tối màu, các phòng nghỉ được trang bị đầy đủ tiện nghi tại đây mở ra tầm nhìn ra quang cảnh đường phố và cây xanh. Các phòng có ấm đun nước điện, TV màn hình phẳng và minibar. Hotel Sen cách Sân vận động Quần Ngựa 5 phút lái xe và cách trung tâm thành phố 13 phút lái xe. Cách đó 10 phút lái xe là Bảo tàng Mỹ thuật, Lăng Chủ tịch Hồ Chí Minh và Phố Mua sắm Hàng Gai. Du khách có thể khám phá Hà Nội với sự trợ giúp từ bàn bán tour hoặc thư giãn trong phòng xông hơi khô hiện đại trong nhà. Khách sạn cũng có trung tâm dịch vụ doanh nhân, tiện nghi hội họp và dịch vụ trợ giúp đặc biệt. Được trang bị hệ thống ánh sáng ấm áp, nhà hàng cung cấp một loạt các món ăn phương Tây và địa phương. Dịch vụ phòng được cung cấp cho khách. 6 km from My Dinh Stadium and 4.3 km from Vietnam Museum of Ethnology. Among the facilities of this property are a restaurant, a 24-hour front desk and room service, along with free WiFi throughout the property. Attractions in the area include One Pillar Pagoda, 8.5 km away, or Hanoi Temple of Literature, located 8.5 km from the property. At the hotel rooms are equipped with air conditioning, a wardrobe, a flat-screen TV, a private bathroom, bed linen, towels and a balcony with a city view. All rooms will provide guests with a microwave. Guests at Sen Hotel can enjoy an Asian breakfast. Vincom Center Nguyen Chi Thanh is 5.6 km from the accommodation, while Vietnam Fine Arts Museum is 8.5 km from the property. The nearest airport is Noi Bai International, 26 km from Sen Hotel, and the property offers a paid airport shuttle service.",6.8
3167,Malibu Hotel,Vũng Tàu,"Tọa lạc trong một tòa nhà chọc trời màu xám, hiện đại và nổi bật, Malibu Hotel cung cấp chỗ nghỉ đẹp mắt tại thành phố Vũng Tàu. Khách sạn có hồ bơi vô cực thú vị nhìn ra khu vực Vũng Tàu. Khách nghỉ tại đây có thể lựa chọn thư giãn đôi chút tại spa hoặc thậm chí rèn luyện sức khỏe ở trung tâm thể dục. Bạn đồng hành tuyệt vời và cocktail hảo hạng đang chờ đón du khách tại sảnh khách cũng như các quầy bar ngay trong khuôn viên. Wi-Fi miễn phí có trong tất cả các khu vực của chỗ nghỉ. Các phòng nghỉ đầy đủ tiện nghi tại Malibu Hotel có kiểu trang trí sang trọng bằng tông màu trung tính và gỗ. Mỗi phòng đều được trang bị TV truyền hình vệ tinh màn hình phẳng và két an toàn. Các phòng có ban công riêng nhìn ra quang cảnh khu vực xung quanh. Các phòng tắm riêng được bài trí đầy phong cách và có buồng tắm vòi sen cũng như bồn tắm sâu nằm riêng biệt. Du khách cũng được cung cấp đồ vệ sinh cá nhân miễn phí, áo choàng tắm và dép đi trong phòng. Du khách có thể thưởng thức đồ uống miễn phí trong tủ lạnh mini của phòng. Nhà hàng Vela Buffet & Restaurant phục vụ một loạt các món ngon của địa phương và quốc tế. Bữa sáng tự chọn cả ngày được cung cấp với khoảng 30 món ăn khác nhau để lựa chọn. Đội ngũ nhân viên thông thạo cả tiếng Anh lẫn tiếng Việt tại quầy lễ tân 24 giờ có thể hỗ trợ du khách với các dịch vụ thu đổi ngoại tệ, đặt tour du lịch và đặt vé, trợ giúp đặc biệt cũng như giữ hành lý. Nhân viên có thể giúp du khách bằng cách sắp xếp dịch vụ đưa đón thu phí đến/từ sân bay. Malibu Hotel cũng có các cửa hàng ngay trong khuôn viên, nơi du khách có thể mua quà lưu niệm hoặc các vật dụng cần thiết. Tại đây còn có trang thiết bị phòng họp và các khu vực tổ chức sự kiện. Bãi Sau nằm trong bán kính 400 m từ Malibu Hotel trong khi cách khách sạn 2,3 km là Bãi Trước. Sân bay gần nhất là Sân bay quốc tế Tân Sơn Nhất, cách đó 71 km.",7.7
3183,Sheraton Grand Danang Resort,Đà Nẵng,"Các điểm tham quan địa phương như Ngũ Hành Sơn và Công viên Châu Á cách đó lần lượt 3 km và 8 km. Các phòng và suite rộng rãi tại đây được trang bị TV thông minh, phòng tắm riêng và ban công với tầm nhìn ngoạn mục. Quý khách có thể truy cập Wi-Fi trong toàn bộ khuôn viên. Khách sạn cung cấp bữa sáng tự chọn với các món ăn quốc tế. Quý khách cũng có thể thưởng thức các món hải sản và bít tết đặc trưng tại Sheraton Grand Danang Resort. Resort có hồ bơi vô cực ngoài trời và hồ bơi trẻ em. Spa tại khách sạn sẽ mang đến cho khách những giây phút thư giãn sau một ngày dài khám phá thành phố Đà Nẵng với vô số các loại liệu pháp hồi phục sức khỏe. Trong khuôn viên còn có trung tâm thể dục đầy đủ trang thiết bị với các huấn luyện viên tập riêng cũng như CLB dành cho trẻ em. Nhân viên lễ tân thành thạo tiếng Việt, tiếng Hàn, tiếng Trung và tiếng Anh luôn sẵn sàng hỗ trợ du khách 24/24. Dịch vụ đưa đón và dọn dẹp được cung cấp với một khoản phụ phí. Có nhiều hoạt động cho du khách tham gia như đi thuyền buồm, chèo thuyền kayak, lướt sóng và chơi bóng chuyền. Khách sạn nằm trong bán kính 13 km từ Cầu Rồng và 11 km từ Bảo tàng Chăm cũng như sân bay quốc tế Đà Nẵng.",7.4
3195,Chillaxroom,TP. Hồ Chí Minh,"Tọa lạc tại Thành phố Hồ Chí Minh, cách Bảo tàng Mỹ thuật 2 km và trung tâm thương mại Takashimaya Việt Nam 2,3 km, Chillaxroom cung cấp chỗ nghỉ với WiFi miễn phí, máy điều hòa, nhà hàng và sảnh khách chung. Căn hộ có ban công, tầm nhìn ra hồ nước, khu vực ghế ngồi, TV truyền hình cáp màn hình phẳng, khu vực bếp ăn đầy đủ tiện nghi với lò vi sóng cùng tủ lạnh cũng như phòng tắm riêng đi kèm vòi sen và dép đi trong phòng. Tất cả các căn đều sử dụng phòng tắm chung với bồn tắm, máy sấy tóc cùng đồ vệ sinh cá nhân miễn phí. Công viên Tao Đàn nằm cách Chillaxroom 2,5 km trong khi Chợ ẩm thực đường phố Bến Thành cách đó 2,6 km. Sân bay gần nhất là sân bay quốc tế Tân Sơn Nhất, cách chỗ nghỉ 14 km.",6.3
3196,Hue Garden Villa Hotel,Huế,"Tọa lạc tại thành phố Huế, cách Cầu Tràng Tiền 2,2 km, Hue Garden Villa Hotel cung cấp chỗ nghỉ với hồ bơi ngoài trời, chỗ đỗ xe riêng miễn phí, khu vườn và sân hiên. Chỗ nghỉ này có các phòng gia đình và sân chơi cho trẻ em. Nơi đây cung cấp dịch vụ lễ tân 24 giờ, dịch vụ phòng và dịch vụ thu đổi ngoại tệ cho khách. Mỗi phòng nghỉ tại khách sạn đều được trang bị máy điều hòa trong khi một số phòng có ban công. Bảo tàng Cổ vật Cung đình Huế và Chợ Đông Ba đều nằm trong bán kính 2,5 km từ Hue Garden Villa Hotel. Sân bay gần nhất là sân bay Phú Bài, cách đó 15 km, và chỗ nghỉ cung cấp dịch vụ đưa đón sân bay với một khoản phụ phí.",6.3
3199,Homestay 05 Hồ Quý Ly,Vũng Tàu,"Tọa lạc tại thành phố Vũng Tàu thuộc tỉnh Bà Rịa - Vũng Tàu, gần Bãi Sau và Ngọn hải đăng Vũng Tàu, Homestay 05 Hồ Quý Ly cung cấp chỗ nghỉ với WiFi miễn phí và chỗ đỗ xe riêng miễn phí. Tất cả phòng nghỉ tại đây đều được trang bị máy điều hòa và truyền hình cáp màn hình phẳng. Ngoài ra, phòng còn có phòng tắm riêng đầy đủ tiện nghi đi kèm chậu rửa vệ sinh (bidet) và đồ vệ sinh cá nhân miễn phí. Du khách có thể thư giãn trên sân hiên của homestay này. Homestay 05 Hồ Quý Ly nằm cách Tượng Chúa Ki-tô Vua 1,7 km và Mũi Nghinh Phong 2,3 km. Sân bay gần nhất là sân bay quốc tế Tân Sơn Nhất, nằm trong bán kính 72 km từ chỗ nghỉ.",8.6
3209,Sunshine Luxury Hotel,TP. Hồ Chí Minh,"Tọa lạc tại vị trí tuyệt đẹp ở Quận 7 thuộc Thành phố Hồ Chí Minh, Sunshine Luxury Hotel nằm cách Trung tâm Hội chợ & Triển lãm Sài Gòn 1,6 km, Bến Nhà Rồng 3,9 km và Bảo tàng Mỹ thuật 4,2 km. Chợ Bến Thành, trung tâm thương mại Takashimaya Việt Nam và Chợ ẩm thực đường phố Bến Thành đều nằm trong bán kính 5 km từ chỗ nghỉ này. Chỗ nghỉ cung cấp dịch vụ lễ tân 24 giờ, dịch vụ phòng và dịch vụ thu đổi ngoại tệ cho khách. Phòng nghỉ tại Sunshine Luxury Hotel được bố trí ấm đun nước, TV, máy điều hòa và phòng tắm riêng với bồn tắm/vòi sen cùng dép. Một số phòng có ban công. Các phòng được trang bị ga trải giường và khăn tắm. Khách nghỉ tại Sunshine Luxury Hotel có thể thưởng thức bữa sáng à la carte. Trung tâm thương mại Union Square và Bảo tàng Thành phố Hồ Chí Minh đều nằm cách khách sạn 5 km. Sân bay gần nhất là sân bay quốc tế Tân Sơn Nhất, nằm trong bán kính 11 km từ Sunshine Luxury Hotel, và chỗ nghỉ cung cấp dịch vụ đưa đón sân bay với một khoản phụ phí.",6.2
3211,DALAMOON HOTEL,Đà Lạt,"Nằm ở thành phố Đà Lạt, cách Quảng trường Lâm Viên 2,4 km, DALAMOON HOTEL cung cấp chỗ nghỉ với quầy bar, chỗ đỗ xe riêng miễn phí, sảnh khách chung và sân hiên. Khách sạn 2 sao này cung cấp WiFi miễn phí, dịch vụ phòng và dịch vụ tiền sảnh. Chỗ nghỉ có lễ tân 24 giờ, bếp chung và dịch vụ thu đổi ngoại tệ cho khách. Tất cả phòng nghỉ tại DALAMOON HOTEL được bố trí khu vực ghế ngồi, TV truyền hình cáp màn hình phẳng, bếp, khu vực ăn uống, ấm đun nước và phòng tắm riêng với dép, vòi xịt/chậu rửa vệ sinh cùng vòi sen. Một số phòng có ban công trong khi các phòng còn lại nhìn ra khu vườn. Mỗi phòng đều được trang bị ga trải giường và khăn tắm. Chỗ nghỉ nằm cách Hồ Xuân Hương 2,5 km và Công viên Yersin 2,7 km. Sân bay gần nhất là sân bay Liên Khương, nằm trong bán kính 31 km từ DALAMOON HOTEL, và chỗ nghỉ cung cấp dịch vụ đưa đón sân bay với một khoản phụ phí.",7.3
3212,Trang Nguyen House,Đà Lạt,"Nằm ở thành phố Đà Lạt, cách Hồ Xuân Hương 2,2 km, Trang Nguyen House có sảnh khách chung, phòng nghỉ không gây dị ứng, WiFi miễn phí và khu vườn. Chỗ nghỉ này có bếp chung và tiện nghi BBQ. Nhà khách cung cấp các phòng gia đình. Mỗi phòng nghỉ tại nhà khách này đều được trang bị tủ để quần áo, TV màn hình phẳng, phòng tắm riêng, ga trải giường, khăn tắm và ấm đun nước. Một số phòng đi kèm khu vực bếp ăn với lò vi sóng và tủ lạnh. Trang Nguyen House có sân hiên. Chỗ nghỉ nằm trong bán kính 2,2 km từ Quảng trường Lâm Viên và 2,5 km từ Công viên Yersin. Sân bay gần nhất là sân bay Liên Khương, cách Trang Nguyen House 30 km, và chỗ nghỉ cung cấp dịch vụ đưa đón sân bay với một khoản phụ phí.",7.9
3219,Ken Nha Trang Hotel,Nha Trang,"Ken Nha Trang Hotel cung cấp phòng nghỉ tại thành phố Nha Trang, nằm trong bán kính 1 km từ Quảng trường 2/4 và 1,2 km từ Trung tâm mua sắm Nha Trang Centre. Trong số các điểm tham quan nổi tiếng gần đó có Trung tâm Thuyền buồm Việt Nam, khu phức hợp giải trí Sailing Club và Bảo tàng Khánh Hòa. Chỗ nghỉ cung cấp dịch vụ phòng và WiFi miễn phí trong toàn bộ khuôn viên. Tất cả phòng nghỉ tại Ken Nha Trang Hotel đều được trang bị ấm đun nước, máy điều hòa và TV màn hình phẳng. Các điểm tham quan nổi tiếng gần chỗ nghỉ bao gồm Bãi biển Nha Trang, Tháp Trầm Hương và Nhà thờ Núi Nha Trang. Sân bay gần nhất là sân bay quốc tế Cam Ranh, cách Ken Nha Trang Hotel 26 km.",6.7
3222,Pullman Saigon Centre,TP. Hồ Chí Minh,"Cách Chợ Bến Thành 1 km, nơi nghỉ này tự hào có nhà hàng trên tầng mái, quầy bar cho tầm nhìn ra quang cảnh thành phố trên tầng 31 và hồ bơi ngoài trời trên tầng 6. Cách nơi nghỉ này 1,5 km là các điểm tham quan địa phương như Sông Sài Gòn, Dinh Thống Nhất, Nhà hát Lớn Thành phố Hồ Chí Minh và Nhà thờ Đức Bà. Sân bay Quốc tế Tân Sơn Nhất nằm trong bán kính 45 phút lái xe từ Pullman Saigon Centre. Với tầm nhìn ra quang cảnh thành phố, mỗi phòng máy lạnh tại đây đều có truyền hình cáp màn hình phẳng, minibar và két an toàn. Phòng tắm riêng đi kèm vòi sen và đồ vệ sinh cá nhân miễn phí. Quý khách có thể rèn luyện sức khỏe tại trung tâm thể dục của khách sạn hay thư giãn trong hồ bơi spa và phòng xông hơi khô. Dịch vụ để hành lý được cung cấp tại lễ tân 24 giờ. Nhà hàng trên tầng mái phục vụ bữa sáng và có thiết kế nướng thịt hình tròn độc đáo cũng như bếp biểu diễn trực tiếp. Quý khách có thể yêu cầu đủ loại trà/cà phê, bia Việt Nam cùng với các món ăn Phương Đông và Phương Tây tại quầy lounge bar.",7.1
3226,Valentine villas Phú Quốc,Phú Quốc,"Tọa lạc trên đảo Phú Quốc, chỉ cách Bãi Dài 600 m, Valentine villas Phú Quốc cung cấp chỗ nghỉ bên bờ biển với nhà hàng, quầy bar, sảnh khách chung và Wi-Fi miễn phí. Biệt thự này có chỗ đỗ xe riêng miễn phí và lễ tân 24 giờ. Biệt thự được bố trí 4 phòng ngủ, truyền hình vệ tinh màn hình phẳng, bếp đầy đủ tiện nghi với lò vi sóng và tủ lạnh, máy giặt cũng như 4 phòng tắm đi kèm bể sục. Biệt thự có sân hiên. Chỗ nghỉ này có khu vườn cùng tiện nghi BBQ và du khách có thể đi bộ đường dài ở khu vực gần đó. Valentine villas Phú Quốc cách Chùa Sùng Hưng 12 km và công viên giải trí Vinpearl Land Phú Quốc 33 km. Sân bay gần nhất là sân bay quốc tế Phú Quốc, cách chỗ nghỉ 12 km và tại đây cung cấp dịch vụ đưa đón sân bay miễn phí.",5.0
3241,Little Hoi An . A Boutique Hotel & Spa,Hội An,"A Boutique Hotel & Spa! Để tiết kiệm tại chỗ nghỉ này, bạn chỉ cần đăng nhập. Nằm trên bờ Sông Hoài, Little Hoi An Boutique Hotel & Spa cách Bãi biển Cửa Đại 4 km. Với Wi-Fi miễn phí, khách sạn này còn có hồ bơi ngoài trời cũng như tiệm làm tóc và làm đẹp cung cấp đầy đủ các liệu pháp spa. Khách có thể sử dụng đàn piano ở sảnh đợi. Ngoài ra, khách cũng có thể thư giãn cạnh quầy bar bên hồ bơi, tập thể dục tại trung tâm thể dục hay học cách nấu các món ăn Việt Nam chính thống. Nhân viên tại lễ tân 24 giờ có thể hỗ trợ khách các dịch vụ giặt là/ủi và dịch vụ phòng. Các phòng gắn máy điều hòa có sàn gỗ và được trang bị TV màn hình phẳng, bàn làm việc, minibar cũng như tiện nghi pha trà/cà phê. Phòng tắm riêng đi kèm góc tắm vòi sen mở và đồ vệ sinh cá nhân miễn phí. Nhà hàng Gotwo Restaurant phục vụ các món ăn Việt Nam và Phương Tây cạnh quầy bar cùng sân hiên của hồ bơi ngoài trời. Khách sạn nằm cách sân bay quốc tế Đà Nẵng 1 giờ lái xe và cách Chùa Cầu Nhật Bản 300 m.",7.6
3242,Senia Hotel Nha Trang,Nha Trang,"Tọa lạc ở thành phố Nha Trang, Senia Hotel Nha Trang có nhà hàng, hồ bơi ngoài trời, trung tâm thể dục và quán bar. Khách sạn 4 sao này cũng có bàn đặt tour. Chỗ nghỉ cung cấp dịch vụ lễ tân 24 giờ, dịch vụ đưa đón sân bay, dịch vụ phòng và WiFi miễn phí. Tất cả phòng nghỉ tại Senia Hotel Nha Trang đều được trang bị ấm đun nước, máy điều hòa, két an toàn và TV. Một số phòng có ban công. Chỗ nghỉ phục vụ bữa sáng kiểu Á hằng ngày. Senia Hotel Nha Trang nằm cách Bãi biển Hòn Chồng 200 m và Bãi biển Nha Trang 2,7 km. Sân bay gần nhất là sân bay quốc tế Cam Ranh, nằm trong bán kính 42 km từ khách sạn.",7.5
3243,Areca Homestay,Hội An,"Nơi nghỉ đơn giản và giá cả phải chăng này có dịch vụ cho thuê xe đạp, quầy lễ tân cũng như Wi-Fi miễn phí. Chợ Hội An sôi động cách đó chỉ 1,5 km. Phòng nghỉ tại đây được trang bị máy lạnh, tủ lạnh mini trữ đầy đồ và truyền hình cáp màn hình phẳng. Trong các phòng tắm riêng có máy sấy tóc, khăn tắm miễn phí và tiện nghi vòi sen nước nóng/lạnh. Chỗ nghỉ nhà dân này cách Bảo tàng Lịch sử Hội An 500 m. Bãi biển Cửa Đại nằm trong bán kính 3 km từ nơi nghỉ này trong khi phố cổ Hội An chỉ cách đó 1,5 km. Du khách đi 23 km là tới Sân bay Quốc tế Đà Nẵng. Chỗ đỗ xe được cung cấp miễn phí tại đây. Areca Homestay có nhà bếp chung, nơi quý khách có thể chuẩn đồ ăn nhẹ cũng như các bữa ăn nhẹ. Nơi nghỉ này còn có các tiện nghi khác như dịch vụ đặt vé, bàn đặt tour và chỗ để hành lý. Tại đây cũng cho thuê xe máy.",7.4
3244,Thanh Ha Homestay Sapa,Sa Pa,"Chỗ nghỉ này có các phòng gia đình và sân hiên. Tại đây cũng cung cấp dịch vụ lễ tân 24 giờ và dịch vụ phòng cho khách. Phòng nghỉ tại nhà nghỉ được bố trí ấm đun nước, Phòng tắm riêng đi kèm chậu rửa vệ sinh (bidet) và máy sấy tóc. Tại Thanh Ha homestay mỗi phòng đều có khu vực ghế ngồi. Các điểm tham quan nổi tiếng gần chỗ nghỉ bao gồm trung tâm thương mại Sun Plaza, Hồ Sa Pa và Quảng trường Trung tâm Sa Pa.",8.3
3245,Golden Soulmate homestay,Hội An,"Tọa lạc ở thành phố Hội An, cách Hội quán Triều Châu 1,2 km, Golden Soulmate homestay có tầm nhìn ra quang cảnh thành phố, WiFi miễn phí và chỗ đỗ xe riêng miễn phí. Mỗi căn tại đây đều có sân trong, máy điều hòa, khu vực ăn uống và khu vực ghế ngồi với TV truyền hình vệ tinh màn hình phẳng. Một số căn được bố trí phòng tắm riêng với vòi xịt/chậu rửa vệ sinh, dép đi trong phòng, máy sấy tóc và đồ vệ sinh cá nhân miễn phí. Homestay này phục vụ bữa sáng à la carte và bữa sáng kiểu Mỹ hàng ngày. Golden Soulmate Homestay có sân hiên. Sau một ngày đi bộ đường dài hoặc đi xe đạp, du khách có thể thư giãn trong vườn hoặc tại khu vực tiếp khách chung. Các điểm tham quan nổi tiếng gần chỗ nghỉ bao gồm Hội quán Hải Nam, Miếu Quan Công và Hội quán Phúc Kiến. Sân bay gần nhất là sân bay quốc tế Đà Nẵng, cách Golden Soulmate homestay 29 km, và chỗ nghỉ cung cấp dịch vụ đưa đón sân bay với một khoản phụ phí.",8.0
3248,Phu Quoc Eco Beach Resort,Phú Quốc,"Phu Quoc Eco Beach Resort nằm ở Bãi biển Ông Lãng, ẩn mình trong khu rừng sinh thái tuyệt đẹp với hệ động thực vật thiên nhiên đa dạng. Tất cả các phòng nghỉ tại đây đều có sàn lát gạch và kiểu trang trí Bali, với tầm nhìn ra khu vực xung quanh. Các phòng đi kèm minibar và sân hiên. Phòng tắm riêng ngoài trời cũng được trang bị vòi sen. Hồ bơi ngoài trời của Phu Quoc Eco Beach Resort có tầm nhìn tuyệt đẹp ra biển. Nhà hàng phục vụ các món ăn Á-Âu vô cùng đa dạng trong khi quán bar Beach cung cấp cả đồ uống có cồn lẫn không cồn. Trong số các tiện nghi tại Phu Quoc Eco Beach Resort còn có dịch vụ giặt là, đặt vé máy bay, đặt tour du lịch, bóng bàn, bida, bóng chuyền bãi biển và câu cá (tùy theo mùa). Dịch vụ cho thuê xe đạp và xe máy được cung cấp cho những khách muốn tự mình khám phá Phú Quốc cũng như các khu vực gần đó. Phu Quoc Eco Beach Resort nằm cách Sân bay Quốc tế Phú Quốc 20 km, du khách có thể đến được sân bay này sau 50 phút đi bằng chuyến bay nội địa từ Thành phố Hồ Chí Minh và sau 130 phút đi bằng chuyến bay nội địa từ thủ đô Hà Nội. Chỗ nghỉ cách Thị trấn Dương Đông 8 km.",6.8
3249,Minimalist & Modern Apartment I,Phú Quốc,"Nằm trên đảo Phú Quốc, chỉ cách Bãi Dài chưa đầy 1 km, Minimalist & Modern Apartment I cung cấp chỗ nghỉ với nhà hàng, hồ bơi ngoài trời và lễ tân 24 giờ. Căn hộ này có chỗ đỗ xe riêng miễn phí và dịch vụ phòng. Căn hộ này được bố trí 1 phòng ngủ, 1 phòng tắm, ga trải giường, khăn tắm, TV màn hình phẳng, khu vực bếp nấu ăn đầy đủ tiện nghi và sân trong nhìn ra vườn. Trong khuôn viên chỗ nghỉ có sân hiên và du khách có thể đi bộ đường dài gần căn hộ. Chùa Sùng Hưng nằm trong bán kính 10 km từ Minimalist & Modern Apartment I trong khi Sòng bạc Corona cách đó 26 km.",7.7
3252,Cactusland Homestay - Tran Hung Dao,TP. Hồ Chí Minh,"Tọa lạc tại Thành phố Hồ Chí Minh, cách Bảo tàng Mỹ thuật 1,8 km và trung tâm thương mại Takashimaya Việt Nam 2,1 km, Cactusland Homestay - Tran Hung Dao cung cấp chỗ nghỉ với WiFi miễn phí, máy điều hòa, sảnh khách chung và sân hiên. Mỗi căn tại đây đều được bố trí phòng tắm riêng với vòi sen, dép đi trong phòng, máy sấy tóc và đồ vệ sinh cá nhân miễn phí. Homestay này phục vụ bữa sáng kiểu Á hàng ngày. Cactusland Homestay - Tran Hung Dao cung cấp dịch vụ cho thuê xe đạp và xe hơi. Công viên Tao Đàn nằm cách chỗ nghỉ 2,3 km trong khi Chợ ẩm thực đường phố Bến Thành cách đó 2,5 km. Sân bay gần nhất là sân bay quốc tế Tân Sơn Nhất, nằm trong bán kính 14 km từ Cactusland Homestay - Tran Hung Dao, và chỗ nghỉ cung cấp dịch vụ đưa đón sân bay với một khoản phụ phí.",7.4
3260,Mai Charming Hotel and Spa,Hà Nội,"Nằm cách Hồ Hoàn Kiếm cũng như Nhà hát Múa rối Nước nổi tiếng chỉ 5 phút đi bộ, Mai Charming Boutique Hanoi có lối đi thuận tiện đến nhiều điểm tham quan của địa phương. Chỗ ở này cung cấp dịch vụ mát-xa, Wi-Fi miễn phí và chỗ đỗ xe miễn phí. Hanoi Mai Charming Boutique cách chợ Đồng Xuân cũng như chợ đêm cuối tuần 10 phút đi bộ. Từ nơi nghỉ này, du khách chỉ cần lái xe 10 phút là đến Ga Tàu Hà Nội và 15 phút là tới Lăng Chủ tịch Hồ Chí Minh. Được trang trí trang nhã, các phòng đầy phong cách tại đây có tường trắng, nội thất hiện đại và tranh treo tường độc đáo. Trong phòng được trang bị đầy đủ tiện nghi với TV màn hình phẳng, két an toàn cá nhân và phòng tắm riêng. Nhà hàng phục vụ bữa sáng tự chọn cũng như các món ăn châu Á và phương Tây vào bữa trưa cùng bữa tối. Cocktail, bia và rượu vang hảo hạng có tại quầy bar. Khách sạn có trung tâm dịch vụ doanh nhân, nơi khách có thể sắp xếp đặt vé và fax/phô-tô-co-pi. Các dịch vụ thu đổi ngoại tệ và cho thuê xe hơi cũng được cung cấp tại đây.",5.1
3262,Oakwood Residence Saigon,TP. Hồ Chí Minh,"Với các căn hộ đầy đủ tiện nghi tại Quận 7, Oakwood Residence Saigon cung cấp trung tâm thể dục hiện đại, sảnh khách dành cho cư dân, hồ bơi ngoài trời, sân chơi cho trẻ em và Wi-Fi miễn phí. Mỗi căn hộ lớn đều có bếp đầy đủ tiện nghi, truyền hình cáp màn hình phẳng, phòng khách kèm ghế sofa, máy giặt và két an toàn cá nhân. Phòng tắm riêng đi kèm vòi sen và máy sấy tóc. Oakwood Residence Saigon cách Bảo tàng Tranh 3D Artinus 1,8 km và Trung tâm Triển lãm và Hội nghị Sài Gòn 1,9 km. Sân bay gần nhất là sân bay quốc tế Tân Sơn Nhất, cách chỗ nghỉ 11 km.",8.0
3272,Crony Villa,Hội An,"Nằm cách Bãi biển Cửa Đại 2,8 km, Crony Villa có chỗ nghỉ, nhà hàng, xe đạp cho khách sử dụng miễn phí, hồ bơi ngoài trời và quầy bar. Biệt thự cung cấp miễn phí cả WiFi lẫn chỗ đỗ xe riêng. Chỗ nghỉ được bố trí phòng tắm riêng với chậu rửa vệ sinh (bidet), máy sấy tóc và đồ vệ sinh cá nhân miễn phí. Crony Villa phục vụ bữa sáng tự chọn và bữa sáng à la carte hàng ngày. Chỗ nghỉ cũng có sân hiên tắm nắng. Du khách cũng có thể thư giãn trong vườn hoặc tại khu vực tiếp khách chung. Crony Villa nằm cách Hội quán Triều Châu 5 km và Bảo tàng Lịch sử Hội An 6 km. Sân bay gần nhất là sân bay quốc tế Đà Nẵng, nằm trong bán kính 26 km từ biệt thự, và chỗ nghỉ cung cấp dịch vụ đưa đón sân bay với một khoản phụ phí.",8.0
3289,La An Homestay,Hội An,"Tọa lạc tại thành phố Hội An, cách Bảo tàng Lịch sử Hội An 1,4 km và Hội quán Triều Châu 1,9 km, La An Homestay cung cấp chỗ nghỉ với WiFi miễn phí, máy điều hòa, nhà hàng và sảnh khách chung. Homestay này có sân trong, tầm nhìn ra quang cảnh thành phố, khu vực ghế ngồi, TV truyền hình cáp màn hình phẳng, khu vực bếp ăn đầy đủ tiện nghi với lò vi sóng cùng tủ lạnh cũng như phòng tắm riêng đi kèm vòi xịt/chậu rửa vệ sinh và dép đi trong phòng. Để thêm phần thuận tiện cho du khách, chỗ nghỉ có thể cung cấp khăn tắm và ga trải giường với một khoản phụ phí. La An Homestay phục vụ bữa sáng à la carte hằng ngày. Chỗ nghỉ có sân hiên và du khách có thể đi xe đạp trong khu vực gần đó. Trong số các điểm tham quan nổi tiếng gần La An Homestay có Chùa Cầu Nhật Bản, Hội quán Quảng Đông và Bảo tàng Gốm sứ Mậu dịch. Sân bay gần nhất là sân bay quốc tế Đà Nẵng, nằm trong bán kính 28 km từ homestay, và chỗ nghỉ cung cấp dịch vụ đưa đón sân bay với một khoản phụ phí.",7.9
3291,Hanoi Brilliant Hotel and Spa,Hà Nội,"Khách sạn có các phòng nghỉ trang nhã với truy cập Wi-Fi miễn phí. Bữa sáng tự chọn miễn phí cũng được phục vụ tại đây. Các phòng nghỉ tại khách sạn được trang bị TV màn hình phẳng, máy điều hòa, khu vực ghế ngồi thoải mái cùng tủ lạnh mini. Các phòng tắm riêng có máy sấy tóc, dép cũng như đồ vệ sinh cá nhân miễn phí. Một số phòng có ban công riêng, bồn tắm spa và tầm nhìn ra thành phố. Hanoi Brilliant Hotel and Spa có lễ tân 24 giờ cũng như dịch vụ đặt vé, bàn đặt tour và phòng giữ hành lý. Khách sạn cách Hồ Hoàn Kiếm 400 m, Bảo tàng lịch sử Việt Nam 1,2 km và Hồ Tây 2,6 km. Sân bay quốc tế Nội Bài cách đó 21 km. Nơi đây cung cấp chỗ đỗ xe với một khoản phụ phí. Nhà hàng của khách sạn phục vụ một loạt món ăn kiểu Á-Âu.",7.8
3292,Riverside Hanoi Hotel,Hà Nội,"Riverside Hanoi Hotel tọa lạc ở trung tâm thành phố Hà Nội, chỉ cách Cầu Thê Húc và Hồ Hoàn Kiếm 5,5 km. Quý khách có thể rèn luyện sức khỏe cho sảng khoái tại trung tâm thể dục và truy cập Wi-Fi miễn phí trong tất cả các khu vực. Tòa nhà hiện đại này chỉ cách các điểm tham quan nổi tiếng như Lăng Chủ tịch Hồ Chí Minh và Quảng trường Ba Đình 3 km. Hồ Bảy Mẫu cách khách sạn chỉ 700 m và Sân bay Quốc tế Nội Bài cách đó 45 phút lái xe. Các phòng sang trọng tại Riverside Hanoi có sàn trải thảm hoặc lát gỗ cứng, khu vực tiếp khách với ghế sofa, truyền hình cáp màn hình phẳng và tiện nghi pha trà/cà phê. Phòng đi kèm tiện nghi phòng tắm riêng. Quầy lễ tân 24 giờ sẵn sàng hỗ trợ quý khách với dịch vụ giặt/ủi và khu vực giữ hành lý. Để tạo sự thuận lợi cho du khách, khách sạn có dịch vụ đưa đón sân bay kèm phụ phí và bàn đặt tour bố trí các chuyến du lịch. Quý khách có thể thưởng thức các bữa ăn truyền thống Việt Nam tại nhà hàng trong nhà. Ngoài ra quý khách cũng có thể yêu cầu dịch vụ ăn uống tại phòng.",7.0
3293,RedDoorz Chin Sao Hotel Nguyen Thi Thap,TP. Hồ Chí Minh,"Tọa lạc ở vị trí tuyệt đẹp tại Quận 7 thuộc Thành phố Hồ Chí Minh, RedDoorz near Him Lam nằm cách Trung tâm Hội chợ và Triển lãm Sài Gòn 4,2 km, Bến Nhà Rồng 4,4 km cũng như Bảo tàng Mỹ thuật 5 km. Khách sạn nằm cách trung tâm thương mại Takashimaya Việt Nam, Chợ ẩm thực đường phố Bến Thành và Bảo tàng Thành phố Hồ Chí Minh 5 km. Chỗ nghỉ có lễ tân 24 giờ và WiFi miễn phí trong toàn bộ khuôn viên. Phòng nghỉ tại đây được trang bị máy điều hòa, TV truyền hình vệ tinh màn hình phẳng, tủ lạnh, ấm đun nước, vòi sen, dép và bàn làm việc. Các căn có phòng tắm riêng, máy sấy tóc và ga trải giường. Khách sạn nằm cách Công viên Tao Đàn 5 km và Chợ Bến Thành 6 km. Sân bay gần nhất là sân bay quốc tế Tân Sơn Nhất, nằm trong bán kính 17 km từ RedDoorz near Him Lam.",6.7
3300,DORADO HOTEL,Nha Trang,"Tọa lạc tại thành phố Nha Trang, nằm trong bán kính 400 m từ Quảng trường 2/4, DORADO HOTEL cung cấp chỗ nghỉ với WiFi miễn phí và chỗ đỗ xe riêng miễn phí. Khách sạn 2 sao này có bàn đặt tour và phòng giữ hành lý. Chỗ nghỉ cũng cung cấp dịch vụ lễ tân 24 giờ, dịch vụ phòng và dịch vụ thu đổi ngoại tệ cho khách. Phòng nghỉ của khách sạn được trang bị máy điều hòa, truyền hình vệ tinh màn hình phẳng, tủ lạnh, ấm đun nước, chậu rửa vệ sinh (bidet), máy sấy tóc và tủ để quần áo. Mỗi phòng đều có phòng tắm riêng với vòi sen và đồ vệ sinh cá nhân miễn phí. Các phòng cũng sử dụng phòng tắm chung. Các điểm tham quan nổi tiếng gần DORADO HOTEL bao gồm Quảng trường 2/4, Tháp Trầm Hương và Trung tâm Thuyền buồm Việt Nam. Sân bay gần nhất là sân bay quốc tế Cam Ranh, cách chỗ nghỉ 26 km.",7.9
3302,Lahana Resort Phu Quoc & Spa,Phú Quốc,"Với cảnh quan thiên nhiên bao quanh, Lahana Resort cung cấp chỗ nghỉ thân thiện với môi trường tại thị trấn Dương Đông ở đảo Phú Quốc. Resort này có hồ bơi vô cực ngoài trời cũng như nhà hàng Cá Gỗ ngay trong khuôn viên. Du khách có thể sử dụng miễn phí Wi-Fi tại các khu vực chung và chỗ đỗ xe riêng ngay trong khuôn viên. Nằm giữa những tảng đá ở chân núi, tất cả các phòng nghỉ đầy đủ tiện nghi tại đây có ban công riêng nhìn ra hồ bơi và khu vực ghế ngồi. TV màn hình phẳng, tủ lạnh mini và két an toàn cá nhân cũng được trang bị trong phòng. Phòng tắm riêng có bồn tắm hoặc vòi sen ngoài trời, máy sấy tóc, đồ vệ sinh cá nhân miễn phí và dép đi trong phòng. Chỗ nghỉ này có rất nhiều hoạt động giải trí, bao gồm bida, tham quan và tắm nắng. Trong số các tiện nghi tại Lahana Resort còn có lễ tân 24 giờ, trung tâm thể dục, phòng hội nghị và câu lạc bộ dành cho trẻ em. Du khách có thể yêu cầu dịch vụ cho thuê xe máy/xe hơi. Lahana Resort cách Chùa Sư Muôn 800 m và Dinh Cậu 1,5 km. Resort nằm trong bán kính 9,3 km từ Nhà tù Phú Quốc và 19 km từ công viên giải trí Vinpearl Land Phú Quốc. Sân bay gần nhất là Sân bay quốc tế Phú Quốc, cách Lahana Resort 5 km.",6.5
3303,La Batisse Kim Ma Hotel,Hà Nội,"Tọa lạc tại một vị trí đắc địa ở quận Ba Đình thuộc thành phố Hà Nội, La Batisse Kim Ma Hotel nằm cách Bảo tàng Mỹ thuật Việt Nam 1,4 km, Văn Miếu - Quốc Tử Giám 1,5 km và Chùa Một Cột 1,3 km. Trong số các tiện nghi của chỗ nghỉ này có nhà hàng, lễ tân 24 giờ, dịch vụ tiền sảnh và WiFi miễn phí trong toàn bộ khuôn viên. Chỗ nghỉ có bàn đặt tour, phòng giữ hành lý và dịch vụ thu đổi ngoại tệ cho khách. Một số phòng được bố trí khu vực bếp ăn với tủ lạnh và minibar. Khách sạn có sân hiên. La Batisse Kim Ma Hotel nằm trong bán kính 1,5 km từ Lăng Chủ tịch Hồ Chí Minh và 2,1 km từ Hoàng thành Thăng Long. Sân bay gần nhất là sân bay quốc tế Nội Bài, cách đó 26 km, và chỗ nghỉ cung cấp dịch vụ đưa đón sân bay với một khoản phụ phí.",6.6
3313,Rex Hotel & Apartment,Nha Trang,"Nằm ở vị trí chiến lược, Rex Hotel & Apartment cung cấp chỗ nghỉ thanh lịch và thoải mái trong vòng bán kính 20 phút đi bộ từ chợ đêm Nha Trang và bãi biển Nha Trang. Khách sạn có Wi-Fi và chỗ đỗ xe miễn phí. Các phòng nghỉ lắp máy điều hòa tại đây có sàn lát gỗ, tủ quần áo, khu vực ghế ngồi, điện thoại và TV truyền hình cáp màn hình phẳng. Tủ lạnh mini và ấm đun nước điện cũng được trang bị trong phòng. Phòng tắm riêng có tiện nghi vòi sen, máy sấy tóc và đồ vệ sinh cá nhân miễn phí. Tại Rex Hotel & Apartment, nhân viên lễ tân 24 giờ thân thiện có thể hỗ trợ quý khách với dịch vụ giặt là, cho thuê xe đạp/xe hơi và sắp xếp dịch vụ đưa đón sân bay. Khách sạn cũng có phòng giữ hành lý cho khách. Khách sạn có nhà hàng phục vụ tuyển chọn các món ăn ngon của địa phương và Châu Á ngay trong khuôn viên. Một cửa hàng bán tổ yến chính gốc cũng có tại đây. Khách sạn cách Nhà thờ Nha Trang 500 m và ga tàu Nha Trang 700 m. Chỗ nghỉ nằm trong bán kính 1,1 km từ Tháp Trầm Hương và 27 km lái xe từ sân bay Nha Trang.",6.4
3322,Nha Trang Palace Hotel,Nha Trang,"Nha Trang Palace Hotel có các phòng máy lạnh hiện đại với ban công và Wi-Fi miễn phí. Chỉ cách bờ biển 50 m, nơi đây có hồ bơi ngoài trời và trung tâm thể dục. Ngoài ra còn có bãi đỗ xe riêng miễn phí và nhà hàng. Khách sạn nằm trong bán kính 100 m từ Bảo tàng Khánh Hòa, 300 m từ Bảo tàng Alexandre Yersin và 700 m từ Chợ Đầm. Sân bay Nha Trang cách đó 28 km. Mỗi phòng nhìn ra thành phố/biển tại đây đều có khu vực tiếp khách và phòng tắm riêng với vòi sen, bồn tắm, máy sấy tóc cùng đồ vệ sinh cá nhân miễn phí. Ngoài ra còn có truyền hình cáp màn hình phẳng, két an toàn và minibar. Các tiện nghi khác bao gồm dịch vụ đặt vé, bàn đặt tour và chỗ để hành lý.",7.0
3324,Regalia Nha Trang,Nha Trang,"Tọa lạc dọc theo bờ biển, Regalia Nha Trang cung cấp chỗ nghỉ hiện đại và trang nhã với Wi-Fi miễn phí trong toàn bộ khuôn viên. Khách sạn này nằm cách Trung tâm thuyền buồm Việt Nam khoảng 800 m trong khi du khách đi bộ 3 phút là đến Bãi biển Nha Trang. Phòng nghỉ tại đây có tầm nhìn ra thành phố/biển, máy điều hòa, sàn gỗ parquet, tủ để quần áo, minibar, két an toàn (trong phòng) và TV màn hình phẳng. Phòng tắm riêng đi kèm máy sấy tóc, dép và tiện nghi vòi sen. Đội ngũ nhân viên tại quầy lễ tân 24 giờ của Regalia Nha Trang có thể hỗ trợ du khách với các dịch vụ giữ hành lý, giặt là và tổ chức hội họp/tiệc. Các hoạt động tour du lịch và dịch vụ đưa đón sân bay cũng được cung cấp cho khách. Du khách có thể sử dụng hồ bơi ngoài trời và khu vực bãi biển riêng với một khoản phụ phí. Nhà hàng trong khuôn viên phục vụ tuyển chọn các món ăn ngon của địa phương và quốc tế. Du khách có thể thưởng thức đồ uống sau bữa ăn tại quầy bar. Sân bay quốc tế Cam Ranh cách đó 26 km.",6.4
3325,Vang Anh Homestay Hoi An,Hội An,"Tọa lạc tại vị trí thuận tiện ở thành phố Hội An, Vang Anh Homestay Hoi An có phòng nghỉ gắn máy điều hòa, khu vườn, WiFi miễn phí và sân hiên. Nhà khách này nằm gần các điểm tham quan nổi tiếng như Hội quán Triều Châu, Bảo tàng Gốm sứ Mậu dịch và Hội quán Phúc Kiến. Chỗ nghỉ cũng có lễ tân 24 giờ, bàn đặt tour và dịch vụ thu đổi ngoại tệ cho khách. Phòng nghỉ tại Vang Anh Homestay Hoi An được trang bị ấm đun nước, tủ để quần áo, TV màn hình phẳng và phòng tắm riêng. Nhà khách phục vụ bữa sáng kiểu Á hàng ngày. Các điểm tham quan nổi tiếng gần Vang Anh Homestay Hoi An gồm có Bảo tàng Lịch sử Hội An, Chùa Cầu Nhật Bản và Hội quán Quảng Đông. Sân bay gần nhất là sân bay quốc tế Đà Nẵng, cách đó 27 km, và nhà khách cung cấp dịch vụ đưa đón sân bay với một khoản phụ phí.",7.0
3333,Ideal Villa Furama in Luxury Resort,Đà Nẵng,"Tọa lạc tại thành phố Đà Nẵng, Ideal Villa in Luxury Resort có nhà hàng, lễ tân 24 giờ, quầy bar, vườn, hồ bơi ngoài trời, sân hiên và tầm nhìn ra hồ bơi. Chỗ nghỉ cũng có máy điều hòa và bồn tắm spa. Mỗi biệt thự tại đây đều có ban công, bếp đầy đủ tiện nghi với lò vi sóng, khu vực ghế ngồi với ghế sofa, TV màn hình phẳng và phòng tắm riêng đi kèm chậu rửa vệ sinh (bidet) cùng máy sấy tóc. Tủ lạnh, bếp nấu và ấm đun nước cũng được trang bị trong phòng. Trong khuôn viên chỗ nghỉ có khu vực bãi biển riêng. Bãi biển Bắc Mỹ An nằm cách biệt thự 300 m trong khi Bãi biển Mỹ Khê cách đó 400 m. Sân bay gần nhất là sân bay quốc tế Đà Nẵng, nằm trong bán kính 7 km từ Ideal Villa in Luxury Resort, và chỗ nghỉ cung cấp dịch vụ đưa đón sân bay với một khoản phụ phí.",6.5
3337,Sophia Homestay Hoi An,Hội An,"Sophiaroom Homestay Hoi An nằm ở thành phố Hội An, cách Hội quán Triều Châu 1 km. Tại đây có các phòng gắn máy điều hoà và chỗ đậu xe riêng miễn phí. Trong phòng có TV màn hình phẳng. Một số phòng có khu vực ghế ngồi để quý khách thư giãn. Một số phòng nhìn ra dòng sông, khu vườn hoặc thành phố. Các phòng đều có phòng tắm riêng với bể sục. Hội quán Hải Nam cách Sophiaroom Homestay Hoi An 1,1 km, trong khi Bảo tàng Lịch sử Hội An cách đó 1,2 km. Sân bay gần nhất là sân bay quốc tế Đà Nẵng, cách Sophiaroom Homestay Hoi An 24 km.",6.3
3343,Venue Hotel,Nha Trang,"Nằm trên con đường từ Bãi biển Trần Phú ở thành phố Nha Trang, Venue Hotel cung cấp chỗ nghỉ trang nhã, được bài trí đẹp mắt cách Quảng trường 2/4 chỉ 300 m. Du khách có thể dùng bữa tại nhà hàng hoặc thưởng thức đồ uống tùy thích ở quán bar trong nhà. Wi-Fi có sẵn miễn phí trong toàn khuôn viên khách sạn. Với ánh nắng mặt trời bừng sáng ban ngày, mỗi phòng được bài trí ấm áp có máy lạnh và cửa sổ lớn nhìn ra thành phố, biển hoặc đường phố xung quanh. Các phòng được trang bị TV, minibar, ấm đun nước điện và két an toàn. Tất cả mọi phòng đều được thiết kế phòng tắm riêng với đồ vệ sinh cá nhân miễn phí. Những khách lái xe đến chỗ nghỉ có thể sử dụng bãi đậu xe miễn phí trong khuôn viên. Thành thạo một số ngôn ngữ, nhân viên chỗ nghỉ làm việc 24/24 tại lễ tân để hỗ trợ đáp ứng các yêu cầu của quý khách. Venue Hotel cung cấp dịch vụ giữ hành lý, thu đổi ngoại tệ và bàn đặt tour. Du khách cũng có thể thuê xe đạp hoặc xe hơi tại chỗ nghỉ này. Sân bay Quốc tế Cam Ranh cách đó 26 km.",6.8
3347,Saigon City Residence,TP. Hồ Chí Minh,"Truy cập Wi-Fi miễn phí được cung cấp trong toàn bộ khuôn viên. Các căn hộ máy lạnh tại đây được trang bị sàn lát gỗ, két an toàn cá nhân, tiện nghi ủi và phòng khách với khu vực tiếp khách có ghế sofa, truyền hình vệ tinh cùng đầu đĩa DVD. Nhà bếp được trang bị bếp nấu ăn, tủ lạnh, máy nướng bánh mì và lò vi sóng. Máy giặt cũng được cung cấp trong khi bồn tắm, máy sấy tóc và đồ vệ sinh cá nhân miễn phí có trong phòng tắm riêng. Saigon City Residence có lễ tân 24 giờ giúp khách đáp ứng các yêu cầu suốt cả ngày. Dịch vụ giặt thường/giặt hấp và dịch vụ ủi cũng có tại đây. Máy ATM/máy rút tiền nằm ngay trong khuôn viên để thuận tiện cho khách. Nơi nghỉ này chỉ cách Chợ Bến Thành nổi tiếng, Nhà thờ Đức Bà Sài Gòn và Dinh Thống Nhất 2 km. Về việc ăn uống, khách có thể thưởng thức ẩm thực Việt Nam và quốc tế tại các nhà hàng và quán bar ở gần đó chỉ với vài phút tản bộ.",5.0
3351,Western Hanoi Boutique Hotel,Hà Nội,"Tọa lạc tại vị trí lý tưởng ở quận Cầu Giấy thuộc thành phố Hà Nội, Western Hanoi Boutique Hotel nằm cách Bảo tàng Dân tộc học Việt Nam 1,2 km, trung tâm thương mại Vincom Center Nguyễn Chí Thanh 3 km và Sân vận động Mỹ Đình 5 km. Trong số các tiện nghi của chỗ nghỉ này có nhà hàng, lễ tân 24 giờ, dịch vụ phòng và WiFi miễn phí trong toàn bộ khuôn viên. Khách sạn cung cấp các phòng gia đình. Phòng nghỉ gắn máy điều hòa tại Western Hanoi Boutique Hotel có bàn làm việc, ấm đun nước, minibar, két an toàn, TV màn hình phẳng và phòng tắm riêng đi kèm vòi xịt/chậu rửa vệ sinh. Một số phòng còn được bố trí khu vực bếp ăn với tủ lạnh. Các phòng được trang bị ga trải giường và khăn tắm. Chỗ nghỉ phục vụ bữa sáng kiểu lục địa hàng ngày. Chùa Một Cột và Lăng Chủ tịch Hồ Chí Minh đều nằm cách Western Hanoi Boutique Hotel 5 km. Sân bay gần nhất là sân bay quốc tế Nội Bài, nằm trong bán kính 26 km từ khách sạn, và chỗ nghỉ cung cấp dịch vụ đưa đón sân bay với một khoản phụ phí.",8.0
3352,Olalani Resort & Condotel,Đà Nẵng,"Với tầm nhìn tuyệt đẹp ra quang cảnh bãi biển chỉ cách đó 100 m, Olalani Resort & Condotel chào đón du khách với hồ bơi ngoài trời được xây dựng công phu và khu vực bãi biển riêng. Du khách có thể lựa chọn từ 4 lựa chọn ăn uống bao gồm cả 2 quầy bar. Phòng nghỉ sang trọng tại Olalani Resort được trang trí đẹp mắt với tông màu đất ấm. Các phòng có khu vực tiếp khách thoải mái, truyền hình cáp màn hình phẳng và ban công riêng. Trong phòng tắm lát đá cẩm thạch đi kèm bồn tắm. Du khách có thể lựa chọn các hoạt động như các trị liệu spa thư giãn, rèn luyện sức khỏe và các cuộc họp kinh doanh. Tại đây còn có các tiện nghi như quầy lễ tân 24 giờ và dịch vụ đưa đón sân bay (có thu phí). Nơi nghỉ rộng rãi này nằm ở một vị trí thuận tiện chỉ cách Sân bay Quốc tế Đà Nẵng 10 phút lái xe. Du khách lái xe 25 phút là đến phố cổ Hội An. Một loạt món ăn châu Á và quốc tế được phục vụ tại nhà hàng Hoa Su Restaurant. Nằm nép mình giữa những hang động nhân tạo, quán Hula Bar là nơi du khách có thể thưởng thức đồ uống trong khi thư giãn ở hồ bơi riêng.",10.0
3353,An Bang Vu Nhi Homestay,Hội An,"Nằm ở thành phố Hội An, cách Bãi biển An Bàng 100 m và Bãi biển Hà My 1 km, An Bang Vu Nhi Homestay cung cấp chỗ nghỉ với WiFi miễn phí, máy điều hòa, nhà hàng và khu vườn. Tất cả các căn tại đây đều được bố trí khu vực tiếp khách và ăn uống. Homestay này có khu vực bãi biển riêng và sân hiên. An Bang Vu Nhi Homestay nằm trong bán kính 1,5 km từ Bãi biển Cửa Đại và 5 km từ Bảo tàng Lịch sử Hội An. Sân bay gần nhất là sân bay quốc tế Đà Nẵng, cách đó 25 km, và chỗ nghỉ cung cấp dịch vụ đưa đón sân bay với một khoản phụ phí.",8.2
3356,Amy Hostel Hue,Huế,"Amy Hostel Hue tọa lạc tại thành phố Huế, cách Cầu Tràng Tiền 2,4 km và Chợ Đông Ba 2,8 km. Trong số các tiện nghi của chỗ nghỉ này có nhà hàng, lễ tân 24 giờ, dịch vụ phòng và WiFi miễn phí trong toàn bộ khuôn viên. Hostel này cung cấp các phòng gia đình. Phòng tắm riêng đi kèm vòi sen và máy sấy tóc. Bảo tàng Cổ vật Cung đình Huế và Tử Cấm Thành đều nằm cách hostel 2,9 km. Sân bay gần nhất là sân bay Phú Bài, cách đó 14 km, và Amy Hostel Hue cung cấp dịch vụ đưa đón sân bay với một khoản phụ phí.",6.6
3359,ENJOY HOME,Đà Nẵng,"Nằm ở thành phố Đà Nẵng, gần Bãi biển Mỹ Khê và Cầu tàu Tình yêu, ENJOY HOME cung cấp chỗ nghỉ với WiFi miễn phí và chỗ đỗ xe riêng miễn phí. Phòng nghỉ tại đây có ban công, máy điều hòa, TV màn hình phẳng và phòng tắm riêng với chậu rửa vệ sinh (bidet) cùng máy sấy tóc. Tủ lạnh và ấm đun nước cũng được trang bị trong phòng. Căn hộ có sân hiên. Dịch vụ cho thuê xe hơi được cung cấp tại ENJOY HOME. Chỗ nghỉ cách Bảo tàng Chăm 2,6 km và Cầu Sông Hàn 3,1 km. Sân bay gần nhất là Sân bay quốc tế Đà Nẵng, nằm trong bán kính 5 km từ ENJOY HOME.",8.3
3360,"The Sóng Luxury Apartment, Căn hộ The Sóng Vũng Tàu & Havilla Homestay",Vũng Tàu,"Chỗ nghỉ này có chỗ đỗ xe riêng ngay trong khuôn viên. Các căn gắn máy điều hòa tại đây có khu vực bếp ăn với tủ lạnh, phòng tắm riêng đi kèm dép và máy sấy tóc cũng như phòng khách với TV truyền hình cáp màn hình phẳng. Các căn còn được trang bị bếp nấu và ấm đun nước. Căn hộ nằm cách Khu du lịch văn hóa sinh thái Hồ Mây 3,7 km và Bạch Dinh 4,1 km. Sân bay gần nhất là sân bay Vũng Tàu, cách The Sóng Luxury Apartment, Free infinity pool, Căn hộ The Sóng Vũng Tàu 4 km.",7.8
3361,Kim Ngan Phat Deluxe Apartment,Đà Nẵng,"Nằm cách Bãi biển Mỹ Khê 50 m, Kim Ngan Phat Deluxe Apartment cung cấp chỗ nghỉ với nhà hàng, khu vườn và dịch vụ phòng để tạo thuận tiện cho khách. Chỗ nghỉ này có WiFi miễn phí. Một số căn tại đây có ban công, máy điều hòa, khu vực ăn uống và khu vực ghế ngồi với TV truyền hình cáp màn hình phẳng. Một số căn còn được bố trí khu vực bếp ăn với lò vi sóng, tủ lạnh và bếp nấu. Căn hộ có sân hiên. Kim Ngan Phat Deluxe Apartment có dịch vụ cho thuê xe hơi và khu vực bãi biển riêng. Chỗ nghỉ nằm cách Bãi biển Bắc Mỹ An chưa đầy 1 km và Cầu khóa Tình yêu 3,1 km. Sân bay gần nhất là sân bay quốc tế Đà Nẵng, nằm trong bán kính 6 km từ Kim Ngan Phat Deluxe Apartment, và chỗ nghỉ cung cấp dịch vụ đưa đón sân bay với một khoản phụ phí.",7.1
3367,Hai Phuong Tuyen Guesthouse,Phú Quốc,"Chỗ nghỉ này nằm trong bán kính 24 km từ Sòng bạc Corona, 24 km từ công viên giải trí Vinpearl Land Phú Quốc và 200 m từ Bảo tàng Cội Nguồn. Chỗ nghỉ có lễ tân 24 giờ, bếp chung và phòng giữ hành lý cho khách. Tất cả phòng nghỉ tại nhà khách đều được trang bị máy điều hòa, TV truyền hình cáp màn hình phẳng, tủ lạnh, ấm đun nước, vòi xịt/chậu rửa vệ sinh, dép và bàn làm việc. Các phòng còn có phòng tắm riêng với vòi sen. Chợ đêm Phú Quốc nằm cách Hai Phuong Tuyen Guesthouse 2,9 km trong khi Dinh Cậu cách đó 3,1 km.",6.0
3369,Hue 1962 INN,Huế,"Tọa lạc tại thành phố Huế, cách Hoàng Thành trong vòng 500 m, Hue 1962 INN có dịch vụ nhận phòng/trả phòng cấp tốc, phòng nghỉ không gây dị ứng, quầy bar, WiFi miễn phí trong toàn bộ khuôn viên và khu vườn. Khách sạn này cũng có dịch vụ phòng và sân hiên. Chỗ nghỉ cung cấp dịch vụ lễ tân 24 giờ, bếp chung và tổ chức tour du lịch cho khách. Chỗ ở tại khách sạn được bố trí khu vực ghế ngồi. Tại Hue 1962 INN, tất cả các phòng đều được trang bị bàn làm việc, TV màn hình phẳng và phòng tắm riêng. Các điểm tham quan nổi tiếng gần chỗ nghỉ bao gồm Tử Cấm Thành, Hồ Tịnh Tâm và Bảo tàng Cổ vật Cung đình Huế. Sân bay gần nhất là sân bay Phú Bài, cách Hue 1962 INN 16 km, và chỗ nghỉ cung cấp dịch vụ đưa đón sân bay với một khoản phụ phí.",6.8
3381,Harvey Hotel & Apartments,Nha Trang,"Tọa lạc tại thành phố Nha Trang, Harvey Hotel & Apartments cung cấp chỗ nghỉ 3 sao với ban công riêng. Khách sạn 3 sao này có sảnh khách chung và phòng nghỉ lắp máy điều hòa với WiFi miễn phí cùng phòng tắm riêng. Chỗ nghỉ cung cấp dịch vụ lễ tân 24 giờ, dịch vụ phòng và dịch vụ thu đổi ngoại tệ cho khách. Tất cả phòng nghỉ tại Harvey Hotel & Apartments đều được bố trí khu vực ghế ngồi, bàn làm việc và TV màn hình phẳng. Các điểm tham quan nổi tiếng gần chỗ nghỉ bao gồm Bãi biển Nha Trang, Quảng trường 2/4 và Tháp Trầm Hương. Sân bay gần nhất là sân bay quốc tế Cam Ranh, cách đó 37 km, và Harvey Hotel & Apartments cung cấp dịch vụ đưa đón sân bay với một khoản phụ phí.",6.5
3385,Hana Mini Homestay,Vũng Tàu,"Chỗ nghỉ này có khu vườn và chỗ đỗ xe riêng miễn phí. Nhà nghỉ dưỡng được bố trí 4 phòng ngủ, 3 phòng tắm, ga trải giường, khăn tắm, TV màn hình phẳng, khu vực ăn uống, bếp đầy đủ tiện nghi và sân trong nhìn ra khu vườn. Để thêm phần thuận tiện cho du khách, chỗ nghỉ có thể cung cấp khăn tắm và ga trải giường với một khoản phụ phí. Nhà nghỉ dưỡng có sân hiên. Các điểm tham quan nổi tiếng gần Hana Mini Homestay bao gồm Bạch Dinh, Khu du lịch sinh thái và văn hóa Hồ Mây cũng như Ngọn hải đăng Vũng Tàu. Sân bay gần nhất là sân bay quốc tế Tân Sơn Nhất, nằm trong bán kính 70 km từ chỗ nghỉ.",8.0
3390,Cloud Apartment,Nha Trang,"Cloud Apartment cung cấp chỗ nghỉ tại một vị trí lý tưởng ở thành phố Nha Trang, cách Bãi biển Nha Trang, Tháp Trầm Hương và Quảng trường 2/4 một quãng ngắn. Chỗ nghỉ này có sảnh khách chung và WiFi miễn phí Các căn hộ tại đây được bố trí máy điều hòa, bếp đầy đủ tiện nghi với khu vực ăn uống, TV màn hình phẳng và phòng tắm riêng đi kèm chậu rửa vệ sinh (bidet), máy sấy tóc cùng đồ vệ sinh cá nhân miễn phí. Chỗ nghỉ cũng có bếp nấu và ấm đun nước. Du khách có thể thuê xe đạp và xe hơi tại căn hộ. Các điểm tham quan nổi tiếng gần Cloud Apartment bao gồm Trung tâm Thuyền buồm Việt Nam, quán Sailing Club và Nhà thờ Nha Trang. Sân bay gần nhất là sân bay quốc tế Cam Ranh, cách đó 26 km và chỗ nghỉ cung cấp dịch vụ đưa đón sân bay với một khoản phụ phí.",7.0
3394,Hoi An Hai Au Boutique Hotel,Hội An,"Nằm ở vùng ven của Phố Cổ Hội An lịch sử, Hai Au cung cấp các phòng nghỉ hiện đại với Wi-Fi miễn phí cùng hồ bơi ngoài trời, nhà hàng cũng như bàn đặt tour. Khách sạn cách trung tâm Phố Cổ 10 phút đi bộ và cách sân bay quốc tế Đà Nẵng 45 phút lái xe. Các phòng lắp máy điều hòa tại đây có ban công, khu vực ghế ngồi nhỏ, TV truyền hình cáp, tủ lạnh mini và phòng tắm riêng đi kèm bồn tắm cùng máy nước nóng. Một số phòng cũng được trang bị máy vi tính. Quý khách có thể sử dụng máy vi tính kết nối Internet tại sảnh đợi. Những khách muốn khám phá khu Phố Cổ với nhiều cửa hàng và quán ăn có thể sử dụng xe đạp của chỗ nghỉ. Quầy du lịch có dịch vụ đặt tour và đặt vé trong khi lễ tân 24 giờ cung cấp dịch vụ thu đổi ngoại tệ. Bữa sáng tự chọn được phục vụ hàng ngày. Nhà hàng tại đây cung cấp các món ăn kiểu Á và Tây cũng như các món đặc sản của địa phương. Dịch vụ phòng được cung cấp 24/24.",7.0
3401,Aria Resort - BlueShaphire Căn hộ nghỉ dưỡng có hồ bơi và bãi tắm riêng,Vũng Tàu,"Nằm ở thành phố Vũng Tàu, Aria Resort - BlueShaphire Căn hộ nghỉ dưỡng có hồ bơi và bãi tắm riêng có nhà hàng, bếp chung, quầy bar, vườn, hồ bơi ngoài trời mở cửa quanh năm, sân chơi cho trẻ em và tầm nhìn ra hồ nước. Chỗ nghỉ này cung cấp WiFi miễn phí. Mỗi căn tại đây đều có ban công, bếp đầy đủ tiện nghi với lò vi sóng, khu vực ghế ngồi, TV màn hình phẳng, máy giặt và phòng tắm riêng với vòi xịt/chậu rửa vệ sinh cùng dép. Các căn đều được trang bị tủ lạnh, lò nướng, bếp nấu ăn và ấm đun nước. Căn hộ có sân hiên. Sau một ngày đi bộ đường dài hoặc câu cá, du khách có thể thư giãn trong khu vực tiếp khách chung. Aria Resort - BlueShaphire Căn hộ nghỉ dưỡng có hồ bơi và bãi tắm riêng nằm cách Bãi tắm Thủy Tiên vài bước chân trong khi Khu du lịch sinh thái và văn hóa Hồ Mây cách đó 8,9 km. Sân bay gần nhất là sân bay Vũng Tàu, nằm trong bán kính 7 km từ chỗ nghỉ.",6.5
3402,NEW Hotel,Vũng Tàu,"Tọa lạc tại thành phố Vũng Tàu, cách Bãi Sau 650 m và Bãi Dứa 1,2 km, NEW Hotel cung cấp chỗ nghỉ với sân hiên vầ chỗ đỗ xe riêng miễn phí cho khách lái xe. Chỗ nghỉ này nằm gần các điểm tham quan nổi tiếng như Mũi Nghinh Phong, Bến tàu Cánh ngầm và trung tâm thương mại Lam Sơn square. Nơi đây có lễ tân 24 giờ và dịch vụ phòng cho khách. Các điểm tham quan nổi tiếng gần khách sạn tình nhân này bao gồm Bãi Trước, Ngọn hải đăng Vũng Tàu và Tượng Chúa Kitô Vũng Tàu. Sân bay gần nhất là Sân bay Quốc tế Tân Sơn Nhất, cách NEW hotel 71 km, và khách sạn cung cấp dịch vụ đưa/đón sân bay với một khoản phụ phí.",8.2
3403,Starfish HomeStay Grand World Phu Quoc,Phú Quốc,"Nằm trên đảo Phú Quốc, cách Bãi biển Vũng Bầu 2,1 km, Starfish HomeStay Grand World Phu Quoc cung cấp chỗ nghỉ bên bờ biển với nhiều tiện nghi như nhà hàng, quầy bar và khu vực bãi biển riêng. Chỗ nghỉ này có các phòng gia đình và sân hiên. Nơi đây cung cấp dịch vụ lễ tân 24 giờ, dịch vụ đưa đón sân bay, dịch vụ phòng và WiFi miễn phí. Phòng nghỉ của khách sạn có máy điều hòa, bàn làm việc, phòng tắm riêng, TV màn hình phẳng, ga trải giường, khăn tắm và ban công nhìn ra biển. Tất cả các phòng đều được trang bị tủ để quần áo. Sòng bạc Corona nằm trong bán kính 500 m từ Starfish HomeStay Grand World Phu Quoc trong khi công viên giải trí Vinpearl Land Phú Quốc cách đó 1,1 km.",8.7
3405,"KenPi Homestay - NGUYÊN CĂN 4 phòng ngủ, đậu nhiều ô tô",Huế,"Nằm ở thành phố Huế, cách Chùa Chiêu Ứng 2,4 km và Chợ Đông Ba 2,6 km, KenPi Home - NGUYÊN CĂN 4 phòng ngủ, đậu ô tô, hồ bơi cho thuê cách nhà 20m cung cấp chỗ nghỉ với hồ bơi ngoài trời, WiFi miễn phí, bếp chung và dịch vụ phòng. Chỗ nghỉ này có sảnh khách chung và chỗ đỗ xe riêng miễn phí. Căn hộ được bố trí 4 phòng ngủ, 3 phòng tắm, ga trải giường, khăn tắm, TV truyền hình vệ tinh màn hình phẳng, khu vực ăn uống, bếp đầy đủ tiện nghi và sân trong nhìn ra khu vườn. Căn hộ có sân chơi cho trẻ em. Khách nghỉ tại KenPi Home - NGUYÊN CĂN 4 phòng ngủ, đậu ô tô, hồ bơi cho thuê cách nhà 20m có thể đi bộ đường dài ở khu vực gần đó hoặc thư giãn trong vườn. Chỗ nghỉ nằm cách Cầu Tràng Tiền 2,9 km và Bảo tàng Cổ vật Cung đình Huế 3,3 km. Sân bay gần nhất là sân bay Phú Bài, nằm trong bán kính 13 km từ KenPi Home - NGUYÊN CĂN 4 phòng ngủ, đậu ô tô, hồ bơi cho thuê cách nhà 20m.",7.8
3408,Hoi An Ngo Homestay,Hội An,"Tọa lạc tại vị trí thuận tiện, Hoi An Ngo Homestay cung cấp chỗ ở thoải mái và giản dị cách thị xã Hội An và Chợ Hội An 500 m. Truy cập Wi-Fi được cung cấp miễn phí trong toàn bộ khuôn viên nơi này. Nhà trọ tại gia này chỉ cách Chùa Cầu Nhật Bản 300 m, trong khi bãi biển công cộng Cửa Đại và bãi biển An Bàng đều nằm trong tầm bán kính 5 km từ nơi nghỉ này. Sân bay Quốc tế Đà Nẵng cách nhà trọ 23 km lái xe. Với sàn lát gạch, các phòng máy lạnh tại đây đều có tủ quần áo, minibar và TV màn hình phẳng với các kênh truyền hình cáp. Phòng bao gồm phòng tắm riêng cung cấp tiện nghi vòi sen, máy sấy tóc và đồ vệ sinh cá nhân miễn phí. Hoi An Ngo Homestay đi kèm với 1 khu vườn và sân thượng. Du khách có thể thuê xe đạp để khám phá khu vực, trong khi bàn đặt tour có thể giúp khách sắp xếp các chuyến tham quan và du lịch. Dịch vụ giữ hành lý và giặt là cũng có tại đây. Khách lưu trú tại Hoi An Ngo Homestay được phục vụ bữa sáng hàng ngày từ 06:00. Ngoài ra, du khách có thể tìm thấy một số quán cà phê và quán ăn địa phương trong tầm bán kính đi bộ từ nhà trọ này.",7.9
3410,Ngoc Tran Hotel,Đà Lạt,"Ngoc Tran Hotel nằm ở thành phố Đà Lạt, cách Quảng trường Lâm Viên 1,7 km. Chỗ nghỉ còn nằm cách các điểm tham quan như Hồ Xuân Hương, Công viên Yersin Đà Lạt và Ngôi nhà điên (Biệt thự Hằng Nga) một đoạn ngắn. Các điểm tham quan trong khu vực như Vườn hoa Đà Lạt và Thiền viện Trúc Lâm nằm cách đó lần lượt 2,3 km và 5 km. Phòng nghỉ tại khách sạn được trang bị ấm đun nước. Hồ Tuyền Lâm cách Ngoc Tran Hotel 5 km. Sân bay gần nhất là sân bay Liên Khương, cách chỗ nghỉ 22 km.",8.5
3416,Doji Stars,Đà Nẵng,"Doji Stars cung cấp phòng nghỉ gắn máy điều hòa với TV truyền hình cáp màn hình phẳng tại khu Bãi biển Mỹ Khê thuộc thành phố Đà Nẵng. Trong số các tiện nghi của chỗ nghỉ này có nhà hàng, lễ tân 24 giờ, dịch vụ phòng và WiFi miễn phí trong toàn bộ khuôn viên. Khách sạn cung cấp các phòng gia đình. Khách sạn phục vụ bữa sáng buffet và bữa sáng kiểu Á hàng ngày. Doji Stars nằm cách Bãi biển Mỹ Khê 350 m và Bãi biển Bắc Mỹ An 700 m. Sân bay gần nhất là sân bay quốc tế Đà Nẵng, nằm trong bán kính 5 km từ chỗ nghỉ.",7.3
3419,Palm Garden Beach Resort & Spa,Hội An,"Tọa lạc dọc theo Bãi biển Cửa Đại, Palm Garden Beach Resort nằm giữa 5 ha của những khu vườn kiểng đẹp. Khu nghỉ mát này có spa và hồ bơi ngoài trời dài 45 m. các phòng nghỉ mang phong cách Khu-nghỉ-mát tại đây đều có ban công và Wi-Fi miễn phí. Palm Garden Beach Resort & Spa cung cáp dịch vụ đưa đón tới Phố cổ Hội An, cách đó 5 phút. Sân bay Quốc tế Đà Nẵng cách khu nghỉ mát 30 phút lái xe. Từ mỗi phòng nghỉ, quý khách đều có thể tận hưởng tầm nhìn ra vườn hoặc ra biển. Các phòng đều có nội thất bằng gỗ cổ điển. Tiện nghi pha trà và cà phê, két an toàn và truyền hình cáp đều nằm trong tiêu chuẩn của tất cả các phòng. Khi nghỉ tại Palm Garden Beach Resort, quý khách có thể tận hưởng các loại mát-xa và những liệu pháp chăm sóc cơ thể tại Palm Spa. các hoạt động trên bãi biển như bóng chuyền và lặn biển có sẵn tại khu nghỉ mát này. Đặc trưng với hơn 400 loài cây cọ và cây trồng, khu vườn của khu nghỉ mát thật lý tưởng cho việc tản bộ. Tầm nhìn ra khung cảnh biển đang đón chờ quý khách tại nhà hàng Colibri Beach Front Restaurant, nơi phục vụ 1 thực đơn quốc tế và các món hải sản nướng. Các món đặc sản Việt Nam có tại Terrace Café, trong khi Contino Club Bar lại đem đến cho quý khách nơi thư giãn bên đồ uống.",6.6
3420,Sunshine Boutique Hotel Phu My Hung,TP. Hồ Chí Minh,"Nằm ở Thành phố Hồ Chí Minh, cách Trung tâm Hội chợ và Triển lãm Sài Gòn 1,9 km, Sunshine Boutique Hotel Phu My Hung có quầy bar, vườn và tầm nhìn ra quang cảnh thành phố. Trong số các tiện nghi của chỗ nghỉ này có nhà hàng, lễ tân 24 giờ, dịch vụ phòng và WiFi miễn phí trong toàn bộ khuôn viên. Khách sạn này cung cấp các phòng gia đình. Khách sạn cung cấp phòng nghỉ có máy điều hòa, bàn làm việc, ấm đun nước, tủ lạnh, minibar, két an toàn, TV màn hình phẳng và phòng tắm riêng với vòi xịt/chậu rửa vệ sinh. Tất cả các phòng đều được trang bị tủ để quần áo. Sunshine Boutique Hotel Phu My Hung phục vụ bữa sáng à la carte hằng ngày. Sunshine Boutique Hotel Phu My Hung còn có dịch vụ văn phòng và du khách có thể sử dụng máy fax cũng như máy photocopy tại chỗ nghỉ này. Bến Nhà Rồng và Bảo tàng Mỹ thuật đều nằm trong bán kính 7 km từ khách sạn. Sân bay gần nhất là sân bay quốc tế Tân Sơn Nhất, cách Sunshine Boutique Hotel Phu My Hung 19 km, và chỗ nghỉ cung cấp dịch vụ đưa đón sân bay với một khoản phụ phí.",6.0
3421,Luxury Sea View Apartment,Nha Trang,"Căn hộ này tọa lạc cách Tháp Trầm Hương ở thành phố Nha Trang 400 m và cung cấp Wi-Fi miễn phí. Căn hộ nằm cách Bảo tàng Khánh Hòa 600 m. Máy rửa chén, lò nướng và lò vi sóng có trong nhà bếp đồng thời căn hộ cũng bao gồm phòng tắm riêng với áo choàng tắm cùng máy sấy tóc. Khu vực ăn uống và sinh hoạt riêng biệt cùng TV màn hình phẳng cũng được trang bị. Căn hộ này cũng tự hào có ban công riêng mở ra tầm nhìn bao quát hải đảo và bờ biển của Nha Trang. Các tiện nghi khác tại Luxury Sea View Apartment gồm trung tâm spa và hồ bơi ngoài trời mở cửa quanh năm. Quảng trường 2/4 nằm cách Luxury Sea View Apartment 600 m trong khi Bảo tàng Alexandre Yersin cách đó 800 m. Sân bay gần nhất là Sân bay Quốc tế Cam Ranh, cách nơi nghỉ này 26 km.",9.0
3424,Gold Coast Resort Phu Quoc,Phú Quốc,"Gold Coast Resort Phu Quoc tọa lạc tại mũi Gành Dầu trong bán kính 27 km từ Sân bay Quốc tế Phú Quốc. Nơi đây có nhà hàng và Wi-Fi miễn phí. Chỗ ở này có ban công lớn nhìn bao quát ra biển và dãy núi xung quanh. Các phòng bao gồm truyền hình cáp màn hình phẳng, khu vực tiếp khách và tủ quần áo. Máy pha trà/cà phê và minibar cũng được cung cấp. Phòng tắm riêng đi kèm bồn tắm và vòi sen. Resort Gold Coast có khu vườn và quầy bar. Lễ tân 24 giờ hỗ trợ quý khách với các dịch vụ để hành lý, giặt là và đặt vé. Dịch vụ đưa/đón sân bay được cung cấp từ nơi nghỉ với một khoản phụ phí. Vị trí của bãi biển khiến nơi đây trở thành địa điểm lý tưởng cho các hoạt động như câu cá, lặn biển và các môn thể thao biển.",7.7
3425,Green Island Villa Hoi An,Hội An,"Tọa lạc tại thành phố Hội An, Green Island Hoian Villa có nhà hàng, lễ tân 24 giờ, quầy bar, khu vườn, hồ bơi ngoài trời mở cửa quanh năm, sân hiên tắm nắng và tầm nhìn ra hồ nước. Biệt thự này cung cấp miễn phí cả WiFi lẫn chỗ đỗ xe riêng. Tất cả phòng nghỉ tại đây đều có sân trong, máy điều hòa, khu vực ăn uống và khu vực ghế ngồi với TV truyền hình cáp màn hình phẳng. Mỗi phòng đều được bố trí ban công nhìn ra quang cảnh hồ bơi. Green Island Hoian Villa phục vụ bữa sáng kiểu lục địa. Du khách cũng có thể thư giãn tại khu vực tiếp khách chung. Chỗ nghỉ nằm gần các điểm tham quan nổi tiếng như Hội quán Triều Châu, Bảo tàng Lịch sử Hội An và Hội quán Hải Nam. Sân bay gần nhất là sân bay quốc tế Đà Nẵng, nằm trong bán kính 24 km từ Green Island Hoian Villa, và chỗ nghỉ cung cấp dịch vụ đưa đón sân bay với một khoản phụ phí.",8.6
3426,Bi House in THE SÓNG CONDOTEL Vũng Tàu,Vũng Tàu,"Nằm ở thành phố Vũng Tàu, THE SÓNG CONDOTEL Vũng Tàu cung cấp chỗ nghỉ với xe đạp cho khách sử dụng miễn phí, hồ bơi ngoài trời, trung tâm thể dục, quầy bar, sảnh khách chung và tầm nhìn ra quang cảnh hồ nước. Chỗ nghỉ này có WiFi miễn phí và chỗ đỗ xe riêng ngay trong khuôn viên. Tất cả các căn tại đây đều được bố trí máy điều hòa, TV màn hình phẳng, phòng khách với ghế sofa, khu vực bếp ăn đầy đủ tiện nghi đi kèm khu vực ăn uống và phòng tắm riêng với vòi xịt/chậu rửa vệ sinh, dép đi trong phòng cùng máy sấy tóc. Các căn còn được trang bị tủ lạnh, bếp nấu ăn và ấm đun nước. Căn hộ có tiện nghi BBQ. Bi House in THE SÓNG CONDOTEL Vũng Tàu có sân chơi cho trẻ em, tiện nghi thể thao dưới nước và khu vườn. Chỗ nghỉ nằm cách Bãi Sau 450 m và Bãi Trước 2,5 km. Sân bay gần nhất là sân bay quốc tế Tân Sơn Nhất, cách Bi House in THE SÓNG CONDOTEL Vũng Tàu 71 km, và chỗ nghỉ cung cấp dịch vụ đưa đón sân bay với một khoản phụ phí.",8.5
3429,Grey House,Đà Lạt,"Tọa lạc tại thành phố Đà Lạt, cách Quảng Trường Lâm Viên 1,6 km và Công viên Yersin 1,7 km, Grey House cung cấp chỗ nghỉ với sảnh khách chung và WiFi miễn phí trong toàn bộ khuôn viên cũng như chỗ đỗ xe riêng miễn phí cho khách lái xe. Chỗ nghỉ này có bếp chung và sân hiên. Nhà khách cung cấp các phòng gia đình. Tất cả phòng nghỉ tại nhà khách được trang bị bàn làm việc, TV, phòng tắm riêng, ga trải giường và khăn tắm. Mỗi phòng đều có ấm đun nước và tủ để quần áo. Một số phòng được bố trí khu vực bếp ăn nhỏ với lò nướng và máy nướng bánh mỳ.  Grey House nằm trong bán kính 1,7 km từ Hồ Xuân Hương và 3,4 km từ Vườn hoa Đà Lạt. Sân bay gần nhất là sân bay Liên Khương, cách chỗ nghỉ 29 km.",8.2
3430,Pham Gia Boutique Villa,Hội An,"Nằm ở thành phố Hội An, chỗ nghỉ này có kiến ​​trúc kiểu Pháp. Pham Gia Boutique Homestay nằm trong bán kính 700 m từ Bảo tàng Lịch sử Hội An. Sân bay Quốc tế Đà Nẵng cách đó 30 km. Mỗi phòng và suite tại đây đều có ban công, truyền hình cáp màn hình phẳng, minibar cũng như ấm đun nước điện. Ngoài ra còn đi kèm khu vực tiếp khách và phòng tắm riêng với vòi sen, máy sấy tóc cùng đồ vệ sinh cá nhân miễn phí. Du khách có thể lui tới khu vườn và quầy lễ tân 24 giờ trong thời gian lưu trú của mình. Bàn đặt tour, dịch vụ thu đổi ngoại tệ và sảnh khách chung cũng nằm trong số các tiện nghi tại đây.",8.2
3432,Hanoi Emerald Waters Hotel & Spa,Hà Nội,"Hanoi Emerald Waters Hotel & Spa tọa lạc tại thủ đô Hà Nội đậm đà bản sắc văn hóa, chỉ cách Nhà hát Múa rối Nước Thăng Long 200 m. Khách sạn có nhà hàng trong khuôn viên phục vụ tiệc tự chọn gồm các món ăn ngon. Những khách muốn thưởng thức 1 ly cocktail tùy chọn có thể ghé vào quầy bar nằm trong chỗ nghỉ này. Wi-Fi miễn phí có trong toàn bộ khuôn viên. Đền Ngọc Sơn và Hồ Hoàn Kiếm nằm trong bán kính lần lượt 300 m và 400 m từ Hanoi Emerald Waters Hotel & Spa. Sân bay gần nhất là Sân bay Quốc tế Nội Bài, cách chỗ nghỉ 21 km. Mỗi phòng nghỉ ở đây đều được trang bị nội thất kiểu dáng đẹp với gam màu trung tính. Trong phòng có TV truyền hình vệ tinh màn hình phẳng. Phòng tắm riêng đi kèm góc tắm vòi sen. Áo choàng tắm và dép cũng được cung cấp cho khách. Chỗ nghỉ này có lễ tân 24 giờ, trung tâm dịch vụ doanh nhân, dịch vụ trợ giúp đặc biệt và các cửa hàng.",7.6
3433,The Empyrean Nha Trang,Nha Trang,"Tọa lạc tại thành phố Nha Trang, cách Bãi biển Nha Trang 200 m, The Empyrean Nha Trang cung cấp chỗ nghỉ với nhà hàng, chỗ đỗ xe riêng miễn phí, hồ bơi ngoài trời và trung tâm thể dục. Khách sạn 5 sao này có quầy bar và các phòng nghỉ được trang bị máy điều hòa, WiFi miễn phí và phòng tắm riêng. Chỗ nghỉ cung cấp dịch vụ lễ tân 24 giờ, dịch vụ phòng và phòng giữ hành lý cho khách. Mỗi phòng nghỉ tại khách sạn đều bố trí bàn làm việc. Một số căn tại The Empyrean Nha Trang có tầm nhìn ra biển và mỗi phòng đều có ban công. Các căn tại khách sạn đều được trang bị TV truyền hình vệ tinh màn hình phẳng và két an toàn. Khách nghỉ tại The Empyrean Nha Trang có thể thưởng thức bữa sáng kiểu Mỹ. Các điểm tham quan nổi tiếng gần khách sạn bao gồm Quảng trường 2/4, Tháp Trầm Hương và Trung tâm Thuyền buồm Việt Nam. Sân bay gần nhất là sân bay quốc tế Cam Ranh, cách The Empyrean Nha Trang 35 km.",6.3
3439,Simmi 5 Apartment,TP. Hồ Chí Minh,"Tọa lạc tại Thành phố Hồ Chí Minh, cách Trung tâm Hội chợ & Triển lãm Sài Gòn 1,3 km và Bến Nhà Rồng 4 km, Simmi 5 Apartment cung cấp chỗ nghỉ với WiFi miễn phí, máy điều hòa, khu vườn cùng sân hiên. Tất cả phòng nghỉ tại đây đều được bố trí khu vực ghế ngồi, TV truyền hình cáp màn hình phẳng, bếp đầy đủ tiện nghi, khu vực ăn uống và phòng tắm riêng đi kèm dép. Một số phòng có sân trong hoặc ban công. Các phòng còn được trang bị lò vi sóng, tủ lạnh, bếp nấu ăn và ấm đun nước. Khách sạn căn hộ này nằm trong bán kính 4,3 km từ Bảo tàng Mỹ thuật và 5 km từ Chợ Bến Thành. Sân bay gần nhất là sân bay quốc tế Tân Sơn Nhất, cách Simmi 5 Apartment 11 km.",8.4
3440,Famiana Resort & Spa,Phú Quốc,"Resort có bãi biển nguyên sơ xinh đẹp riêng với những cây cọ râm mát và tầm nhìn ra cảnh hoàng hôn tuyệt đẹp cũng như cát trắng. Tại đây còn có hồ bơi ngoài trời, các nhà hàng ngay trong khuôn viên cũng như quán cafe và bar chứa đầy đồ. Du khách có thể truy cập Wi-Fi miễn phí. Famiana Resort & Spa cách Bảo tàng Cội Nguồn 1 km và Chùa Sư Muôn 3,2 km. Resort nằm trong bán kính 10 phút lái xe từ sân bay quốc tế Phú Quốc, cách Thành phố Hồ Chí Minh 50 phút bay nội địa. Nằm trong khu bãi biển và khu biệt thự đầy cây xanh, các phòng nghỉ trang nhã tại đây có khu vườn nhiệt đới bao quanh và ban công. Các phòng rộng rãi được trang bị TV truyền hình cáp màn hình phẳng 42 inch, tủ lạnh mini và két an toàn cá nhân. Phòng tắm riêng đi kèm vòi sen/bồn tắm, máy sấy tóc và đồ vệ sinh cá nhân miễn phí. Nhà hàng Garden Restaurant phục vụ các món ăn kiểu Á và Âu trong khi nhà hàng Famiana Restaurant có nhiều món đặc sản Phú Quốc, các món ăn ngon của Việt Nam và ẩm thực quốc tế được yêu thích. Tại đây cũng có dịch vụ phòng. Khách có thể thưởng thức đồ uống tại quầy bar bên hồ bơi hay bên bãi biển. Du khách có thể đến spa phục vụ trong ngày để được trị liệu trẻ hóa hoặc rèn luyện sức khỏe tại phòng tập thể dục. Famiana Resort & Spa cũng có các tiện nghi thể thao hiện đại, bao gồm thuyền kayak, bắn cung, tennis và gôn mini. Nhân viên chuyên nghiệp tại lễ tân làm việc 24 giờ/ngày rất sẵn lòng hỗ trợ quý khách với các dịch vụ giữ hành lý, giặt là và đưa đón sân bay.",6.4
3442,Boutique Hoi An Resort,Hội An,"Chỗ nghỉ này nằm ngay trên bãi biển riêng. Tọa lạc tại thành phố Hội An, Boutique Hoi An Resort cung cấp phòng nghỉ hiện đại với ban công riêng quay mặt ra biển. Phòng nghỉ gắn máy điều hòa tại đây có WiFi miễn phí và phòng tắm riêng. Chỗ nghỉ cung cấp dịch vụ mát-xa. Du khách có thể trải nghiệm văn hóa địa phương thông qua các lớp học nấu ăn kiểu Việt Nam do khách sạn tổ chức. Du khách có thể dễ dàng khám phá nhiều điều hơn nữa thông qua quầy du lịch, nơi cung cấp một loạt tour tham quan. Boutique Hoi An Resort cũng có phòng tập thể dục đầy đủ trang thiết bị và hồ bơi ngoài trời. Phòng nghỉ tiện nghi của resort được trang bị phòng tắm riêng và máy pha trà/cà phê. Nhà hàng Le Cafe Restaurant cung cấp bữa sáng buffet và các món ăn theo kiểu à la carte vào bữa trưa cũng như bữa tối. Nơi đây phục vụ các món ăn Việt Nam và quốc tế. Quán Le Salon ở sảnh và quán La Piscine bên hồ bơi đều cung cấp đồ ăn nhẹ/đồ uống giải khát suốt cả ngày. Du khách cũng có thể thưởng thức đồ uống giải khát và đồ ăn nhẹ tại quán La Plage trong khi ngắm nhìn toàn cảnh biển và bãi biển. Dịch vụ phòng cũng có tại đây. Boutique Hoi An Resort nằm cách trung tâm thành phố Hội An chỉ 5 phút đi taxi. Chỗ nghỉ này nằm trong bán kính 30 phút lái xe từ thành phố Đà Nẵng và sân bay quốc tế Đà Nẵng. Dịch vụ đón khách tại sân bay được cung cấp với một khoản phụ phí.",7.0
3449,Hotel Novotel Nha Trang,Nha Trang,"Nằm ngay bên kia đường từ Bãi biển Nha Trang, khách sạn có hồ bơi ngoài trời và lựa chọn ăn uống ngay trong khuôn viên. Được trang trí bằng tông màu trung tính, tất cả các phòng nghỉ quay mặt ra biển tại đây đều có ban công riêng đón nhiều ánh sáng tự nhiên. Được bài trí trang nhã, các phòng còn được trang bị TV truyền hình cáp màn hình phẳng và tủ lạnh mini. Phòng tắm riêng đi kèm vòi sen và máy sấy tóc. Hotel Novotel Nha Trang còn có phòng tập thể dục và spa đầy phong cách. Nhân viên chu đáo tại quầy lễ tân 24 giờ có thể giúp du khách với các dịch vụ giữ hành lý và trợ giúp đặc biệt khác. Du khách có thể yêu cầu các dịch vụ sắp xếp tour du lịch, đưa đón sân bay và cho thuê xe hơi tại bàn đặt tour. Với tầm nhìn tuyệt đẹp ra quang cảnh Vịnh Nha Trang, nhà hàng The Square Restaurant phục vụ các bữa ăn tự chọn quốc tế thịnh soạn. Các quán bar tại sảnh đợi và bên hồ bơi có tuyển chọn các món ăn nhẹ cũng như cocktail. Hotel Novotel Nha Trang nằm trong bán kính 200 m từ Quảng Trường 2/4 trong khi Trung tâm mua sắm Nha Trang Centre cách đó 1,1 km. Sân bay gần nhất là sân bay quốc tế Cam Ranh, cách chỗ nghỉ 30 km.",7.3
3452,Gia Huy Hotel,TP. Hồ Chí Minh,"Gia Huy Hotel tọa lạc tại thành phố Hồ Chí Minh, cách Chợ Bến Thành chỉ 1 phút đi bộ. Khách sạn cung cấp chỗ nghỉ không hút thuốc đơn giản ở Quận 1. Du khách có thể dùng bữa tại nhà hàng ngay trong khuôn viên hoặc nhâm nhi đồ uống ở quầy bar. Bãi đậu xe riêng được bố trí miễn phí tại chỗ. Bảo tàng Mỹ thuật Hồ Chí Minh và Công viên 23/9 đều cách khách sạn 500 m trong khi Dinh Thống Nhất và Ủy ban Nhân dân Thành phố cách đó 800 m. Sân bay gần nhất là Sân bay Quốc tế Tân Sơn Nhất, cách Gia Huy Hotel 8 km. Tất cả các phòng đều được trang bị đồ nội thất bằng gỗ, TV màn hình phẳng với các kênh truyền hình vệ tinh và ấm đun nước điện. Phòng cũng có máy lạnh, khu vực tiếp khách và minibar. Phòng tắm riêng đi kèm vòi sen, máy sấy tóc và dép. Quý khách có thể truy cập Wi-Fi miễn phí trong tất cả phòng của khách sạn. Du khách có thể tới gặp các nhân viên tại quầy lễ tân 24 giờ để được hỗ trợ với các dịch vụ thu đổi ngoại tệ, đặt vé và giữ hành lý. Các dịch vụ vận chuyển và đưa đón sân bay cũng như cho thuê xe hơi được bố trí theo yêu cầu kèm phụ phí. Khách sạn cũng có bàn đặt tour và trung tâm dịch vụ doanh nhân. Du khách có thể thư giãn với liệu pháp mát-xa chân và toàn thân theo yêu cầu. Nhà hàng phục vụ một loạt các món ăn Châu Á và phương Tây cũng như tiệc tự chọn.",6.4
3457,Seaside Villas An Vien Nha Trang,Nha Trang,"Nằm cách Bãi biển phía Nam 300 m, Seaside Villas An Vien Nha Trang có hồ bơi ngoài trời, khu vườn cũng như chỗ nghỉ gắn máy điều hòa với ban công và WiFi miễn phí. Biệt thự có sân trong, tầm nhìn ra khu vườn, khu vực ghế ngồi, TV truyền hình cáp màn hình phẳng, khu vực bếp ăn đầy đủ tiện nghi với máy rửa bát và lò vi sóng cũng như phòng tắm riêng đi kèm vòi xịt/chậu rửa vệ sinh cùng áo choàng tắm. Các căn còn được trang bị tủ lạnh, lò nướng, minibar và ấm đun nước. Khách nghỉ tại Seaside Villas An Vien Nha Trang có thể thưởng thức bữa sáng à la carte. Chỗ nghỉ có sân chơi cho trẻ em. Seaside Villas An Vien Nha Trang có dịch vụ cho thuê xe hơi, khu vực bãi biển riêng và tiện nghi thể thao dưới nước. Bãi biển Nha Trang nằm cách biệt thự 2,6 km trong khi Bảo tàng Alexandre Yersin cách đó 1,1 km. Sân bay gần nhất là sân bay quốc tế Cam Ranh, nằm trong bán kính 35 km từ Seaside Villas An Vien Nha Trang, và chỗ nghỉ cung cấp dịch vụ đưa đón sân bay với một khoản phụ phí.",6.6
3463,Villa Hotel,Vũng Tàu,"Chỗ nghỉ này nằm gần Mũi Nghinh Phong, Bến tàu Cánh ngầm và trung tâm thương mại Lam Sơn square. Nơi đây cung cấp dịch vụ lễ tân 24 giờ và dịch vụ phòng cho khách. Khách nghỉ tại khách sạn có thể thoải mái sử dụng bồn nước nóng. Các điểm tham quan nổi tiếng gần Villa Hotel bao gồm Bãi Trước, Ngọn hải đăng Vũng Tàu và Tượng Chúa Kitô Vua. Sân bay gần nhất là sân bay quốc tế Tân Sơn Nhất, nằm trong bán kính 71 km từ chỗ nghỉ.",6.3
3464,Hotel Le Bouton,Đà Nẵng,"Tọa lạc tại thành phố Đà Nẵng, cách Bãi biển Mỹ Khê 350 m, Hotel Le Bouton cung cấp chỗ nghỉ với nhà hàng, chỗ đỗ xe riêng miễn phí, xe đạp cho khách sử dụng miễn phí và quầy bar. Nằm cách Cầu Sông Hàn 1,9 km và Trung tâm thương mại Indochina Riverside 2,2 km, khách sạn có vườn và sân hiên. Nơi đây cung cấp dịch vụ lễ tân 24 giờ, dịch vụ phòng và dịch vụ thu đổi ngoại tệ cho khách. Phòng nghỉ gắn máy điều hòa tại Hotel Le Bouton có bàn làm việc, ấm đun nước, tủ lạnh, minibar, két an toàn, TV màn hình phẳng và phòng tắm riêng với bồn nước nóng. Trong phòng được trang bị ga trải giường và khăn tắm. Du khách lưu trú tại chỗ nghỉ có thể thưởng thức bữa sáng kiểu lục địa hoặc bữa sáng à la carte. Hotel Le Bouton nằm cách Cầu khóa Tình yêu 2,3 km và Bảo tàng Chăm 3 km. Sân bay gần nhất là sân bay quốc tế Đà Nẵng, nằm trong bán kính 6 km từ khách sạn, và chỗ nghỉ cung cấp dịch vụ đưa đón sân bay với một khoản phụ phí.",8.2
3474,Me Gustas Central Hotel,TP. Hồ Chí Minh,"Megustas Suite Central Hotel tọa lạc tại trung tâm thành phố Sài Gòn nhộn nhịp, chỉ cách Nhà Hát Lớn 3 phút đi bộ. Khách sạn này cung cấp Wi-Fi miễn phí trong tất cả các khu vực và phòng nghỉ được trang bị đầy đủ tiện nghi. Du khách có thể dùng bữa tại nhà hàng tự chọn trong khuôn viên hoặc thư giãn ở quầy bar. Chỗ đỗ xe riêng miễn phí được bố trí ngay trong khuôn viên. Megustas Suite Central Hotel nằm trong bán kính 15 phút đi bộ từ Dinh Thống Nhất và Nhà thờ Đức Bà. Du khách lái xe 30 phút là đến sân bay quốc tế Tân Sơn Nhất. Phòng nghỉ tại đây rộng rãi và được trang trí trang nhã. Các phòng có máy điều hòa, khu vực ghế ngồi, TV màn hình phẳng và két an toàn. Chỗ ở cũng được bố trí tủ lạnh và ấm đun nước điện. Du khách có thể ngắm nhìn quang cảnh thành phố từ một số phòng. Phòng tắm riêng có vòi sen/bồn tắm, máy sấy tóc và đồ vệ sinh cá nhân miễn phí. Đội ngũ nhân viên giao tiếp bằng hai thứ tiếng tại quầy lễ tân 24 giờ sẵn sàng hỗ trợ du khách thu xếp đủ loại dịch vụ như đặt vé, thu đổi ngoại tệ, giữ hành lý và các dịch vụ trợ giúp đặc biệt khác. Dịch vụ đưa đón và vận chuyển sân bay có thể được thu xếp theo yêu cầu với một khoản phụ phí.",6.4
3475,AVA Hotel & Apartment,Đà Nẵng,"Tọa lạc tại thành phố Đà Nẵng, nằm trong bán kính 100 m từ Bãi biển Mỹ Khê và 1 km từ Bãi biển Bắc Mỹ An, AVA Hotel & Apartment cung cấp chỗ nghỉ với sảnh khách chung và WiFi miễn phí trong toàn bộ khuôn viên cũng như chỗ đỗ xe riêng miễn phí cho khách lái xe. Khách sạn này có các phòng gia đình và sân hiên. Chỗ nghỉ cung cấp dịch vụ lễ tân 24 giờ, dịch vụ phòng và dịch vụ thu đổi ngoại tệ cho khách. Khách sạn phục vụ bữa sáng à la carte hàng ngày. AVA Hotel & Apartment nằm trong bán kính 3,4 km từ Cầu tàu Tình yêu trong khi Công viên Châu Á cách đó 4 km. Sân bay gần nhất là sân bay quốc tế Đà Nẵng, cách chỗ nghỉ 6 km.",7.0
3478,Citadines Pearl Hoi An,Hội An,"Tọa lạc tại thành phố Hội An, Citadines Pearl Hoi An có nhà hàng, lễ tân 24 giờ, quầy bar, khu vườn, hồ bơi ngoài trời mở cửa quanh năm, sân chơi cho trẻ em và tầm nhìn ra khu vườn. Chỗ nghỉ này cung cấp WiFi miễn phí trong toàn bộ khuôn viên. Mỗi căn tại đây đều có ban công nhìn ra quang cảnh thành phố, TV màn hình phẳng, khu vực ghế ngồi, bếp nhỏ đầy đủ tiện nghi và phòng tắm riêng đi kèm vòi sen, dép đi trong phòng cùng máy sấy tóc. Khách nghỉ tại khách sạn căn hộ này có thể thưởng thức bữa sáng buffet. Du khách được thoải mái sử dụng phòng tập thể dục và bể sục tại Citadines Pearl Hoi An. Chỗ nghỉ cũng có sân hiên tắm nắng, khu vực bãi biển riêng và sảnh khách chung. Citadines Pearl Hoi An nằm cách Bãi biển Hà My chưa đầy 1 km và Bãi biển An Bàng 13 phút đi bộ. Sân bay gần nhất là sân bay quốc tế Đà Nẵng, nằm trong bán kính 24 km từ khách sạn căn hộ này, và chỗ nghỉ cung cấp dịch vụ đưa đón sân bay với một khoản phụ phí.",7.0
3479,Phuong Vy Luxury Hotel,Đà Lạt,"Tọa lạc tại thành phố Đà Lạt, cách Quảng trường Lâm Viên 1,3 km và Hồ Xuân Hương 1,5 km, Phuong Vy Luxury Hotel cung cấp chỗ nghỉ với khu vườn và WiFi miễn phí trong toàn bộ khuôn viên cũng như chỗ đỗ xe riêng miễn phí cho khách lái xe. Khách sạn 2 sao này có dịch vụ tiền sảnh, bàn đặt tour, lễ tân 24 giờ, dịch vụ phòng và dịch vụ thu đổi ngoại tệ cho khách. Khách sạn nằm trong bán kính 1,7 km từ Công viên Yersin và 2,7 km từ Vườn hoa Đà Lạt. Sân bay gần nhất là sân bay Liên Khương, cách Phuong Vy Luxury Hotel 29 km, và chỗ nghỉ cung cấp dịch vụ đưa đón sân bay với một khoản phụ phí.",6.3
3480,Green Sand Homestay,Hội An,"Chỗ nghỉ này có sân hiên. Tất cả chỗ ở tại đây đều được trang bị máy điều hòa và TV truyền hình vệ tinh màn hình phẳng. Trong số các điểm tham quan nổi tiếng gần nhà nghỉ B&B này có Hội quán Triều Châu, Làng mộc Kim Bồng và Đình Cẩm Phô. Sân bay gần nhất là sân bay quốc tế Đà Nẵng, cách Green Sand Homestay 23 km.",8.4
3487,Marina Bay Vung Tau Resort & Spa,Vũng Tàu,"Tọa lạc ở thành phố Vũng Tàu, Marina Bay Vung Tau Resort & Spa có nhà hàng, hồ bơi ngoài trời, trung tâm thể dục và quán bar. Chỗ nghỉ này cung cấp các tiện nghi như dịch vụ lễ tân 24 giờ, dịch vụ phòng và WiFi miễn phí trong toàn bộ khuôn viên. Resort có vườn và sân hiên. Một số phòng nghỉ tại đây được bố trí khu vực bếp ăn với lò vi sóng, tủ lạnh và bếp nấu. Resort phục vụ bữa sáng buffet. Marina Bay Vung Tau Resort & Spa có phòng xông hơi khô. Chỗ nghỉ nằm cách Bãi Dâu 2 km cũng như Khu du lịch văn hóa và sinh thái Hồ Mây 4,6 km. Sân bay gần nhất là sân bay Vũng Tàu, nằm trong bán kính 5 km từ Marina Bay Vung Tau Resort & Spa.",7.3
3491,Hoàng Gia Boutique Hotel,Đà Lạt,"Chỗ nghỉ này có các phòng gia đình và sân hiên. Nơi đây cung cấp dịch vụ lễ tân 24 giờ và dịch vụ phòng cho khách. Khách nghỉ tại khách sạn có thể thưởng thức bữa sáng à la carte. Hoàng Gia Boutique Hotel nằm trong bán kính 1,7 km từ Công viên Yersin và 2,7 km từ Vườn hoa Đà Lạt. Sân bay gần nhất là sân bay Liên Khương, cách chỗ nghỉ 30 km.",6.1
3494,Suna's HOME - Villa,Vũng Tàu,"Nằm ở thành phố Vũng Tàu, cách Bãi Sau chỉ chưa đầy 1 km, Suna's HOME - Villa cung cấp chỗ nghỉ với tiện nghi thể thao dưới nước, lò nướng BBQ cũng như bếp chung. Chỗ nghỉ bên bờ biển này có ban công, trò ném phi tiêu, chỗ đỗ xe riêng miễn phí và WiFi miễn phí. Căn hộ này được bố trí 5 phòng ngủ, 6 phòng tắm, ga trải giường, khăn tắm, TV truyền hình vệ tinh màn hình phẳng, khu vực ăn uống, bếp đầy đủ tiện nghi và sân trong nhìn ra hồ nước. Để thêm phần thuận tiện cho du khách, chỗ nghỉ có thể cung cấp khăn tắm và ga trải giường với một khoản phụ phí. Căn hộ có sân chơi cho trẻ em. Sau một ngày đi bộ đường dài, lặn biển hoặc đi xe đạp, du khách có thể thư giãn trong vườn hoặc tại khu vực tiếp khách chung. Trong số các điểm tham quan nổi tiếng gần Suna's HOME - Villa có Bãi Dứa, Bãi Trước và Tượng Chúa Kitô Vua. Sân bay gần nhất là sân bay quốc tế Tân Sơn Nhất, cách đó 109 km, và chỗ nghỉ cung cấp dịch vụ đưa đón sân bay với một khoản phụ phí.",9.7
3496,HOANG SINH HOTEL,Đà Nẵng,"Tọa lạc tại vị trí đắc địa ở khu Bãi biển Mỹ Khê thuộc thành phố Đà Nẵng, HOANG SINH HOTEL nằm cách Bãi biển Mỹ Khê 300 m, Bãi biển Bắc Mỹ An 2,5 km và Cầu khóa tình yêu 1,6 km. Chỗ nghỉ này có các phòng gia đình và sân hiên. Nơi đây cung cấp dịch vụ lễ tân 24 giờ, dịch vụ phòng và dịch vụ thu đổi ngoại tệ cho khách. Phòng nghỉ tại HOANG SINH HOTEL được bố trí khu vực ghế ngồi, TV màn hình phẳng, máy điều hòa và phòng tắm riêng với vòi xịt/chậu rửa vệ sinh cùng dép. Một số phòng có ban công. Các phòng được trang bị bàn làm việc và ấm đun nước. Chỗ nghỉ nằm cách Cầu Sông Hàn 1,8 km và Trung tâm thương mại Indochina Riverside 2 km. Sân bay gần nhất là sân bay quốc tế Đà Nẵng, nằm trong bán kính 5 km từ HOANG SINH HOTEL.",6.3
3501,Amazing Hotel Sapa,Sa Pa,"Amazing Hotel Sapa có hồ bơi nước nóng trong nhà trên tầng mái và các phòng nghỉ tiện nghi, hiện đại với truy cập Wi-Fi miễn phí trong toàn bộ khuôn viên. Khách sạn có lễ tân làm việc 24/24 và bãi đỗ xe miễn phí tại chỗ. Tọa lạc tại một vị trí thuận tiện, khách sạn nằm trong bán kính chỉ 200 m từ Nhà Thờ Đá Sa Pa & Quảng trường Trung tâm Sa Pa trong khi Hồ Sa Pa cách đó 500 m. Nhìn ra cảnh núi non, các phòng nghỉ máy lạnh tại đây có tiện nghi sưởi, bàn làm việc, minibar, truyền hình cáp màn hình phẳng và khu vực tiếp khách. Phòng tắm riêng đi kèm tiện nghi vòi sen, khăn tắm và dép Tại Amazing Hotel Sapa, du khách có thể tận hưởng dịch vụ mát-xa thư giãn tại spa hoặc rèn luyện sức khoẻ ở trung tâm thể dục. Nhân viên thân thiện có thể hỗ trợ du khách với các dịch vụ thu đổi ngoại tệ, giặt là và thu xếp tour du lịch. Tiện nghi tổ chức tiệc/hội họp cũng được cung cấp. Khách sạn có nhà hàng, nơi du khách có thể thưởng thức tuyển chọn các món ăn ngon miệng kiểu Lục địa và địa phương. Du khách có thể thưởng thức đủ loại đồ uống tại quán bar.",8.3
3502,Ambassador Hanoi Hotel & Spa,Hà Nội,"Hanoi Trendy Hotel & Spa, khách sạn boutique ở Khu Phố Cổ của thành phố Hà Nội, cung cấp các phòng nghỉ cách âm đáng giá tiền với Wi-Fi miễn phí. Các phòng máy lạnh kiểu châu Âu quyến rũ và sang trọng tại đây có TV màn hình phẳng, minibar đầy ắp đồ cùng dịch vụ chỉnh trang giường hàng đêm. Báo hàng ngày cũng được cung cấp cho khách. Khách có thể kiểm tra email hoặc truy cập Internet ở góc đặt máy vi tính. Khách có thể có thể sắp xếp các kế hoạch đi du lịch và giải trí với dịch vụ trợ giúp đặc biệt 24 giờ. Bữa sáng được phục vụ từ 06:30 đến 10:00 hàng ngày. Hanoi Trendy Hotel & Spa nằm trong bán kính 10 phút đi bộ từ Hồ Hoàn Kiếm nổi tiếng và gần các phố mua sắm cũng như thương mại.",7.8
3506,Ngan Phu Villa,Hội An,"Phố Cổ Hội An được UNESCO công nhận là một Di sản Thế Giới chỉ cách nơi này khoảng 5 phút đi xe đạp. Khách sạn này cách bãi biển Cửa Đại 10 phút chạy xe đạp và nông trại trồng rau gần nhất cách đó 30 phút đi xe đạp. Sân bay Quốc tế Đà Nẵng cách đó 40 phút lái xe. Với tầm nhìn hướng ra khu vườn, các phòng nghỉ tại đây đều có TV màn hình phẳng với các kênh truyền hình cáp, tủ quần áo và phòng tắm riêng kèm tiện nghi vòi sen, đồ vệ sinh cá nhân và máy sấy tóc. Tiện nghi giữ hành lý cũng có cho khách, trong khi dịch vụ đưa đón sân bay có thể được sắp xếp kèm phụ phí. Nhà hàng của khách sạn phục vụ bữa sáng, bữa trưa và bữa tối theo yêu cầu.",7.7
3510,Blue Sea Luxury Hotel & Apartment Vũng Tàu,Vũng Tàu,"Trong số các tiện nghi của chỗ nghỉ này có lễ tân 24 giờ, dịch vụ phòng và WiFi miễn phí trong toàn bộ khuôn viên. Chỗ nghỉ có sảnh khách chung và dịch vụ tiền sảnh để đáp ứng nhu cầu của du khách. Một số phòng tại khách sạn có bếp với lò vi sóng và tủ lạnh. Khách sạn có tiện nghi BBQ. Các điểm tham quan nổi tiếng gần Blue Sea Luxury Hotel & Apartment Vũng Tàu bao gồm Bãi Dứa, Bãi Sau và Bến tàu Cánh ngầm. Sân bay gần nhất là sân bay quốc tế Tân Sơn Nhất, cách chỗ nghỉ 109 km.",5.4
3511,Hoang Kim Hotel,Vũng Tàu,"Hoang Kim Hotel cung cấp phòng nghỉ với máy điều hòa và phòng tắm riêng tại thành phố Vũng Tàu, cách Bãi Sau 300 m và Mũi Nghinh Phong 2,2 km. Khách sạn này có các phòng gia đình và sân hiên. Chỗ nghỉ cung cấp dịch vụ lễ tân 24 giờ và dịch vụ phòng cho khách. Tất cả phòng nghỉ tại khách sạn đều được trang bị TV màn hình phẳng. Hoang Kim Hotel nằm cách Tượng Chúa Ki-tô Vua 2,6 km và Bạch Dinh 3,8 km. Sân bay gần nhất là sân bay quốc tế Tân Sơn Nhất, nằm trong bán kính 72 km từ chỗ nghỉ.",7.9
3520,Mavina villa,Hội An,"Nằm cách Hội quán Triều Châu 500 m, Mavina villa có vườn, sân hiên cũng như chỗ nghỉ gắn máy điều hòa với ban công và WiFi miễn phí. Khách nghỉ tại homestay này có thể thưởng thức bữa sáng à la carte. Các điểm tham quan nổi tiếng gần Mavina villa bao gồm Bảo tàng Lịch sử Hội An, Chùa Cầu Nhật Bản và Hội quán Quảng Đông. Sân bay gần nhất là sân bay quốc tế Đà Nẵng, cách đó 24 km, và chỗ nghỉ cung cấp dịch vụ đưa đón sân bay với một khoản phụ phí.",7.7
3523,Hoang Trinh Hotel,Hội An,"Cách Chợ đêm Hội An chỉ 10 phút đi bộ, Hoang Trinh Hotel cung cấp lễ tân 24 giờ và chỗ ở đơn giản, thoải mái. Khách sạn cung cấp chỗ đỗ xe miễn phí ngay trong khuôn viên và truy cập Wi-Fi miễn phí trong toàn bộ tòa nhà. Nơi nghỉ cách Chùa Cầu Nhật Bản (có mái che) khoảng 400 m và Hội Quán Quảng Đông Trung Quốc 500 m. Khu Phố Cổ Hội An, Di sản Thế giới đã được UNESCO công nhận, cách khách sạn 700 m trong khi du khách lái xe 23 km là tới Sân bay Quốc tế Đà Nẵng. Các phòng nghỉ máy lạnh được trang trí nội thất đơn giản tại đây có tủ quần áo, khu vực tiếp khách, bàn làm việc và TV. Ngoài ra còn có minibar và ấm đun nước điện. Phòng tắm riêng đi kèm bồn tắm/vòi sen, dép và máy sấy tóc. Tại Hoang Trinh Hotel, du khách có thể thuê xe đạp để khám phá khu vực hay đến bàn đặt tour để thu xếp việc đi lại cũng như dịch vụ đặt vé. Đội ngũ nhân viên thân thiện thành thạo tiếng Anh và Pháp của khách sạn có thể trợ giúp khách với các dịch vụ giữ hành lý, giặt là và đưa đón sân bay. Khách sạn có nhà hàng, nơi du khách có thể thưởng thức tuyển chọn các món ăn ngon của địa phương. Các bữa ăn cũng có thể được phục vụ trong sự thoải mái ngay tại phòng nghỉ của khách.",6.5
3530,Nagar Hotel Nha Trang,Nha Trang,"Nằm ở trung tâm thành phố Nha Trang, Nagar Hotel Nha Trang cung cấp chỗ nghỉ 4 sao với ban công riêng và cửa sổ vách kính lớn. Khách sạn này có hồ bơi vô cực cũng như nhà hàng phục vụ ẩm thực quốc tế. Mỗi phòng nghỉ của Nagar Hotel Nha Trang đều được trang bị ấm đun nước,máy điều hòa, bàn làm việc và TV màn hình phẳng. Một số phòng có khu vực ghế ngồi. Phòng tắm riêng có bồn tắm riêng hoặc vòi hoa sen. Khách sạn cung cấp Internet không dây tốc độ cao trong toàn bộ khuôn viên. Khách sạn cung cấp bữa sáng tự chọn, kiểu Mỹ hoặc Á. Khách nghỉ tại khách sạn có thể thưởng thức đủ loại món ăn quốc tế cũng như ẩm thực địa phương chính thống. Chỗ nghỉ có các tiện nghi spa và chăm sóc sức khỏe bao gồm phòng xông hơi khô và trung tâm thể dục cho khách tùy nghỉ sử dụng trong thời gian lưu trú tại Nagar Hotel Nha Trang. Nhân viên tại quầy lễ tân 24 giờ có thể tư vấn cho du khách về khu vực. Khách sạn cung cấp dịch vụ đưa đón theo yêu cầu với một khoản phụ phí. Các điểm tham quan trong khu vực bao gồm Trung tâm Thuyền buồm Việt Nam và quán Sailing Club, cách đó 5 phút đi bộ. Khách sạn nằm cách Quảng trường 2/4 khoảng 7 phút đi bộ và Sân bay Quốc tế Cam Ranh 25 km.",6.2
3538,Sol An Bang Beach Resort & Spa,Hội An,"Tọa lạc tại bãi biển An Bàng, cách trung tâm Khu Phố Cổ Hội An chỉ 4 km, Sol An Bang Beach Resort & Spa là resort nằm phía trước bãi biển có nhà hàng phục vụ hải sản, các món ăn địa phương Việt Nam và phương Tây trong khuôn viên, phòng nghỉ đi kèm hồ bơi ngoài trời, quán bar trên bãi biển cũng như khu vực bãi biển riêng. Phòng nghỉ tại Sol An Bang Beach Resort & Spa được trang bị TV Thông Minh màn hình phẳng với các kênh truyền hình vệ tinh, truy cập WiFi miễn phí, sân hiên cho khách thư giãn cũng như phòng tắm riêng với áo choàng tắm, dép và đồ vệ sinh cá nhân miễn phí. Một số phòng có tầm nhìn ra biển, rừng phi lao hoặc đường phố. Du khách có thể sử dụng xe đạp của resort để khám phá vùng nông thôn gần đó và các ngôi làng như Làng rau Trà Quế và Làng dừa Cẩm Thanh. Dịch vụ cho thuê xe máy được cung cấp theo yêu cầu. Sân bay quốc tế Đà Nẵng cách đó 26 km hoặc 40 phút lái xe thuận tiện.",6.9
3543,NiN Garden Homestay,Vũng Tàu,"Chỗ nghỉ này nằm trong bán kính khoảng 600 m từ Bãi Dứa và 1,6 km từ Bãi Trước. Nơi đây cung cấp WiFi miễn phí, dịch vụ lễ tân 24 giờ và bếp chung cho khách sử dụng. Phòng nghỉ tại NiN Garden Homestay được bố trí ban công và máy điều hòa. Một số phòng của khách sạn con nhộng này có sân trong. Các điểm tham quan nổi tiếng gần chỗ nghỉ bao gồm Tượng Chúa Kitô Vua, Ngọn hải đăng Vũng Tàu và Mũi Nghinh Phong. Sân bay gần nhất là sân bay quốc tế Tân Sơn Nhất, nằm trong bán kính 72 km từ NiN Garden Homestay.",7.7
3553,Lien's Hotel Đà Lạt,Đà Lạt,"Tọa lạc tại thành phố Đà Lạt, cách Hồ Xuân Hương 1,6 km và Quảng Trường Lâm Viên 1,6 km, Lien's Hotel Đà Lạt cung cấp chỗ nghỉ với sân hiên cũng như chỗ đỗ xe riêng miễn phí cho khách lái xe. Khách sạn 2 sao này có bàn đặt tour và phòng giữ hành lý. Chỗ nghỉ cung cấp dịch vụ lễ tân 24 giờ, dịch vụ đưa đón sân bay, dịch vụ phòng và WiFi miễn phí. Mỗi phòng nghỉ tại khách sạn đều được trang bị bàn làm việc, TV màn hình phẳng, phòng tắm riêng, ga trải giường và khăn tắm. Trong phòng được bố trí két an toàn, tủ để quần áo và ấm đun nước. Một số phòng có ban công trong khi những phòng còn lại nhìn ra quang cảnh thành phố.  Các điểm tham quan nổi tiếng gần Lien's Hotel Đà Lạt bao gồm Vườn hoa Đà Lạt, Công viên Yersin và Biệt thự Hằng Nga (Ngôi nhà điên). Sân bay gần nhất là sân bay Liên Khương, cách chỗ nghỉ 23 km.",6.7
3555,Mulberry Collection Silk Village,Hội An,"Mulberry Collection Silk Village nằm ở thành phố Hội An thuộc tỉnh Quảng Nam, cách Phố cổ Hội An 1,5 km. Resort này được thiết kế giống như một làng lụa chính thống. Chỗ nghỉ có hồ bơi ngoài trời, vườn với khu vực ghế ngồi cũng như spa và trung tâm chăm sóc sức khỏe. Resort mang chủ đề làng quê mộc mạc và cung cấp cho khách nhiều không gian riêng tư. Khách nghỉ tại đây sẽ tản bộ qua những lối mòn trải đá trong vườn để đi từ đầu này đến đầu kia. Mặc dù thiết kế ngoại thất mang đậm chất lịch sử và văn hóa, nhưng phòng nghỉ tại đây lại kết hợp hài hòa với lối trang trí hiện đại bằng màu sắc trung tính. Mỗi phòng đều có nhiều ánh sáng tự nhiên, máy điều hòa, TV màn hình phẳng với truyền hình cáp, két sắt và khu vực ghế ngồi. Các tiện nghi khác bao gồm minibar và ấm đun nước điện. Phòng tắm đi kèm vòi sen, bồn tắm hoặc bồn tắm spa. Chỗ nghỉ có các tiện nghi như trung tâm thể dục, thư viện, dịch vụ văn phòng, tiện nghi tổ chức hội họp/tiệc và CLB trẻ em. Nhân viên tại quầy lễ tân 24 giờ có thể thu xếp dịch vụ đưa đón sân bay, thu đổi ngoại tệ, đặt vé và đặt tour du lịch cũng như giữ hành lý cho khách. Trong khuôn viên chỗ nghỉ có tiệm làm đẹp và cửa hàng quà tặng. Resort cung cấp miễn phí cả xe đạp cũng như dịch vụ đưa đón hàng ngày đến/từ Bãi biển An Bàng và Phố cổ Hội An. Mulberry Collection Silk Village cách Hội quán Quảng Đông và Chùa Cầu Nhật Bản 1,4 km. Sân bay gần nhất là sân bay quốc tế Đà Nẵng, nằm trong bán kính 22 km từ chỗ nghỉ.",6.7
3557,alley homestay,Hà Nội,"Homestay này nằm trong bán kính 2,9 km từ Nhà Thờ Lớn. Homestay được trang bị TV màn hình phẳng. Alley homestay có sân hiên. Du khách cũng có thể thư giãn trong khu vườn. Chỗ nghỉ nằm cách Hồ Hoàn Kiếm 3 km và Văn Miếu - Quốc Tử Giám 3,1 km. Sân bay gần nhất là sân bay quốc tế Nội Bài, cách alley homestay 24 km.",7.0
3566,De Studio HomeStay,Hà Nội,"Nằm cách Bảo tàng Mỹ thuật Việt Nam chưa đến 1 km, De Studio HomeStay cung cấp chỗ nghỉ với vườn, sân hiên và bếp chung để tạo thuận tiện cho khách. Chỗ nghỉ này có WiFi miễn phí và chỗ đỗ xe riêng trong khuôn viên. Mỗi phòng nghỉ tại đây đều được trang bị máy điều hòa, TV màn hình phẳng, tủ lạnh và sử dụng phòng tắm chung với chậu rửa vệ sinh (bidet). Để thêm phần thuận tiện cho du khách, chỗ nghỉ có thể cung cấp khăn tắm và ga trải giường với một khoản phụ phí. Các điểm tham quan nổi tiếng gần homestay này gồm có Văn Miếu - Quốc Tử Giám, Lăng Chủ tịch Hồ Chí Minh và Chùa Một Cột. Sân bay gần nhất là sân bay quốc tế Nội Bài, cách De Studio HomeStay 21 km.",7.9
3569,Chez Mimosa Thành Vinh Hotel,TP. Hồ Chí Minh,"Tọa lạc tại Thành phố Hồ Chí Minh, cách trung tâm thương mại Vincom Plaza Thủ Đức và tòa nhà Landmark 81 khoảng 6 km, Chez Mimosa Thành Vinh Hotel cung cấp chỗ nghỉ với xe đạp cho khách sử dụng miễn phí cũng như chỗ đỗ xe riêng miễn phí cho khách lái xe. Chỗ nghỉ này nằm trong bán kính khoảng 6 km từ Công viên Giải trí Suối Tiên, 8 km từ Bảo tàng Lịch sử Việt Nam và 9 km từ Nhà Hát Lớn Sài Gòn. Nơi đây cung cấp dịch vụ lễ tân 24 giờ và dịch vụ phòng cho khách. Trung tâm mua sắm Vincom và Bưu điện Trung tâm Sài Gòn đều nằm cách khách sạn 9 km. Sân bay gần nhất là sân bay quốc tế Tân Sơn Nhất, nằm trong bán kính 12 km từ Chez Mimosa Thành Vinh Hotel.",6.6
3573,STORK,Phú Quốc,"Tọa lạc tại đảo Phú Quốc, STORK có nhà hàng, dịch vụ phòng, quầy bar, khu vườn, hồ bơi ngoài trời và tầm nhìn ra vườn. Chỗ nghỉ này cung cấp Wi-Fi miễn phí. Để thêm phần thuận tiện cho du khách, chỗ nghỉ có thể cung cấp khăn tắm và ga trải giường với một khoản phụ phí. Homestay này còn cho thuê xe đạp. Bãi Dài nằm cách STORK chưa đến 1 km trong khi Chùa Sùng Hưng cách đó 11 km. Sân bay gần nhất là sân bay quốc tế Phú Quốc, cách chỗ nghỉ 4 km.",7.6
3575,Little Town Villa,Hội An,"Tọa lạc tại thành phố Hội An, cách Hội quán Triều Châu 400 m và Bảo tàng Lịch sử Hội An chưa đầy 1 km, Little Town Villa cung cấp chỗ nghỉ với WiFi miễn phí, máy điều hòa, hồ bơi ngoài trời và quầy bar. Biệt thự được trang bị TV màn hình phẳng và phòng tắm riêng với áo choàng tắm, dép đi trong phòng cùng vòi xịt/chậu rửa vệ sinh. Một số căn có sân trong và/hoặc ban công nhìn ra hồ bơi hoặc vườn. Little Town Villa phục vụ bữa sáng buffet hoặc bữa sáng à la carte. Chỗ nghỉ có sân hiên tắm nắng. Du khách cũng có thể thư giãn trong vườn hoặc tại khu vực tiếp khách chung. Các điểm tham quan nổi tiếng gần Little Town Villa bao gồm Chùa Cầu Nhật Bản, Hội quán Quảng Đông và Hội quán Hải Nam. Sân bay gần nhất là sân bay quốc tế Đà Nẵng, nằm trong bán kính 28 km từ biệt thự, và chỗ nghỉ cung cấp dịch vụ đưa đón sân bay với một khoản phụ phí.",8.5
3577,Phu Quoc Dumbo Bungalow,Phú Quốc,"Nằm ở đảo Phú Quốc, cách Bãi biển Gành Dầu vài bước chân, Phu Quoc Dumbo Bungalow cung cấp chỗ nghỉ với nhà hàng, chỗ đỗ xe riêng miễn phí, xe đạp cho khách sử dụng miễn phí và hồ bơi ngoài trời. Chỗ nghỉ này có quán bar, sảnh khách chung và vườn. Nơi đây cung cấp dịch vụ lễ tân 24 giờ, bếp chung và dịch vụ thu đổi ngoại tệ cho khách. Phòng nghỉ tại Phu Quoc Dumbo Bungalow có máy điều hòa, khu vực ghế ngồi, TV truyền hình cáp màn hình phẳng, két an toàn, ấm đun nước và phòng tắm riêng đi kèm vòi xịt/chậu rửa vệ sinh, áo choàng tắm cùng dép. Một số phòng còn được bố trí khu vực bếp ăn với lò vi sóng, lò nướng và bếp nấu. Tất cả các phòng đều được trang bị ga trải giường và khăn tắm. Chỗ nghỉ có tiện nghi BBQ. Du khách có thể tham gia các hoạt động như đi bộ đường dài, lặn với ống thở và lặn biển trong khu vực xung quanh hoặc thư giãn dọc theo bãi biển. Công viên giải trí Vinpearl Land Phú Quốc nằm trong bán kính 6 km từ Phu Quoc Dumbo Bungalow trong khi Sòng bạc Corona cách đó 7 km.",6.1
3581,Quy Hung Hotel Central,TP. Hồ Chí Minh,"Từ khách sạn, du khách chỉ cần đi 200 m là đến Chợ Bến Thành nổi tiếng và Bảo tàng Mỹ thuật trong khi Công viên Tao Đàn cách đó 700 m. Sân bay gần nhất là Sân bay Quốc tế Tân Sơn Nhất, nằm trong bán kính 7 km từ chỗ nghỉ này. Tất cả các phòng nghỉ tại khách sạn đều có máy lạnh, tủ quần áo, minibar và TV truyền hình vệ tinh màn hình phẳng. Phòng tắm riêng đi kèm vòi sen, máy sấy tóc và đồ vệ sinh cá nhân miễn phí. Nhân viên tại quầy lễ tân 24 giờ của khách sạn sẵn lòng hỗ trợ khách với các dịch vụ cho thuê xe đạp/xe hơi, giữ hành lý, giặt là và sắp xếp tour du lịch/tham quan. Tại đây còn cung cấp các tiện nghi như thu đổi ngoại tệ và đưa đón sân bay, kèm phụ phí.",5.7
3583,Panorama Nha Trang Ocean View,Nha Trang,"Nằm tại thành phố Nha Trang, Panorama Nha Trang Ocean View có trung tâm spa và phòng xông hơi khô. Bãi biển Nha Trang cách chỗ nghỉ này 2 phút đi bộ. Wi-Fi được cung cấp miễn phí. Panorama Nha Trang Ocean View còn có trung tâm thể dục và hồ bơi ngoài trời. Khách có thể thưởng thức đồ uống tại quầy bar trong khuôn viên. Dịch vụ giao hàng tạp hóa và bữa trưa đóng hộp được cung cấp theo yêu cầu. Trung tâm Thuyền buồm Việt Nam cách Panorama Nha Trang Ocean Views 300 m. Sân bay gần nhất là sân bay quốc tế Cam Ranh, cách đó 26 km.",5.9
3584,Amarin Resort & Spa Phu Quoc,Phú Quốc,"Với tầm nhìn ra biển, resort có khu vực bãi biển riêng và hồ bơi ngoài trời. Được trang trí với các tông màu đất gồm màu trắng và nâu sẫm, tất cả các phòng lắp máy điều hòa tại đây đều có TV truyền hình cáp màn hình phẳng cùng tủ quần áo, Một số phòng nghỉ được trang bị sân hiên/ban công. Phòng tắm riêng đi kèm bồn rửa vệ sinh, vòi sen, máy sấy tóc, áo choàng tắm, dép và đồ vệ sinh cá nhân miễn phí nhằm mang lại thuận tiện cho quý khách. Quý khách có thể xông hơi trong phòng xông hơi khô hoặc thư giãn với dịch vụ mát-xa chuyên nghiệp tại trung tâm spa trong khuôn viên. Các tiện nghi khác tại resort còn có phòng tập thể dục và sân hiên. Đội ngũ nhân viên thành thạo tiếng Anh, tiếng Việt và tiếng Trung Quốc tại quầy lễ tân 24 giờ có thể hỗ trợ du khách các dịch vụ phòng giữ hành lý, trợ giúp đặc biệt và cho thuê xe hơi theo yêu cầu. Amarin Resort Phu Quoc cách Bảo tàng Cội Nguồn 1,3 km và Trang trại Ngọc trai Phú Quốc 2,7 km. Sân bay gần nhất là sân bay quốc tế Phú Quốc, cách Amarin Resort Phu Quoc 3 km.",7.0
3589,Pegasy Suites Lakeside,Hà Nội,"Tọa lạc tại thành phố Hà Nội, Pegasy Suites Lakeside cung cấp chỗ nghỉ với sảnh khách chung, khu vườn, tiện nghi BBQ, sân hiên và tầm nhìn ra quang cảnh thành phố. Chỗ nghỉ này có WiFi miễn phí trong toàn bộ khuôn viên. Các căn tại đây có sân trong, máy điều hòa, TV màn hình phẳng và phòng tắm riêng đi kèm bồn nước nóng cùng dép đi trong phòng. Tất cả các căn đều được bố trí khu vực tiếp khách và ăn uống. Căn hộ cung cấp cả dịch vụ cho thuê xe đạp lẫn xe hơi. Pegasy Suites Lakeside nằm cách Hồ Tây 3,1 km và Đền Quán Thánh 3,8 km. Sân bay gần nhất là sân bay quốc tế Nội Bài, cách chỗ nghỉ 16 km.",7.1
3591,De Daisy Villa Homestay,Đà Lạt,"Tọa lạc ở thành phố Đà Lạt, cách Vườn hoa Đà Lạt chưa đến 1 km và Hồ Xuân Hương 2,6 km, De Daisy Villa Homestay có sảnh khách chung, vườn và WiFi miễn phí. Tất cả các căn tại đây có khu vực ghế ngồi, khu vực ăn uống và khu vực bếp ăn đầy đủ vật dụng với nhiều tiện nghi nấu nướng như máy rửa bát, lò vi sóng, tủ lạnh cùng lò nướng. Mỗi căn đều được bố trí phòng tắm riêng với vòi sen, dép đi trong phòng và máy sấy tóc. Homestay này có sân hiên. De Daisy Villa Homestay cung cấp cả dịch vụ cho thuê xe đạp lẫn xe hơi. Chỗ nghỉ nằm trong bán kính 2,6 km từ Công viên Yersin và 2,8 km từ Quảng trường Lâm Viên. Sân bay gần nhất là sân bay Liên Khương, cách De Daisy Villa Homestay 31 km, và chỗ nghỉ cung cấp dịch vụ đưa đón sân bay với một khoản phụ phí.",5.0
3592,VNAHOMES Serviced Apartment,Hà Nội,"Tọa lạc tại vị trí tuyệt đẹp ở quận Tây Hồ thuộc thành phố Hà Nội, VNAHOMES Serviced Apartment nằm cách Bảo tàng Dân tộc học Việt Nam 1,8 km, Hồ Tây 2,4 km và Đền Quán Thánh 2,8 km. Chỗ nghỉ này nằm trong bán kính khoảng 2,9 km từ Chùa Một Cột, 2,9 km từ Lăng Chủ tịch Hồ Chí Minh và 3,1 km từ trung tâm thương mại Vincom Center Nguyễn Chí Thanh. Chỗ nghỉ có tầm nhìn ra quang cảnh thành phố, sân hiên, lễ tân 24 giờ và WiFi miễn phí trong toàn bộ khuôn viên. Tất cả phòng nghỉ tại đây được trang bị máy điều hòa, TV truyền hình vệ tinh màn hình phẳng, lò vi sóng, ấm đun nước, vòi sen, dép và bàn làm việc. Mỗi phòng đều có phòng tắm riêng, máy sấy tóc và ga trải giường. Khách nghỉ tại khách sạn có thể tham gia các hoạt động trong và xung quanh thành phố Hà Nội, như đi xe đạp. VNAHOMES Serviced Apartment nằm cách Bảo tàng Mỹ thuật Việt Nam 3,5 km và Văn Miếu - Quốc Tử Giám 3,6 km. Sân bay gần nhất là sân bay quốc tế Nội Bài, cách đó 18 km, và chỗ nghỉ cung cấp dịch vụ đưa đón sân bay với một khoản phụ phí.",7.8
3598,Green Garden Homestay,Hội An,"Green Garden Homestay là nơi nghỉ mang phong cách nhà nhỏ kiểu nông thôn bình dị nằm cách Bảo tàng Lịch sử và Văn hóa Hội An 1,2 km. Nơi nghỉ này cung cấp truy cập WiFi miễn phí trong toàn bộ khuôn viên. Nằm tại thành phố Hội An, nơi nghỉ này cách Sân bay Quốc tế Đà Nẵng 22 km. Các phòng máy lạnh tại đây được trang bị truyền hình cáp và ấm đun nước điện. Tủ quần áo và điện thoại cũng được cung cấp. Phòng tắm riêng đi kèm tiện nghi vòi sen, đồ vệ sinh cá nhân và máy sấy tóc. Nơi nghỉ này có sảnh khách chung và bàn đặt tour. Nhân viên lễ tân có thể hỗ trợ khách với các dịch vụ giặt, ủi, đặt vé và thu đổi ngoại tệ.",8.1
3601,Minh Quân hotel,Vũng Tàu,"Các điểm tham quan nổi tiếng gần nhà nghỉ B&B này bao gồm Bãi Dứa, Ngọn hải đăng Vũng Tàu và Tượng Chúa Kitô Vua. Sân bay gần nhất là sân bay quốc tế Tân Sơn Nhất, cách Minh Quân hotel 71 km.",7.4
3606,MayHouse - ROOFTOP SKY VIEW HH,Hà Nội,"Homestay lắp máy điều hòa này còn cách trung tâm thương mại Tràng Tiền Plaza 1,2 km đồng thời cung cấp WiFi miễn phí và chỗ đỗ xe riêng trong khuôn viên. Homestay này có TV màn hình phẳng. Homestay cách Văn Miếu - Quốc Tử Giám 2 km và Bảo tàng Mỹ thuật Việt Nam 2,5 km. Sân bay gần nhất là sân bay quốc tế Nội Bài, cách MayHouse - Sky View HH 51 khoảng 27 km.",9.0
3608,TTC Hotel - Hoi An,Hội An,"Nằm cách Bãi biển An Bàng 25 phút đi bộ, TTC Hotel - Hoi An cung cấp xe đạp miễn phí để quý khách khám phá Phố cổ Hội An. Khách sạn có các phòng nghỉ với Wi-Fi miễn phí và TV truyền hình cáp. TTC Hotel - Hoi An cách Ngũ Hành Sơn 16 km và cách Cầu Nhật Bản lịch sử 1,2 km. Sân bay quốc tế Đà Nẵng cách đó 25 km. Các phòng tại TTC Hotel - Hoi An có kiến ​​trúc phong cách châu Á,  tủ lạnh mini, máy sấy tóc và dép. Quý khách có thể bơi lội thư giãn trong hồ bơi trong khi các món đặc sản Hội An được phục vụ tại Nhà hàng Areca với tầm nhìn ra hồ bơi. Nhà hàng cũng phục vụ thức uống.",6.5
3609,Tropical Garden & Pool Villa,Hội An,"Chỗ nghỉ này có nhà hàng và cung cấp Wi-Fi miễn phí cũng như dịch vụ cho thuê xe máy. Chỗ đỗ xe miễn phí được bố trí tại một địa điểm gần đó. Với tầm nhìn tuyệt đẹp ra quang cảnh cây xanh xung quanh từ ban công, mỗi phòng nghỉ tại đây đều được trang bị máy điều hòa, truyền hình cáp màn hình phẳng và minibar. Phòng tắm riêng rộng rãi đi kèm tiện nghi vòi sen, đồ vệ sinh cá nhân và dép đi trong phòng. Nhân viên ở quầy lễ tân 24 giờ có thể hỗ trợ khách với các dịch vụ đặt vé, giữ hành lý, giặt là và đưa đón sân bay. Dịch vụ phòng cũng được cung cấp cho khách. Du khách còn có thể sử dụng xe đưa đón miễn phí. Chỗ nghỉ nằm cách Bãi biển An Bàng 300 m và Bãi biển Cửa Đại 1 km. Chỗ nghỉ nằm trong bán kính 2,7 km từ Bảo tàng Lịch sử Hội An và 30 km từ sân bay Đà Nẵng.",7.7
3612,Cozy Hoian Villas Boutique Hotel,Hội An,"Nằm tại khu Sông Hoài của thành phố Hội An, cách Chùa Cầu Nhật Bản 736 m, Cozy Hoian Villas Boutique Hotel có hồ bơi ngoài trời và tiện nghi BBQ. Du khách có thể thưởng thức đủ loại món ăn tại nhà hàng của chỗ nghỉ. Chỗ nghỉ cung cấp WiFi miễn phí trong tất cả các khu vực và chỗ đỗ xe riêng miễn phí trong khuôn viên. Phòng nghỉ tại đây được trang bị truyền hình vệ tinh màn hình phẳng. Một số phòng còn có khu vực ghế ngồi để tạo thuận tiện cho khách. Du khách có thể thưởng thức một tách trà trong lúc ngắm nhìn quang cảnh hồ bơi/sông. Mỗi phòng đều có phòng tắm riêng. Áo choàng tắm, dép đi trong phòng và đồ vệ sinh cá nhân miễn phí cũng có sẵn để tạo sự thoải mái cho khách. Du khách có thể ngắm nhìn khu vườn cảnh nhiệt đới bao quanh khách sạn. Khách sạn cung cấp dịch vụ cho thuê xe máy. Đạp xe là hoạt động phổ biến trong khu vực. Cozy Hoian Villas Boutique Hotel cách Hội quán Quảng Đông và Phố cổ Hội An 800 m. Sân bay gần nhất là sân bay quốc tế Đà Nẵng, cách chỗ nghỉ 23 km.",8.2
3613,Home 1995 Đà Lạt,Đà Lạt,"Tọa lạc tại thành phố Đà Lạt, cách Quảng trường Lâm Viên 1,4 km, Home 1995 Đà Lạt cung cấp chỗ nghỉ với khu vườn, WiFi miễn phí và dịch vụ phòng. Du khách có thể thư giãn trên sân trong và sân hiên. Căn hộ này có tầm nhìn ra vườn, sàn gỗ parquet, 2 phòng ngủ cũng như 1 phòng tắm với vòi sen cùng dép đi trong phòng. Chỗ nghỉ được bố trí khu vực ghế ngồi, khu vực ăn uống và bếp với lò vi sóng, tủ lạnh cùng minibar. Các điểm tham quan nổi tiếng gần căn hộ bao gồm Hồ Xuân Hương, Công viên Yersin và Vườn hoa Đà Lạt. Sân bay gần nhất là sân bay Liên Khương, cách Home 1995 Đà Lạt 23 km.",7.5
3615,Phu Quoc Villa,Phú Quốc,"Nằm cách Bãi Dài 500 m, Phu Quoc Villa có quầy bar cũng như chỗ nghỉ gắn máy điều hòa với sân hiên và WiFi miễn phí. Một số căn tại đây được bố trí TV truyền hình vệ tinh, bếp nhỏ đầy đủ tiện nghi với minibar và phòng tắm riêng đi kèm vòi sen cùng máy sấy tóc. Biệt thự phục vụ bữa sáng kiểu lục địa hàng ngày. Phu Quoc Villa cung cấp dịch vụ cho thuê xe đạp và xe hơi. Chùa Sùng Hưng nằm trong bán kính 3,5 km từ chỗ nghỉ trong khi công viên giải trí Vinpearl Land Phú Quốc cách đó 25 km.",7.4
3619,Thủy Tiên Building by Joi Hospitality,Vũng Tàu,"Cách Bãi Dâu vài bước chân, Thủy Tiên Building by Joi Hospitality cung cấp chỗ nghỉ với sảnh khách chung, tiện nghi BBQ và bếp chung để tạo sự thuận tiện cho du khách. Chỗ nghỉ này có Wi-Fi miễn phí trong toàn bộ khuôn viên. Một số căn tại đây được bố trí TV truyền hình vệ tinh màn hình phẳng, khu vực bếp ăn đầy đủ tiện nghi với tủ lạnh và phòng tắm riêng đi kèm vòi xịt/chậu rửa vệ sinh cùng dép đi trong phòng. Căn hộ có sân hiên. Thủy Tiên Building by Joi Hospitality cung cấp dịch vụ cho thuê xe hơi. Chỗ nghỉ nằm cách Bãi Trước 2,6 km và Bạch Dinh 2,4 km. Sân bay gần nhất là sân bay Vũng Tàu, cách Thủy Tiên Building by Joi Hospitality 7 km.",6.8
3629,Khamy Riverside Villa,Hội An,"Tọa lạc tại thành phố Hội An, cách Hội quán Triều Châu chưa đến 1 km, Khamy Riverside Resort cung cấp chỗ nghỉ với nhà hàng, chỗ đỗ xe riêng miễn phí, xe đạp cho khách sử dụng miễn phí và quán bar. Resort này có sảnh khách chung, vườn và khu vực bãi biển riêng. Chỗ nghỉ cũng có bếp chung, dịch vụ phòng và dịch vụ thu đổi ngoại tệ cho khách. Phòng nghỉ của resort có máy điều hòa, khu vực ghế ngồi, truyền hình cáp màn hình phẳng, bếp, khu vực ăn uống và phòng tắm riêng với máy sấy tóc, chậu rửa vệ sinh (bidet) cùng vòi sen. Trong phòng còn được trang bị tủ để quần áo và ấm đun nước. Khamy Riverside Resort phục vụ bữa sáng tự chọn hoặc kiểu Mỹ. Khu vực chăm sóc sức khỏe tại chỗ nghỉ có phòng tắm hammam và bể sục. Đi bộ đường dài và đạp xe là các hoạt động được ưa chuộng trong khu vực trong khi du khách cũng có thể thuê xe hơi tại Khamy Riverside Resort. Resort này cung cấp dịch vụ ủi cũng như các tiện nghi phục vụ doanh nhân như máy fax và máy photocopy. Các điểm tham quan nổi tiếng gần Khamy Riverside Resort bao gồm Bảo tàng Lịch sử Hội An, Hội quán Hải Nam và Miếu Quan Công. Sân bay gần nhất là sân bay quốc tế Đà Nẵng, cách đó 24 km và chỗ nghỉ cung cấp dịch vụ đưa đón sân bay với một khoản phụ phí.",8.0
3630,Green Cocoon,TP. Hồ Chí Minh,"Căn hộ cung cấp miễn phí cả WiFi lẫn chỗ đỗ xe riêng. Một số căn tại đây được bố trí máy điều hòa, TV màn hình phẳng, máy giặt, ấm đun nước và bếp. Green Cocoon có sân hiên. Chỗ nghỉ cung cấp dịch vụ cho thuê xe đạp trong khi du khách có thể đi bộ đường dài ở khu vực gần đó. Green Cocoon nằm cách tòa nhà Landmark 81 khoảng 2,7 km và Bưu điện Trung tâm Sài Gòn 2,8 km. Sân bay gần nhất là sân bay quốc tế Tân Sơn Nhất, cách căn hộ 14 km.",6.8
3636,The Art - An Yên Villa,Đà Lạt,"Tọa lạc tại thành phố Đà Lạt, cách Hồ Xuân Hương 2,7 km, The Art - An Yên Villa cung cấp chỗ nghỉ với quầy bar, chỗ đỗ xe riêng miễn phí, khu vườn và sân hiên. Khách sạn này nằm trong bán kính khoảng 2,8 km từ Công viên Yersin, 2,9 km từ Quảng trường Lâm Viên và 3,4 km từ Vườn hoa Đà Lạt. Chỗ nghỉ có lễ tân 24 giờ, dịch vụ đưa đón sân bay, dịch vụ phòng và WiFi miễn phí trong toàn bộ khuôn viên. Phòng nghỉ tại The Art - An Yên Villa được bố trí khu vực ghế ngồi, phòng tắm riêng và bàn làm việc. Một số phòng có tầm nhìn ra khu vườn. Mỗi phòng đều được trang bị ga trải giường và khăn tắm. Khách nghỉ tại The Art - An Yên Villa có thể thưởng thức bữa sáng kiểu Mỹ. Khách sạn nằm cách Thiền Viện Trúc Lâm 8 km và Hồ Tuyền Lâm 9 km. Sân bay gần nhất là sân bay Liên Khương, nằm trong bán kính 31 km từ The Art - An Yên Villa.",8.3
3642,Avanti Hotel,TP. Hồ Chí Minh,"Tọa lạc tại vị trí thuận tiện ở Quận 1 sôi động của Thành phố Hồ Chí Minh, cách Chợ Bến Thành chỉ 200 m, Avanti Hotel cung cấp chỗ nghỉ với nhà hàng trong khuôn viên và quầy bar phục vụ đồ uống. Vị trí thuận tiện của khách sạn giúp khách dễ dàng đi đến các điểm tham quan gần đó như Bảo tàng Thành phố Hồ Chí Minh (cách đó 300 m) hoặc Thương xá Tax (cách đó 400 m). Sân bay quốc tế Tân Sơn Nhất cũng chỉ cách khách sạn 8 km. Với lối trang trí hiện đại bằng tông màu trung tính, phòng nghỉ tại khách sạn này được trang bị máy điều hòa, TV màn hình phẳng để khách giải trí, ấm đun nước tiện lợi cũng như phòng tắm riêng mang tông màu chủ đạo của phòng nghỉ đi kèm vòi hoa sen hoặc bồn tắm, dép và máy sấy tóc. Khách sạn có sảnh khách chung, dịch vụ lễ tân 24 giờ hỗ trợ khách sắp xếp phòng giữ hành lý cũng như dịch vụ giặt thường/giặt hấp. Nhà hàng V Restaurant cung cấp bữa sáng tự chọn hàng ngày với một số món Việt Nam, Á và Âu chọn lọc đồng thời phục vụ cả bữa trưa và bữa tối.",7.8
3645,Blue Arch - Luxury Serviced Apartment in Central Saigon,TP. Hồ Chí Minh,"Tọa lạc tại Thành phố Hồ Chí Minh, cách trung tâm thương mại Diamond Plaza chưa đầy 1 km và Bảo tàng Lịch sử Việt Nam 11 phút đi bộ, Blue Arch - Luxury Serviced Apartment in Central Saigon cung cấp chỗ nghỉ với WiFi miễn phí, máy điều hòa, trung tâm thể dục và vườn. Mỗi căn tại đây đều có khu vực bếp ăn đi kèm lò vi sóng và tủ lạnh, két an toàn, TV truyền hình cáp màn hình phẳng, tiện nghi ủi, bàn làm việc cũng như khu vực ghế ngồi với ghế sofa. Tất cả các căn được bố trí phòng tắm riêng với vòi xịt/chậu rửa vệ sinh, máy sấy tóc và đồ vệ sinh cá nhân miễn phí. Các điểm tham quan nổi tiếng gần căn hộ bao gồm Bưu điện Trung tâm Sài Gòn, Bảo tàng Chứng tích Chiến tranh và Nhà thờ Đức Bà. Sân bay gần nhất là sân bay quốc tế Tân Sơn Nhất, nằm trong bán kính 12 km từ Blue Arch - Luxury Serviced Apartment in Central Saigon.",6.5
3646,Vinpearl Resort & Spa Da Nang- Wellness Villas By The Beach,Đà Nẵng,"Chỗ nghỉ có 4 nhà hàng trong khuôn viên, hồ bơi ngoài trời và quầy bar. Khách có thể thưởng thức dịch vụ mát-xa làm trẻ hóa hoặc tận hưởng một buổi xông hơi khô tại spa, cũng như đổ mồ hôi rèn luyện sức khỏe trong phòng tập thể dục. Mỗi phòng đều có phòng tắm riêng và bồn tắm, máy điều hòa, TV và tủ lạnh. Một số chỗ nghỉ còn bao gồm khu vực ghế ngồi và/hoặc ban công. Nhà hàng Triton phục vụ một loạt các món ăn Kiểu Á và châu Âu. Nhà hàng Monsoon phục vụ ẩm thực Việt Nam và Đông Nam Á. Dịch vụ phòng cũng được cung cấp cho khách. Biệt thự cách Ngũ Hành Sơn 16 phút đi bộ, Công viên Châu Á Đà Nẵng 7 km và sân bay gần nhất là sân bay quốc tế Đà Nẵng 9 km.",8.4
3650,The Trang Luxury Villa Nha Trang,Nha Trang,"Tọa lạc tại thành phố Nha Trang, cách Bãi biển Nha Trang chỉ 1,4 km, The Trang Luxury Villa Nha Trang cung cấp chỗ nghỉ bên bờ biển với hồ bơi ngoài trời, sảnh khách chung, vườn và WiFi miễn phí. Được xây dựng vào năm 2019, chỗ nghỉ này có máy điều hòa và ban công. Biệt thự có 6 phòng ngủ, 6 phòng tắm, ga trải giường, khăn tắm, TV màn hình phẳng, khu vực ăn uống, bếp đầy đủ tiện nghi và sân trong nhìn ra hồ nước. Để thêm phần thuận tiện cho du khách, chỗ nghỉ có thể cung cấp khăn tắm và ga trải giường với một khoản phụ phí. Biệt thự phục vụ bữa sáng à la carte hoặc bữa sáng kiểu Anh/Ailen. Nhân viên lễ tân giao tiếp bằng tiếng Anh và tiếng Trung luôn sẵn sàng hỗ trợ du khách 24/24. Tại The Trang Luxury Villa Nha Trang, du khách được thoải mái sử dụng phòng xông hơi khô. Chỗ nghỉ cung cấp dịch vụ cho thuê xe đạp. Trong số các điểm tham quan nổi tiếng gần The Trang Luxury Villa Nha Trang có Viện Hải dương học, công viên giải trí Vinpearl Land Nha Trang và Dinh Bảo Đại. Sân bay gần nhất là sân bay quốc tế Cam Ranh, nằm trong bán kính 37 km từ biệt thự, và chỗ nghỉ cung cấp dịch vụ đưa đón sân bay với một khoản phụ phí.",7.0
3654,GoldCoast Da Nang Hotel,Đà Nẵng,"Tọa lạc tại thành phố Đà Nẵng, cách Bãi biển Bắc Mỹ An chưa đầy 1 km, GoldCoast Da Nang Hotel cung cấp chỗ ở với nhà hàng, chỗ đỗ xe riêng miễn phí, hồ bơi ngoài trời và quầy bar. Mỗi chỗ nghỉ tại khách sạn 3 sao này đều có tầm nhìn ra hồ bơi và du khách có thể thư giãn tại sảnh khách chung và vườn. Khách sạn cung cấp dịch vụ lễ tân 24 giờ, dịch vụ phòng và dịch vụ thu đổi ngoại tệ cho khách. Tất cả các phòng tại khách sạn đều có máy điều hòa, bàn làm việc, sân trong nhìn ra hồ nước, phòng tắm chung, TV màn hình phẳng, ga trải giường và khăn tắm. Mỗi phòng đều được trang bị két an toàn và một số phòng còn có tầm nhìn ra núi. Tất cả các phòng nghỉ đều bố trí tủ để quần áo và ấm đun nước. GoldCoast Da Nang Hotel phục vụ bữa sáng kiểu lục địa hoặc bữa sáng buffet. Chỗ nghỉ có sân hiên tắm nắng. GoldCoast Da Nang Hotel cách Bãi biển Mỹ Khê 1 km và Công viên Châu Á Đà Nẵng 1,7 km. Sân bay gần nhất là sân bay quốc tế Đà Nẵng, cách đó 5 km, và khách sạn cung cấp dịch vụ đưa đón sân bay với một khoản phụ phí.",7.7
3655,Corner Night Market Homestay,Hội An,"Homestay này có cả WiFi lẫn chỗ đỗ xe riêng miễn phí. Tất cả phòng nghỉ tại đây đều được trang bị máy điều hòa và TV. Corner Night Market Homestay phục vụ bữa sáng kiểu lục địa và bữa sáng à la carte hàng ngày. Chỗ nghỉ có sân hiên. Nếu muốn khám phá khu vực này, du khách có thể đi xe đạp ở khu vực xung quanh và Corner Night Market Homestay có thể sắp xếp dịch vụ cho thuê xe đạp. Các điểm tham quan nổi tiếng gần homestay bao gồm Chùa Cầu Nhật Bản, Bảo tàng Lịch sử Hội An và Hội quán Triều Châu. Sân bay gần nhất là sân bay quốc tế Đà Nẵng, nằm trong bán kính 28 km từ Corner Night Market Homestay.",8.3
3663,Centre Point Hanoi Hotel,Hà Nội,Centre Point Hanoi Hotel ở giữa khu Phố Cổ này nằm trong bán kính 2 phút đi bộ từ Hồ Hoàn Kiếm. Khách sạn cung cấp Wi-Fi miễn phí toàn khuôn viên và đồ nội thất trang nhã cùng đồ đạc hiện đại. Quý khách có thể dùng bữa tại nhà hàng trong khuôn viên. Mỗi phòng nghỉ tại khách sạn đều được trang bị máy lạnh và truyền hình cáp màn hình phẳng. Một số phòng có khu vực tiếp khách để thư giãn sau một ngày bận rộn. Quý khách sẽ tìm thấy ấm đun nước trong phòng. Các phòng đi kèm phòng tắm riêng với vòi sen. Ngoài ra còn có dép và đồ vệ sinh cá nhân miễn phí. Quý khách có thể sử dụng bàn đặt tour. Khách sạn cũng cung cấp dịch vụ cho thuê xe đạp và xe hơi. Centre Point Hanoi Hotel cách Đền Ngọc Sơn 200 m và Nhà hát Múa rối nước Thăng Long 300 m. Nhà thờ St. Joseph Cathedral cách khách sạn 400 m. Sân bay Quốc tế Nội Bài cách đó 21 km.,7.0
3667,Marina Nha Trang Hotel,Nha Trang,"Tọa lạc tại thành phố Nha Trang, cách Bãi biển Nha Trang 200 m, Marina Nha Trang Hotel có dịch vụ nhận phòng/trả phòng cấp tốc, phòng nghỉ không gây dị ứng, vườn, WiFi miễn phí trong toàn bộ khuôn viên và sân hiên. Trong số các điểm tham quan nổi tiếng gần đó có quán Sailing Club, Bảo tàng Alexandre Yersin và Trung tâm mua sắm Nha Trang Centre. Chỗ nghỉ cung cấp dịch vụ lễ tân 24 giờ, bếp chung và tổ chức các tour du lịch cho khách. Phòng nghỉ tại khách sạn được bố trí bàn làm việc, TV màn hình phẳng và phòng tắm riêng. Phòng còn đi kèm máy điều hòa và tủ để quần áo. Các điểm tham quan nổi tiếng gần chỗ nghỉ bao gồm Quảng trường 2/4, Tháp Trầm Hương và Trung tâm Thuyền buồm Việt Nam. Sân bay gần nhất là sân bay quốc tế Cam Ranh, cách Marina Nha Trang Hotel 26 km, và chỗ nghỉ cung cấp dịch vụ đưa đón sân bay với một khoản phụ phí.",7.5
3670,Scenic Valley By Dhome,TP. Hồ Chí Minh,"Chỗ nghỉ này cung cấp WiFi miễn phí trong tất cả các khu vực và chỗ đỗ xe riêng ngay tại khuôn viên. Mỗi căn tại đây đều có sân trong, khu vực bếp ăn đầy đủ tiện nghi với lò vi sóng, khu vực ghế ngồi, TV màn hình phẳng, máy giặt cũng như phòng tắm riêng đi kèm vòi xịt/chậu rửa vệ sinh và dép đi trong phòng. Các căn còn được trang bị tủ lạnh, minibar, bếp nấu ăn và ấm đun nước. Khách nghỉ tại căn hộ có thể thưởng thức bữa sáng à la carte. Scenic Valley By Dhome có công viên nước trong khi du khách cũng có thể thư giãn trên sân hiên tắm nắng. Chỗ nghỉ nằm cách Trung tâm Hội chợ & Triển lãm Sài Gòn 600 m và Bến Nhà Rồng 4,3 km. Sân bay gần nhất là sân bay quốc tế Tân Sơn Nhất, nằm trong bán kính 12 km từ Scenic Valley By Dhome, và chỗ nghỉ cung cấp dịch vụ đưa đón sân bay với một khoản phụ phí.",7.9
3671,Căn Hộ Hướng Biển Vũng Tàu,Vũng Tàu,"Tọa lạc tại thành phố Vũng Tàu, cách Bãi Sau 200 m và Mũi Nghinh Phong 3,4 km, Căn Hộ San Hô Vũng Tàu cung cấp chỗ nghỉ với Wi-Fi miễn phí, máy điều hòa, nhà hàng và quầy bar. Tất cả phòng nghỉ tại đây đều có khu vực ghế ngồi, truyền hình vệ tinh màn hình phẳng và phòng tắm riêng với đồ vệ sinh cá nhân miễn phí, chậu rửa vệ sinh (bidet) cùng vòi sen. Để thêm phần thuận tiện cho du khách, chỗ nghỉ có thể cung cấp khăn tắm và ga trải giường với một khoản phụ phí. Khách nghỉ tại khách sạn căn hộ này có thể thưởng thức bữa sáng tự chọn. Tại Căn Hộ San Hô Vũng Tàu, du khách được thoải mái sử dụng hồ bơi trong nhà. Chỗ nghỉ còn có sân chơi cho trẻ em và sảnh khách chung. Căn hộ San Hô Vũng Tàu nằm cách Tượng Chúa Ki-tô Vũng Tàu 3,5 km và Bạch Dinh 5 km. Sân bay gần nhất là sân bay quốc tế Tân Sơn Nhất, nằm trong bán kính 72 km từ khách sạn căn hộ này, và chỗ nghỉ cung cấp dịch vụ đưa đón sân bay với một khoản phụ phí.",7.1
3678,Sau My Homestay,Hội An,"Nằm ở thành phố Hội An, cách Bảo tàng Lịch sử Hội An 800 m, Sau My Homestay có tầm nhìn ra khu vườn, WiFi miễn phí và chỗ đỗ xe riêng miễn phí. Phòng nghỉ tại đây có ban công, máy điều hòa, TV màn hình phẳng và phòng tắm riêng đi kèm vòi sen cùng máy sấy tóc. Trong phòng còn được trang bị tủ lạnh và ấm đun nước. Homestay này có sân hiên. Du khách có thể thuê xe đạp tại Sau My Homestay. Chỗ nghỉ nằm gần các điểm tham quan nổi tiếng như Hội quán Triều Châu, Chùa Cầu Nhật Bản và Hội quán Quảng Đông. Sân bay gần nhất là sân bay quốc tế Đà Nẵng, nằm trong bán kính 27 km từ Sau My Homestay, và homestay cung cấp dịch vụ đưa đón sân bay với một khoản phụ phí.",8.1
3681,Bay Hotel Ho Chi Minh,TP. Hồ Chí Minh,"Bay Hotel Ho Chi Minh cung cấp chỗ nghỉ sang trọng ở Thành phố Hồ Chí Minh, cách Nhà hát Lớn 600 m. Du khách có thể truy cập Wi-Fi miễn phí trong các khu vực chung và thưởng thức bữa ăn tại nhà hàng. Tất cả các phòng nghỉ tại đây có minibar miễn phí được bổ sung hàng ngày, máy lạnh, TV màn hình phẳng và két an toàn. Một số phòng chọn lọc có tầm nhìn ra quang cảnh thành phố trong khi mỗi phòng còn được thiết kế phòng tắm riêng với tiện nghi vòi sen, đồ vệ sinh cá nhân miễn phí cùng máy sấy tóc. Du khách có thể dùng bữa trong nhà hàng hoặc yêu cầu dịch vụ phục vụ ăn uống tại phòng. Lễ tân 24 giờ cung cấp một loạt dịch vụ bao gồm dịch vụ cho thuê xe hơi, thu đổi ngoại tệ và giữ hành lý. Du khách cũng có thể yêu cầu dịch vụ đưa đón sân bay và giặt là với một khoản phụ phí. Trung tâm dịch vụ doanh nhân và tiện nghi tổ chức tiệc/hội họp cũng có sẵn tại đây cho những khách cần đến. Trung tâm thương mại Parkson cách Bay Hotel Ho Chi Minh 600 m. Sân bay gần nhất là Sân bay Quốc tế Tân Sơn Nhất, nằm trong bán kính 7 km từ chỗ nghỉ này.",6.2
3682,Cozy Homestay,Hà Nội,"Cozy Homestay cung cấp chỗ nghỉ với ban công riêng tại thành phố Hà Nội. Trong số các tiện nghi của nhà khách này có bếp chung, sảnh khách chung và WiFi miễn phí trong toàn bộ khuôn viên. Nhà khách cung cấp các phòng gia đình. Phòng nghỉ tại nhà khách được trang bị máy điều hòa, truyền hình cáp màn hình phẳng, lò vi sóng, ấm đun nước, chậu rửa vệ sinh (bidet), máy sấy tóc và bàn làm việc. Tất cả các phòng đều có khu vực ghế ngồi. Cozy Homestay nằm cách trung tâm thương mại Tràng Tiền Plaza 3,3 km và Nhà Hát Lớn Hà Nội 3,8 km. Sân bay gần nhất là sân bay quốc tế Nội Bài, nằm trong bán kính 24 km từ chỗ nghỉ.",5.8
3692,Phu Quoc Beach Guesthouse,Phú Quốc,"Chỗ nghỉ cách Chùa Sùng Hưng khoảng 9 km và sòng bạc Corona Casino cũng như công viên giải trí Vinpearl Land Phú Quốc 14 km. Chỗ nghỉ cũng có lễ tân 24 giờ và WiFi miễn phí. Phòng nghỉ tại nhà khách được trang bị bàn, TV màn hình phẳng, phòng tắm riêng và tủ lạnh. Phu Quoc Beach Guesthouse cách Chùa Sư Muôn và Nhà thùng nước mắm 8 km.",7.2
3699,Aura Home 16Typh,Hà Nội,"Nằm cách Nhà hát múa rối nước Thăng Long 100 m, Aura Home 16Typh có sảnh khách chung cũng như chỗ nghỉ gắn máy điều hòa với ban công và WiFi miễn phí. Chỗ đỗ xe riêng được bố trí ngay trong khuôn viên. Các căn hộ tại đây có sàn gỗ parquet, bếp đầy đủ tiện nghi với lò vi sóng, khu vực ăn uống, TV màn hình phẳng cũng như phòng tắm riêng đi kèm vòi sen và máy sấy tóc. Tủ lạnh, lò nướng, bếp nấu và ấm đun nước cũng được trang bị trong phòng. Homestay này có sân hiên tắm nắng. Du khách có thể đi xe đạp để khám phá khu vực xung quanh và Aura Home 16Typh có thể thu xếp dịch vụ cho thuê xe hơi. Các điểm tham quan nổi tiếng gần chỗ nghỉ bao gồm Hồ Hoàn Kiếm, Ô Quan Chưởng và Nhà Thờ Lớn. Sân bay gần nhất là sân bay quốc tế Nội Bài, cách Aura Home 16Typh 21 km, và chỗ nghỉ cung cấp dịch vụ đưa đón sân bay với một khoản phụ phí.",7.0
3701,Lucys Hotel,Vũng Tàu,"Chỗ nghỉ này nằm cách các điểm tham quan như Tượng Chúa Kitô Vua, Bến tàu Cánh ngầm và trung tâm thương mại Lam Sơn square một quãng ngắn. Nơi đây có lễ tân 24 giờ và dịch vụ phòng cho khách. Phòng nghỉ gắn máy điều hòa tại Lucys Hotel có bàn làm việc, ấm đun nước, tủ lạnh, két an toàn, TV màn hình phẳng, ban công và phòng tắm riêng với vòi xịt/chậu rửa vệ sinh. Các phòng được trang bị ga trải giường và khăn tắm. Các điểm tham quan nổi tiếng gần chỗ nghỉ bao gồm Bãi Dứa, Ngọn hải đăng Vũng Tàu và Bạch Dinh. Sân bay gần nhất là sân bay quốc tế Tân Sơn Nhất, nằm trong bán kính 70 km từ Lucys Hotel, và chỗ nghỉ cung cấp dịch vụ đưa đón sân bay với một khoản phụ phí.",6.8
3703,Cosy Hotel,Đà Lạt,"Tọa lạc tại thành phố Đà Lạt, cách Quảng trường Lâm Viên 3 km, Cozy Hotel cung cấp chỗ nghỉ với quầy bar, chỗ đỗ xe riêng miễn phí và khu vườn. Chỗ nghỉ này nằm trong bán kính 3,2 km từ Hồ Xuân Hương, 3,3 km từ Công viên Yersin và 5 km từ Vườn hoa Đà Lạt. Chỗ nghỉ cung cấp dịch vụ lễ tân 24 giờ và dịch vụ phòng cho khách. Thiền Viện Trúc Lâm và Hồ Tuyền Lâm đều nằm trong bán kính 5 km từ khách sạn. Sân bay gần nhất là sân bay Liên Khương, cách Cosy Hotel 21 km, và chỗ nghỉ cung cấp dịch vụ đưa đón sân bay với một khoản phụ phí.",7.5
3705,Valentina Resort & Spa Phu Quoc,Phú Quốc,"Tọa lạc tại đảo Phú Quốc, cách Bãi Dài chỉ vài bước chân, Valentina Resort & Spa Phu Quoc cung cấp chỗ nghỉ với nhà hàng, chỗ đỗ xe riêng miễn phí, xe đạp miễn phí và hồ bơi ngoài trời. Mỗi phòng nghỉ tại resort 3 sao này đều có tầm nhìn ra hồ bơi và du khách có thể thư giãn trong vườn cũng như trên sân hiên. Chỗ nghỉ cung cấp dịch vụ lễ tân 24 giờ, dịch vụ phòng và dịch vụ thu đổi ngoại tệ. Tất cả phòng nghỉ tại resort đều có máy điều hòa, khu vực ghế ngồi, TV truyền hình vệ tinh màn hình phẳng, két an toàn và phòng tắm riêng với vòi xịt/chậu rửa vệ sinh, dép cùng máy sấy tóc. Một số phòng còn được bố trí khu vực bếp ăn với lò vi sóng. Các căn còn có bàn làm việc. Valentina Resort & Spa Phu Quoc phục vụ bữa sáng kiểu lục địa hoặc bữa sáng à la carte. Du khách lưu trú tại chỗ nghỉ có thể tham gia các hoạt động trong và xung quanh đảo Phú Quốc như câu cá. Chỗ nghỉ có bàn đặt tour, dịch vụ cho thuê xe hơi và dịch vụ văn phòng với máy fax cùng máy photocopy. Valentina Resort & Spa Phu Quoc cách Chùa Sùng Hưng 4,2 km và công viên giải tri Vinpearl Land Phú Quốc 26 km. Sân bay gần nhất là sân bay quốc tế Phú Quốc, nằm cách resort 8 km và chỗ nghỉ cung cấp dịch vụ đưa đón sân bay với một khoản phụ phí.",7.9
3706,Orbit Resort & Spa,Nha Trang,"Tọa lạc tại thành phố Nha Trang, cách Bãi biển phía Nam 200 m, Orbit Resort & Spa cung cấp chỗ nghỉ với nhà hàng, chỗ đỗ xe riêng miễn phí, hồ bơi ngoài trời và trung tâm thể dục. Resort này nằm cách Viện Hải dương học một quãng ngắn và có sân chơi cho trẻ em cũng như khu vực bãi biển riêng. Chỗ nghỉ cũng cung cấp dịch vụ lễ tân 24 giờ, dịch vụ phòng và dịch vụ thu đổi ngoại tệ cho khách. Phòng nghỉ tại đây được trang bị máy điều hòa, TV truyền hình vệ tinh màn hình phẳng, tủ lạnh, ấm đun nước, chậu rửa vệ sinh (bidet), máy sấy tóc và bàn làm việc. Các phòng còn có WiFi miễn phí và phòng tắm riêng với vòi sen cùng đồ vệ sinh cá nhân miễn phí. Tại Orbit Resort & Spa, tất cả các phòng đều được bố trí khu vực ghế ngồi. Khách lưu trú tại chỗ nghỉ có thể thưởng thức bữa sáng tự chọn hoặc kiểu Mỹ. Orbit Resort & Spa nằm cách Dinh Bảo Đại 2,5 km và công viên giải trí Vinpearl Land Nha Trang 5 km. Sân bay gần nhất là sân bay quốc tế Cam Ranh, nằm trong bán kính 21 km từ resort, và chỗ nghỉ cung cấp dịch vụ đưa đón sân bay với một khoản phụ phí.",6.9
3707,22HOUSING APARTMENT 81 LINH LANG,Hà Nội,"Nằm ở thành phố Hà Nội, 22HOUSING APARTMENT 81 LINH LANG có nhà hàng, lễ tân 24 giờ, quầy bar, vườn, sân chơi cho trẻ em, sân hiên và tầm nhìn ra vườn. Căn hộ cung cấp miễn phí cả WiFi lẫn chỗ đỗ xe riêng. Các căn gắn máy điều hòa tại đây có phòng khách với TV màn hình phẳng, bếp đi kèm lò vi sóng và tủ lạnh, máy giặt, két an toàn cũng như phòng tắm riêng với áo choàng tắm cùng dép đi trong phòng. Tất cả các căn đều được bố trí khu vực tiếp khách và ăn uống. Du khách có thể thư giãn tại sảnh khách chung của chỗ nghỉ và đi xe đạp ở khu vực gần đó. 22HOUSING APARTMENT 81 LINH LANG nằm cách trung tâm thương mại Vincom Center Nguyễn Chí Thanh 1,1 km và Bảo tàng Dân tộc học Việt Nam 1,5 km. Sân bay gần nhất là sân bay quốc tế Nội Bài, nằm trong bán kính 20 km từ chỗ nghỉ.",6.7
3715,Yellow Daisy Villa,Hội An,"Nằm cách Bãi biển An Bàng 600 m, Yellow Daisy Villa có chỗ nghỉ, nhà hàng, xe đạp cho khách sử dụng miễn phí, hồ bơi ngoài trời và sảnh khách chung. Biệt thự cung cấp miễn phí cả WiFi lẫn chỗ đỗ xe riêng. Một số căn tại đây có sân trong nhìn ra hồ bơi, TV truyền hình vệ tinh màn hình phẳng và máy điều hòa. Yellow Daisy Villa phục vụ bữa sáng à la carte. Chỗ nghỉ có sân hiên. Khách nghỉ tại Yellow Daisy Villa có thể đi xe đạp ở khu vực gần đó hoặc thư giãn trong vườn. Biệt thự nằm cách Bãi biển Hà My 1,2 km và Bãi biển Cửa Đại 1,6 km. Sân bay gần nhất là sân bay quốc tế Đà Nẵng, nằm trong bán kính 25 km từ Yellow Daisy Villa, và chỗ nghỉ cung cấp dịch vụ đưa đón sân bay với một khoản phụ phí.",8.2
3716,Gạo House & Coffee,Sa Pa,"Tọa lạc tại thị xã Sa Pa, cách ga cáp treo Fansipan Legend 2 km, Check in Sapa Hostel & Coffee có nhà hàng, quầy bar và khu vườn. Chỗ nghỉ cung cấp các phòng gia đình và còn có sân hiên. Khách sạn cũng cung cấp dịch vụ lễ tân 24 giờ và dịch vụ phòng cho khách. Phòng nghỉ tại khách sạn này được trang bị tủ để quần áo. Tất cả các phòng đều có phòng tắm riêng với chậu rửa vệ sinh (bidet), máy sấy tóc và đồ vệ sinh cá nhân miễn phí. Khách nghỉ tại Check in Sapa Hostel & Coffee có thể thưởng thức bữa sáng kiểu Á. Các điểm tham quan nổi tiếng gần chỗ nghỉ bao gồm trung tâm thương mại Sun Plaza, Hồ Sa Pa và Nhà thờ Đá Sa Pa.",7.3
3721,Beach Hotel Grand World - MG Homestay,Phú Quốc,"Chỗ nghỉ này nằm cách công viên giải trí Vinpearl Land Phú Quốc 1 km và Chùa Sùng Hưng 16 km. Nhà nghỉ B&B này được trang bị TV màn hình phẳng, khăn tắm và ga trải giường. Nhà nghỉ B&B này có sân hiên. Bãi biển Vũng Bầu nằm trong bán kính 2,2 km từ Beach Hotel trong khi Sòng bạc Corona cách đó chưa đầy 1 km.",7.0
3726,OYO 1154 Mat Troi Vang Dalat Hotel,Đà Lạt,"Tọa lạc tại thành phố Đà Lạt, cách Vườn hoa Đà Lạt 1,8 km, OYO 1154 Mat Troi Vang Dalat Hotel có phòng nghỉ gắn máy điều hòa và sảnh khách chung. Trong số các tiện nghi của chỗ nghỉ này có lễ tân 24 giờ, dịch vụ phòng và WiFi miễn phí trong toàn bộ khuôn viên. Khách sạn cung cấp các phòng gia đình. Phòng nghỉ tại khách sạn được trang bị TV. Các điểm tham quan nổi tiếng gần OYO 1154 Mat Troi Vang Dalat Hotel bao gồm Hồ Xuân Hương, Quảng trường Lâm Viên và Biệt thự Hằng Nga (Ngôi nhà điên). Sân bay gần nhất là sân bay Liên Khương, cách chỗ nghỉ 23 km.",8.1
3732,Nha Trang Beach - 3 bedrooms Seaview Apartments,Nha Trang,"Nằm cách Bãi biển Hòn Chồng 50 m, Nha Trang Beach - 3 bedrooms Seaview Apartments có chỗ nghỉ với nhà hàng, sảnh khách chung và lễ tân 24 giờ để tạo thuận tiện cho khách. Chỗ nghỉ này cung cấp miễn phí WiFi và chỗ đỗ xe riêng trong khuôn viên. Chỗ nghỉ được bố trí máy điều hòa, khu vực bếp nấu ăn đầy đủ tiện nghi với khu vực ăn uống, TV màn hình phẳng và phòng tắm riêng đi kèm bồn tắm, dép đi trong phòng cùng máy sấy tóc. Căn hộ có khu vực bãi biển riêng, sân chơi cho trẻ em và sân hiên tắm nắng, tạo thuận tiện cho khách. Bãi biển Nha Trang nằm trong bán kính 2 km từ Nha Trang Beach - 3 bedrooms Seaview Apartments trong khi Hòn Chồng cách chỗ nghỉ 500 m. Sân bay gần nhất là sân bay quốc tế Cam Ranh, cách đó 30 km, và chỗ nghỉ cung cấp dịch vụ đưa đón sân bay với một khoản phụ phí.",4.0
3735,Nana 2 Homestay,Huế,"Tọa lạc tại thành phố Huế với Chợ Đông Ba và Cầu Tràng Tiền gần đó, Nana 2 Homestay cung cấp chỗ nghỉ với WiFi miễn phí và chỗ đỗ xe riêng miễn phí. Mỗi căn tại đây đều được trang bị máy điều hòa, TV màn hình phẳng, minibar và phòng tắm riêng với vòi sen. Các điểm tham quan nổi tiếng gần homestay bao gồm Chùa Chiêu Ứng, Bảo tàng Cổ vật Cung đình Huế và Quốc tự Diệu Đế. Sân bay gần nhất là sân bay Phú Bài, cách Nana 2 Homestay 14 km.",6.2
3738,HỒNG HẢI 2 HOTEL,Vũng Tàu,"Chỗ nghỉ này nằm trong bán kính khoảng 3,3 km từ Bạch Dinh, 5 km từ Ngọn hải đăng Vũng Tàu và 8 km từ Khu du lịch sinh thái Hồ Mây. Khách sạn có hồ bơi trong nhà, lễ tân 24 giờ và WiFi miễn phí. Phòng nghỉ tại HỒNG HẢI 2 HOTEL được trang bị ấm đun nước, máy điều hòa và TV màn hình phẳng. Mỗi phòng đều có phòng tắm riêng với vòi sen, dép và máy sấy tóc.  Các điểm tham quan nổi tiếng gần chỗ nghỉ bao gồm Bãi Trước, Tượng Chúa Kitô Vua và Mũi Nghinh Phong. Sân bay gần nhất là sân bay quốc tế Tân Sơn Nhất, cách HỒNG HẢI 2 HOTEL 108 km.",5.5
3739,Trung Huynh Bungalow,Phú Quốc,"Nằm trên đảo Phú Quốc, cách Bãi Dài 300 m, Trung Huynh Bungalow cung cấp chỗ nghỉ với quầy bar, chỗ đỗ xe riêng miễn phí, vườn và sân hiên. Khách sạn này nằm trong bán kính 3,1 km từ Chùa Sùng Hưng, 25 km từ Sòng bạc Corona và 25 km từ công viên giải trí Vinpearl Land Phú Quốc. Chỗ nghỉ cung cấp dịch vụ lễ tân 24 giờ, dịch vụ đưa đón sân bay, dịch vụ phòng và WiFi miễn phí. Phòng nghỉ tại khách sạn được trang bị máy điều hòa, TV truyền hình cáp màn hình phẳng, tủ lạnh, ấm đun nước, chậu rửa vệ sinh (bidet), máy sấy tóc và bàn làm việc. Các phòng còn có tầm nhìn ra vườn và phòng tắm riêng đi kèm vòi sen cùng đồ vệ sinh cá nhân miễn phí. Tại Trung Huynh Bungalow, các phòng được bố trí khu vực ghế ngồi. Khách lưu trú tại chỗ nghỉ có thể tham gia các hoạt động trong và xung quanh đảo Phú Quốc, như đạp xe. Trung Huynh Bungalow nằm cách Bảo tàng Cội Nguồn 300 m và Chợ đêm Phú Quốc 3,2 km. Sân bay gần nhất là sân bay quốc tế Phú Quốc, cách khách sạn 3 km.",7.6
3742,Cherry Garden Homestay,Hội An,"Tọa lạc tại thành phố Hội An, Cherry Garden Homestay cung cấp chỗ ở với sân trong hoặc ban công, Wi-Fi miễn phí, TV màn hình phẳng, xe đạp cho khách sử dụng miễn phí và khu vườn. Mỗi chỗ nghỉ tại đây được bố trí phòng tắm riêng với chậu rửa vệ sinh (bidet), máy sấy tóc và đồ vệ sinh cá nhân miễn phí. Khách nghỉ tại homestay này có thể thưởng thức bữa sáng à la carte. Cherry Garden Homestay còn có sân hiên. Chỗ nghỉ cung cấp cả dịch vụ cho thuê xe đạp lẫn xe hơi trong khi du khách có thể đạp xe ở khu vực gần đó. Các điểm tham quan nổi tiếng gần Maison Hai Homestay bao gồm Hội quán Triều Châu, Bảo tàng Lịch sử Hội An và Chùa Cầu Nhật Bản. Sân bay gần nhất là sân bay quốc tế Đà Nẵng, cách đó 24 km.",6.7
3750,Nam Thiên - Homestay,Đà Lạt,"Nằm cách Quảng trường Lâm Viên 2,3 km, Nam Thiên - Homestay có chỗ nghỉ với sảnh khách chung, khu vườn và lễ tân 24 giờ để tạo thuận tiện cho khách. Nhà nghỉ B&B này cung cấp miễn phí cả WiFi lẫn chỗ đỗ xe riêng. Tất cả các căn tại đây đều được trang bị lò vi sóng, tủ lạnh, ấm đun nước, lò nướng và máy pha cà phê. Một số căn có TV truyền hình vệ tinh màn hình phẳng, khu vực bếp ăn đầy đủ tiện nghi với máy rửa bát và phòng tắm riêng đi kèm vòi xịt/chậu rửa vệ sinh cùng dép đi trong phòng. Nam Thiên - Homestay có sân hiên. Chỗ nghỉ cung cấp cả dịch vụ cho thuê xe đạp lẫn xe hơi. Hồ Xuân Hương và Công viên Yersin đều nằm trong bán kính 2,5 km từ Nam Thiên - Homestay. Sân bay gần nhất là sân bay Liên Khương, cách nhà nghỉ B&B này 21 km, và chỗ nghỉ cung cấp dịch vụ đưa đón sân bay với một khoản phụ phí.",6.8
3751,Hanh Nhung Villa,Hội An,"Nằm cách Hội quán Triều Châu 1,8 km, Hanh Nhung Villa có xe đạp cho khách sử dụng miễn phí, hồ bơi ngoài trời cũng như chỗ nghỉ gắn máy điều hòa với ban công và WiFi miễn phí. Tất cả phòng nghỉ tại đây đều có khu vực ghế ngồi, TV truyền hình cáp màn hình phẳng và phòng tắm riêng với máy sấy tóc, chậu rửa vệ sinh (bidet) cùng vòi sen. Tủ lạnh và ấm đun nước cũng được trang bị sẵn. Biệt thự phục vụ bữa sáng kiểu lục địa hoặc bữa sáng à la carte. Hanh Nhung Villa có sân hiên. Du khách cũng có thể thư giãn trong vườn hoặc tại khu vực tiếp khách chung. Chỗ nghỉ nằm cách Bảo tàng Lịch sử Hội An 2 km và Chùa Cầu Nhật Bản 2,7 km. Sân bay gần nhất là sân bay quốc tế Đà Nẵng, nằm trong bán kính 24 km từ Hanh Nhung Villa.",8.6
3753,Nalicas Nha Trang Hotel,Nha Trang,"Khách sạn 4 sao này có WiFi miễn phí, dịch vụ tiền sảnh và bàn đặt tour. Chỗ nghỉ cung cấp dịch vụ lễ tân 24 giờ, dịch vụ phòng và dịch vụ thu đổi ngoại tệ cho khách. Phòng nghỉ gắn máy điều hòa tại Nalicas Nha Trang Hotel có bàn làm việc, ấm đun nước, minibar, két an toàn, TV màn hình phẳng và phòng tắm riêng với vòi sen. Các phòng được trang bị ga trải giường và khăn tắm. Nơi đây cung cấp chỗ nghỉ 4 sao với hồ bơi trong nhà và sân hiên. Các điểm tham quan nổi tiếng gần Nalicas Nha Trang Hotel bao gồm Bãi biển Nha Trang, Viện Hải dương học và quán Sailing Club. Sân bay gần nhất là sân bay quốc tế Cam Ranh, cách khách sạn 34 km, và chỗ nghỉ cung cấp dịch vụ đưa đón sân bay với một khoản phụ phí.",6.8
3765,Rosetta Hotel Danang,Đà Nẵng,"Tọa lạc tại thành phố Đà Nẵng, cách Bãi biển Mỹ Khê 400 m, Rosetta Hotel Danang cung cấp chỗ nghỉ với nhà hàng, chỗ đỗ xe riêng miễn phí, sảnh khách chung và sân hiên. Khách sạn 3 sao này có dịch vụ concierge và bàn đặt tour. Chỗ nghỉ cung cấp dịch vụ lễ tân 24 giờ, dịch vụ đưa đón sân bay, dịch vụ phòng và Wi-Fi miễn phí trong toàn bộ khuôn viên. Khách sạn cách Bãi biển Bắc Mỹ An 2,9 km và Cầu Sông Hàn 1,8 km. Sân bay gần nhất là sân bay quốc tế Đà Nẵng, cách Rosetta Hotel Danang 6 km.",6.9
3770,Indochine Ben Thanh Hotel & Apartments,TP. Hồ Chí Minh,"Nằm ở thành phố Hồ Chí Minh, Indochine Ben Thanh Hotel & Apartments có sân hiên và quầy bar. Khách sạn tọa lạc gần một số điểm tham quan nổi tiếng, trong bán kính 200 m từ trung tâm thương mại Takashimaya Việt Nam và khoảng 200 m từ Chợ Bến Thành. Tất cả phòng nghỉ tại đây đều có TV truyền hình vệ tinh màn hình phẳng. Các phòng nghỉ tại khách sạn có ấm đun nước, phòng tắm riêng và vòi sen, trong khi một số phòng có ban công. Các phòng còn đi kèm máy điều hòa và bàn. Indochine Ben Thanh Hotel & Apartments cách Đền Bà Ấn 500 m và Bảo tàng Thành phố Hồ Chí Minh 500 m. Sân bay quốc tế Tân Sơn Nhất cách đó 13 km.",6.0
3773,GEM Hotel,Nha Trang,"Nằm ở góc đường Trần Phú và Nguyễn Bỉnh Khiêm, GEM Hotel cung cấp các chỗ ở 3 sao tại thành phố Nha Trang. Quý khách có thể dùng bữa tại nhà hàng trong khuôn viên hoặc nhâm nhi đồ uống tại quầy bar trên tầng mái trong lúc ngắm nhìn toàn cảnh. Khách sạn nằm ở vị trí thuận tiện trong bán kính 50 m từ Bãi biển Nha Trang, 500 m từ Bảo tàng Alexandre Yersin và Chợ Đầm. Sân bay gần nhất là Sân bay Quốc tế Cam Ranh, cách đó 28 km. Dịch vụ vận chuyển và đưa đón sân bay được cung cấp với một khoản phụ phí. Mỗi phòng theo phong cách hiện đại tại đây đều được trang bị truyền hình cáp. Một số phòng còn có khu vực tiếp khách để khách có thể thư giãn. Một số nhìn ra bãi biển, Sông Cái hoặc thành phố. Các phòng đi kèm phòng tắm riêng. Quý khách có thể đến quầy lễ tân 24 giờ để được cung cấp dịch vụ thu đổi ngoại tệ, sắp xếp tour du lịch, đặt vé cũng như trợ giúp đặc biệt. Khách sạn có cửa hàng quà tặng và cung cấp dịch vụ cho thuê xe đạp cho những khách muốn khám phá khu vực xung quanh.",5.8
3783,Pavilion Hotel,Đà Nẵng,"Nằm tại khu Bãi biển Mỹ Khê của thành phố Đà Nẵng, Pavilion Hotel cung cấp phòng nghỉ hiện đại đi kèm WiFi miễn phí. Khách sạn có hồ bơi ngoài trời, tiện nghi BBQ, nhà hàng trong khuôn viên và quầy bar. Du khách có thể sử dụng chỗ đỗ xe riêng miễn phí trong khuôn viên. Mỗi phòng nghỉ tại đây đều được bố trí máy điều hòa, truyền hình vệ tinh màn hình phẳng và minibar. Một số phòng còn có khu vực ghế ngồi để tạo thuận tiện cho khách. Phòng tắm riêng đi kèm tiện nghi vòi sen, dép đi trong phòng và đồ vệ sinh cá nhân miễn phí. Du khách có thể tích cực rèn luyện sức khỏe tại phòng tập thể dục hoặc ngâm mình trong hồ bơi. Khách sạn có quầy lễ tân làm việc suốt 24 giờ giúp khách thu xếp phòng giữ hành lý. Pavilion Hotel nằm cách Cầu tàu Tình yêu 1 km và Bảo tàng Chăm 1,7 km. Sân bay gần nhất là sân bay quốc tế Đà Nẵng, nằm trong bán kính 5 km từ Pavilion Hotel.",6.9
3786,"InterContinental Nha Trang, an IHG Hotel",Nha Trang,"Khách sạn cung cấp Wi-Fi miễn phí ở tất cả các khu vực. Các phòng và suite máy lạnh sang trọng tại đây có lối trang trí với tông màu đất, đồ nội thất bằng gỗ, ban công, khu vực tiếp khách, minibar và truyền hình vệ tinh màn hình phẳng. Phòng tắm riêng lát đá cẩm thạch đi kèm bồn tắm, vòi sen riêng biệt và áo choàng tắm. Tiện nghi pha trà/cà phê miễn phí cũng được cung cấp hàng ngày. InterContinental Nha Trang cung cấp vô số các thiết bị và tiện nghi cho khách. Tại Cookbook Café, quý khách có thể trải nghiệm thực đơn ăn uống kiểu gọi món cả ngày, tiệc tự chọn buổi tối và thậm chí bữa tối dưới ánh nến với nhiều loại hải sản địa phương. Spa InterContinental cung cấp các liệu pháp hiện đại và truyền thống, trong khi trung tâm thể dục có 3 hồ bơi ngoài trời. Quý khách cũng có thể thưởng thức cocktail tại Lobby Bar hoặc Aqualine Bar. InterContinental Nha Trang nằm trong bán kính 1 km từ khu vực bãi biển Nha Trang, 2 km từ Ga tàu Nha Trang và 28 km từ Sân bay Nha Trang.",8.1
3790,Zen Hoian Villa,Hội An,"Tọa lạc tại thành phố Hội An, cách Chùa Cầu Nhật Bản chưa đầy 1 km, Zen Hoian Villa cung cấp chỗ nghỉ với nhà hàng, chỗ đậu xe riêng miễn phí, hồ bơi ngoài trời và sảnh khách chung. Chỗ nghỉ này có dịch vụ phòng, sân chơi cho trẻ em, quầy lễ tân 24 giờ, dịch vụ đưa đón sân bay, bếp chung và WiFi miễn phí trong toàn bộ khuôn viên. Các phòng nghỉ tại đây được trang bị máy điều hòa, truyền hình vệ tinh màn hình phẳng, tủ lạnh, ấm đun nước, chậu rửa vệ sinh (bidet), máy sấy tóc và bàn làm việc. Các phòng cũng có tầm nhìn ra hồ và phòng tắm riêng với vòi sen cùng đồ vệ sinh cá nhân miễn phí. Mỗi phòng của Zen Hoian Villa đều được bố trí khu vực ghế ngồi. Chỗ nghỉ phục vụ bữa sáng à la carte. Zen Hoian Villa có sân hiên tắm nắng. Đi bộ đường dài và đạp xe là các hoạt động được yêu thích trong khu vực. Du khách có thể thuê xe máy tại khách sạn. Các điểm tham quan nổi tiếng gần Zen Hoian Villa bao gồm Hội quán Quảng Đông, Bảo tàng lịch sử Hội An và Hội quán Triều Châu. Sân bay gần nhất là sân bay quốc tế Đà Nẵng, nằm trong bán kính 28 km từ chỗ nghỉ.",6.8
3793,Sena home 3*3*Near Danang Dragon bridge*Han river,Đà Nẵng,"Tọa lạc tại thành phố Đà Nẵng, cách Bãi biển Mỹ Khê 1,6 km và Cầu tàu Tình yêu 400 m, Sena home 3*3*Near Danang Dragon bridge*Han river cung cấp chỗ nghỉ với WiFi miễn phí, máy điều hòa, khu vườn cũng như sân hiên. Chỗ nghỉ này nằm trong bán kính 1 km từ Bảo tàng Chăm và có dịch vụ phòng. Homestay này được trang bị truyền hình vệ tinh màn hình phẳng. Để thêm phần thuận tiện cho du khách, chỗ nghỉ có thể cung cấp khăn tắm và ga trải giường với một khoản phụ phí. Homestay này cũng cho thuê xe hơi. Cầu Sông Hàn và Trung tâm thương mại Indochina Riverside đều nằm trong bán kính 2,2 km từ Sena home 3*3*Near Danang Dragon bridge*Han river. Sân bay gần nhất là sân bay quốc tế Đà Nẵng, cách chỗ nghỉ 4 km.",8.9
3796,HANZ Bao Hoang Hotel,Đà Lạt,"Nằm cách Quảng trường Lâm Viên 700 m, HANZ Bao Hoang Hotel cung cấp chỗ nghỉ với khu vườn, sân hiên và lễ tân 24 giờ để tạo thuận tiện cho du khách. Chỗ nghỉ này có WiFi miễn phí trong toàn bộ khuôn viên. Căn hộ được bố trí khu vực ghế ngồi với TV màn hình phẳng và phòng tắm riêng đi kèm dép đi trong phòng, máy sấy tóc cùng vòi sen. Để thêm phần thuận tiện cho khách, chỗ nghỉ có thể cung cấp khăn tắm và ga trải giường với một khoản phụ phí. HANZ Bao Hoang Hotel cung cấp cả dịch vụ cho thuê xe đạp lẫn xe hơi. Trong số các điểm tham quan nổi tiếng gần chỗ nghỉ có Công viên Yersin, Hồ Xuân Hương và Biệt thự Hằng Nga (Ngôi nhà điên). Sân bay gần nhất là sân bay Liên Khương, nằm trong bán kính 22 km từ HANZ Bao Hoang Hotel, và chỗ nghỉ cung cấp dịch vụ đưa đón sân bay với một khoản phụ phí.",6.0
3803,Motel Thân Thiện 2,Vũng Tàu,"Chỗ nghỉ này nằm cách các điểm tham quan như Mũi Nghinh Phong, Bến tàu Cao tốc và trung tâm thương mại Lam Sơn square một quãng ngắn. Nhà khách cung cấp các phòng gia đình. Mỗi phòng nghỉ tại nhà khách đều được trang bị máy điều hòa và TV màn hình phẳng. Một số phòng có ban công. Trong số các điểm tham quan nổi tiếng gần Motel Thân Thiện 2 có Bãi Trước, Ngọn hải đăng Vũng Tàu và Tượng Chúa Kitô Vua. Sân bay gần nhất là sân bay quốc tế Tân Sơn Nhất, nằm trong bán kính 108 km từ chỗ nghỉ.",9.3
3804,Splendid Pearlight Hanoi,Hà Nội,"Tọa lạc tại vị trí lý tưởng ở quận Hoàn Kiếm, thành phố Hà Nội, Splendid Pearlight Hanoi nằm cách trung tâm thương mại Tràng Tiền Plaza và Nhà Thờ Lớn chưa đến 1 km cũng như cách Nhà hát múa rối nước Thăng Long 10 phút đi bộ. Trong số các tiện nghi của khách sạn này có nhà hàng, lễ tân 24 giờ, dịch vụ phòng và WiFi miễn phí. Khách sạn cung cấp các phòng gia đình. Tất cả các phòng nghỉ tại đây đều được trang bị TV màn hình phẳng với các kênh truyền hình vệ tinh, minibar, ấm đun nước, vòi sen, áo choàng tắm và bàn làm việc. Các phòng đi kèm két an toàn, một số phòng còn có ban công và các phòng khác nhìn ra quang cảnh thành phố. Tủ để quần áo cũng được cung cấp. Khách sạn phục vụ bữa sáng buffet và bữa sáng à la carte hàng ngày. Splendid Pearlight Hanoi có sân hiên. Đi xe đạp là hoạt động phổ biến trong khu vực và du khách cũng có thể thuê xe máy/xe hơi tại chỗ nghỉ. Splendid Pearlight Hanoi có trung tâm dịch vụ doanh nhân và các máy bán đồ uống cùng đồ ăn nhẹ trong khuôn viên. Các điểm tham quan nổi tiếng gần khách sạn bao gồm Hồ Hoàn Kiếm, Nhà Hát Lớn và Chợ Đồng Xuân. Sân bay gần nhất là sân bay quốc tế Nội Bài cách 26 km từ Splendid Pearlight Hanoi và chỗ nghỉ cung cấp dịch vụ đưa đón sân bay với một khoản phụ phí.",7.3
3805,Hanumia Homestay,Phú Quốc,"Mỗi chỗ ở tại đây đều có ban công, bếp đầy đủ tiện nghi với lò vi sóng, lò sưởi, khu vực ghế ngồi, TV màn hình phẳng, máy giặt và phòng tắm riêng đi kèm vòi sen cùng máy sấy tóc. Tủ lạnh và ấm đun nước cũng được trang bị trong phòng. Homestay này còn có sân hiên. Hanumia Homestay cho thuê cả xe hơi. Chỗ nghỉ cách sòng bạc Corona Casino và công viên giải trí Vinpearl Land Phú Quốc 14 km.",7.2
3809,KHÁCH SẠN DU LỊCH 4 SAO - HỒ BƠI VÔ CỰC CAO NHẤT VŨNG TÀU.,Vũng Tàu,"! Để tiết kiệm tại chỗ nghỉ này, bạn chỉ cần đăng nhập. KHÁCH SẠN DU LỊCH 4 SAO - HỒ BƠI VÔ CỰC CAO NHẤT VŨNG TÀU nằm cách Bãi Sau chưa đến 1 km. Tại đây cung cấp chỗ nghỉ với xe đạp miễn phí, quầy bar và quầy lễ tân 24 giờ để tạo sự thuận tiện cho du khách. Chỗ nghỉ này cung cấp chỗ đỗ xe riêng ngay trong khuôn viên. Tất cả các căn gắn máy điều hòa tại đây đều được bố trí phòng tắm riêng, phòng khách, TV màn hình phẳng, bếp đầy đủ tiện nghi và ban công. Căn hộ có sân chơi cho trẻ em. Du khách cũng có thể thư giãn trong khu vườn, bên cạnh hồ bơi trong nhà, trên sân hiên tắm nắng hay tại khu vực tiếp khách chung. KHÁCH SẠN DU LỊCH 4 SAO - HỒ BƠI VŨNG CỰC CAO NHẤT VŨNG TÀU cách Khu du lịch văn hóa sinh thái Hồ Mây 3,7 km và Bạch Dinh 4,1 km. Sân bay gần nhất là sân bay Vũng Tàu, nằm cách chỗ nghỉ 4 km.",10.0
3813,The Palmy Phu Quoc Resort & Spa,Phú Quốc,"Nằm trên đảo Phú Quốc, cách Bãi Dài 100 m, The Palmy Phu Quoc Resort & Spa cung cấp chỗ nghỉ với nhà hàng, chỗ đỗ xe riêng miễn phí, hồ bơi ngoài trời và trung tâm thể dục. Trong số nhiều tiện nghi của resort này còn có quán bar, sảnh khách chung và khu vườn. Chỗ nghỉ cung cấp dịch vụ lễ tân 24 giờ, dịch vụ phòng và dịch vụ thu đổi ngoại tệ cho khách. WiFi được cung cấp miễn phí cho tất cả các khách trong khi một số phòng còn có ban công. Resort phục vụ bữa sáng buffet và bữa sáng à la carte hàng ngày. The Palmy Phu Quoc Resort & Spa cung cấp chỗ nghỉ 4 sao có hồ bơi trong nhà và sân chơi cho trẻ em. Du khách có thể chơi bida tại chỗ nghỉ và đi xe đạp là hoạt động được ưa chuộng trong khu vực. Chùa Sùng Hưng nằm trong bán kính 3,9 km từ The Palmy Phu Quoc Resort & Spa trong khi Sòng bạc Corona cách đó 25 km.",6.7
3815,Tây Tiến Bungalow,Phú Quốc,"Nằm trên đảo Phú Quốc, cách Bãi Sao 1,9 km, Tây Tiến Bungalow cung cấp chỗ nghỉ với hồ bơi ngoài trời, chỗ đỗ xe riêng miễn phí, sảnh khách chung và khu vườn. Trong số các tiện nghi của chỗ nghỉ này có bếp chung, dịch vụ phòng và WiFi miễn phí trong toàn bộ khuôn viên. Nhà khách cung cấp các phòng gia đình. Tại nhà khách, mỗi phòng đều có máy điều hòa, bàn làm việc, sân trong với tầm nhìn ra vườn, TV màn hình phẳng, phòng tắm riêng, ga trải giường và khăn tắm. Các phòng tại Tây Tiến Bungalow được trang bị ấm đun nước và khu vực ghế ngồi. Một số phòng được bố trí khu vực bếp ăn với lò nướng, bếp nấu và máy nướng bánh mỳ.  Chỗ nghỉ có sân hiên tắm nắng. Bãi Khem nằm trong bán kính 2,5 km từ Tây Tiến Bungalow trong khi Bãi Dài cách đó 3 km.",7.7
3819,Le Robinet Homestay,Huế,"Nằm ở thành phố Huế, cách Tử Cấm Thành chưa đến 1 km, Le Robinet Homestay cung cấp chỗ nghỉ với quầy bar, chỗ đỗ xe riêng miễn phí, sảnh khách chung và vườn. Khách sạn 2 sao này còn có bếp chung, dịch vụ phòng và WiFi miễn phí. Khách sạn cung cấp các phòng gia đình. Phòng nghỉ tại Le Robinet Homestay được trang bị ấm đun nước, ga trải giường, khăn tắm và phòng tắm riêng với vòi sen cùng dép. Một số phòng còn được bố trí khu vực ghế ngồi.  Le Robinet Homestay có sân chơi cho trẻ em. Các điểm tham quan nổi tiếng gần khách sạn bao gồm Bảo tàng cổ vật cung đình Huế, Hoàng Thành và Lầu Ngũ Phụng. Sân bay gần nhất là sân bay Phú Bài, cách Le Robinet Homestay 17 km, và chỗ nghỉ cung cấp dịch vụ đưa đón sân bay với một khoản phụ phí.",8.1
3832,Hoa Phong Hotel,Đà Nẵng,"Trong số các tiện nghi của chỗ nghỉ này có bàn đặt tour, phòng giữ hành lý và WiFi miễn phí trong toàn bộ khuôn viên. Nơi đây cung cấp dịch vụ lễ tân 24 giờ, dịch vụ phòng và dịch vụ thu đổi ngoại tệ cho khách. Tất cả phòng nghỉ tại đây được trang bị máy điều hòa, TV truyền hình cáp màn hình phẳng, ấm đun nước, vòi sen, dép và bàn làm việc. Mỗi phòng đều có phòng tắm riêng, máy sấy tóc và ga trải giường. Trung tâm thương mại Indochina Riverside và Cầu Sông Hàn đều nằm trong bán kính 3,1 km từ khách sạn. Sân bay gần nhất là sân bay quốc tế Đà Nẵng, cách Hoa Phong Hotel 5 km, và chỗ nghỉ cung cấp dịch vụ đưa đón sân bay với một khoản phụ phí.",7.0
3849,khách sạn Bình An,Hà Nội,"Chỗ nghỉ này nằm trong bán kính khoảng 19 km từ Đền Quán Thánh, 20 km từ Chợ Đồng Xuân và 20 km từ Ô Quan Chưởng. Chỗ nghỉ có thể bố trí chỗ đỗ xe riêng cho khách với một khoản phụ phí. Tất cả phòng nghỉ tại khách sạn đều có sân hiên. Nhân viên tại quầy lễ tân 24 giờ của khách sạn Bình An sẵn sàng cung cấp thông tin cho khách. Lăng Chủ tịch Hồ Chí Minh và Bảo tàng Dân tộc học Việt Nam đều nằm cách chỗ nghỉ 20 km. Sân bay gần nhất là sân bay quốc tế Nội Bài, cách khách sạn Bình An 4 km.",8.0
3860,The Friday homestay - City Centre,TP. Hồ Chí Minh,"Tọa lạc tại Thành phố Hồ Chí Minh, The Friday homestay - City Centre có tầm nhìn ra quang cảnh thành phố và Wi-Fi miễn phí, nằm cách Bảo tàng Mỹ thuật 1,3 km và Chợ ẩm thực đường phố Bến Thành 1,6 km. Mỗi căn tại đây đều được bố trí phòng tắm riêng với vòi sen, máy điều hòa, TV màn hình phẳng và tủ lạnh. Một số căn có khu vực ăn uống và/hoặc ban công. Căn hộ nằm cách trung tâm thương mại Takashimaya Việt Nam và Công viên Tao Đàn 1,8 km. Sân bay gần nhất là sân bay quốc tế Tân Sơn Nhất, cách The Friday homestay - City Centre 13 km.",7.8
3865,2BR Balcony Best SEA VIEW - CITY VIEW - OPTIONAL - High Floor - 1' to MY KHE Beach - Căn hộ 2PN Ban công view biển - view thành phố - nhiều loại phòng - Một phút đến biển - Tầng cao,Đà Nẵng,"Nằm cách Bãi biển Mỹ Khê 150 m, 2BR Balcony Best SEA VIEW - CITY VIEW - OPTIONAL - High Floor - 1' to MY KHE Beach - Căn hộ 2PN Ban công view biển - view thành phố - nhiều loại phòng - Một phút đến biển - Tầng cao cung cấp chỗ nghỉ với sảnh khách chung, sòng bạc và máy ATM để tạo thuận tiện cho khách. Chỗ nghỉ này có WiFi miễn phí. Tất cả các căn tại đây đều có máy điều hòa, TV màn hình phẳng, phòng khách với ghế sofa, bếp ăn đầy đủ tiện nghi với khu vực ăn uống và phòng tắm riêng đi kèm vòi sen, dép đi trong phòng cùng máy sấy tóc. Các căn còn được trang bị lò vi sóng, tủ lạnh và ấm đun nước. Căn hộ có sân chơi cho trẻ em. 2BR Balcony Best SEA VIEW - CITY VIEW - OPTIONAL - High Floor - 1' to MY KHE Beach - Căn hộ 2PN Ban công view biển - view thành phố - nhiều loại phòng - Một phút đến biển - Tầng cao cung cấp dịch vụ cho thuê xe hơi. Chỗ nghỉ nằm cách Bãi biển Bắc Mỹ An chưa đầy 1 km và Cầu khóa Tình yêu 2,9 km. Sân bay gần nhất là sân bay quốc tế Đà Nẵng, nằm trong bán kính 6 km từ 2BR Balcony Best SEA VIEW - CITY VIEW - OPTIONAL - High Floor - 1' to MY KHE Beach - Căn hộ 2PN Ban công view biển - view thành phố - nhiều loại phòng - Một phút đến biển - Tầng cao, và chỗ nghỉ cung cấp dịch vụ đưa đón sân bay với một khoản phụ phí.",7.8
3872,Dechiu,Hội An,"Tọa lạc tại thành phố Hội An, cách Bãi biển An Bàng 50 m, Dechiu cung cấp chỗ nghỉ bên bờ biển với nhiều tiện nghi như xe đạp cho khách sử dụng miễn phí, quầy bar và khu vườn. Chỗ nghỉ này có các phòng gia đình và sân hiên. Nơi đây cung cấp dịch vụ lễ tân 24 giờ, dịch vụ tiền sảnh và tổ chức các tour du lịch cho khách. Phòng nghỉ tại Dechiu được bố trí khu vực ghế ngồi, WiFi miễn phí và phòng tắm riêng với vòi xịt/chậu rửa vệ sinh cùng dép. Một số phòng còn có ban công. Tất cả các phòng đều được trang bị máy điều hòa và bàn làm việc. Khách nghỉ tại Dechiu có thể thưởng thức bữa sáng kiểu lục địa. Khách lưu trú tại khách sạn có thể tham gia các hoạt động trong và xung quanh thành phố Hội An, như đi bộ đường dài và đi xe đạp. Dechiu nằm cách Bãi biển Cửa Đại chưa đầy 1 km và Bãi biển Hà My 20 phút đi bộ. Sân bay gần nhất là sân bay quốc tế Đà Nẵng, nằm trong bán kính 25 km từ chỗ nghỉ.",7.8
3874,Nhà nghỉ Gia Tiến,Đà Lạt,"Nằm ở thành phố Đà Lạt, cách Quảng trường Lâm Viên 1,2 km, Nhà nghỉ Gia Tiến có tầm nhìn ra quang cảnh núi non, WiFi miễn phí và chỗ đỗ xe riêng miễn phí. Chỗ nghỉ được bố trí phòng tắm riêng đầy đủ tiện nghi với vòi sen và đồ vệ sinh cá nhân miễn phí. Các điểm tham quan nổi tiếng gần homestay này bao gồm Hồ Xuân Hương, Công viên Yersin và Biệt thự Hằng Nga (Ngôi nhà điên). Sân bay gần nhất là sân bay Liên Khương, nằm trong bán kính 22 km từ Nhà nghỉ Gia Tiến.",7.5
3876,Homestay Da Quy,Đà Lạt,"Homestay này cung cấp miễn phí cả WiFi lẫn chỗ đỗ xe riêng. Các căn tại đây có sàn lát gạch, khu vực bếp ăn đầy đủ tiện nghi với lò vi sóng, khu vực ăn uống, TV truyền hình cáp màn hình phẳng và phòng tắm riêng đi kèm vòi xịt/chậu rửa vệ sinh cùng dép đi trong phòng. Các căn còn được trang bị tủ lạnh, bếp nấu ăn và ấm đun nước. Homestay Da Quy có sân hiên. Chỗ nghỉ cho thuê xe đạp và xe hơi trong khi du khách có thể đạp xe ở khu vực gần đó. Homestay Da Quy nằm cách Hồ Xuân Hương 2,5 km và Công viên Yersin 2,6 km. Sân bay gần nhất là sân bay Liên Khương, nằm trong bán kính 30 km từ homestay, và chỗ nghỉ cung cấp dịch vụ đưa đón sân bay với một khoản phụ phí.",7.9
3878,Purple Place Homestay Phu Quoc,Phú Quốc,"Tọa lạc tại đảo Phú Quốc, Purple Place Homestay Phu Quoc có chỗ nghỉ, quầy bar, sảnh khách chung, khu vườn, tiện nghi BBQ, sân hiên và tầm nhìn ra khu vườn. Mỗi chỗ nghỉ đều có sân trong, bếp đầy đủ tiện nghi với tủ lạnh, khu vực ghế ngồi, TV màn hình phẳng, máy giặt và phòng tắm chung có vòi sen cùng máy sấy tóc. Để thêm phần thuận tiện cho du khách, chỗ nghỉ có thể cung cấp khăn tắm và ga trải giường với một khoản phụ phí. Homestay này phục vụ bữa sáng à la carte hoặc kiểu Mỹ. Purple Place Homestay Phu Quoc cung cấp dịch vụ cho thuê xe hơi. Chùa Sùng Hưng nằm trong bán kính 8 km từ chỗ nghỉ trong khi Sòng bạc Corona cách đó 24 km.",8.0
3889,Sunny Garden Homestay,Hội An,"Cách Hội quán Triều Châu 800 km, Sunny Garden Homestay cung cấp chỗ nghỉ, nhà hàng, xe máy miễn phí, sảnh khách chung và vườn. Homestay này cung cấp cả WiFi lẫn chỗ đỗ xe riêng miễn phí. Tất cả chỗ nghỉ tại đây đều được bố trí khu vực ghế ngồi, TV truyền hình vệ tinh màn hình phẳng cũng như phòng tắm riêng với máy sấy tóc, chậu rửa vệ sinh (bidet) và vòi sen. Để thêm phần thuận tiện cho du khách, chỗ nghỉ có thể cung cấp khăn tắm và ga trải giường với một khoản phụ phí. Sunny Garden Homestay cung cấp bữa sáng kiểu lục địa hoặc à la carte. Chỗ nghỉ có sân hiên. Sunny Garden Homestay cung cấp dịch vụ cho thuê xe đạp cũng như xe hơi. Du khách có thể đi xe đạp trong khu vực gần đó. Các điểm tham quan nổi tiếng gần homestay gồm có Bảo tàng Lịch sử Hội An, Hội quán Quảng Đông và Chùa Cầu Nhật Bản. Sân bay gần nhất là sân bay quốc tế Đà Nẵng, cách Sunny Garden Homestay 24 km, và chỗ nghỉ cung cấp dịch vụ đưa đón sân bay với một khoản phụ phí.",7.9
3891,Kim Xuan Bungalow,Phú Quốc,"Nằm ở thị trấn Dương Đông, cách Bảo tàng Cội Nguồn 900 m, 7S Kim Xuan Bungalow cung cấp các phòng lắp máy điều hòa và có Wi-Fi miễn phí ở các khu vực chung cũng như chỗ đỗ xe riêng miễn phí trong khuôn viên. Mỗi phòng nghỉ tại đây đều được trang bị TV màn hình phẳng và phòng tắm riêng với bồn tắm/vòi sen, chậu rửa vệ sinh (bidet) cùng dép. Một số phòng có khu vực ghế ngồi để khách có thể thư giãn sau một ngày bận rộn.  Chỗ nghỉ cung cấp dịch vụ đưa đón miễn phí. 7S Kim Xuan Bungalow cách Chùa Sư Muôn 1,4 km và Chợ đêm Phú Quốc 1,8 km. Sân bay gần nhất là sân bay quốc tế Phú Quốc, cách đó 10 km.",6.2
3892,Shining Riverside Hoi An Boutique & Spa,Hội An,"Tọa lạc tại thành phố Hội An, cách Hội quán Triều Châu chưa đầy 1,6 km, Shining Riverside Hoi An Boutique & Spa cung cấp chỗ nghỉ với nhà hàng, chỗ đỗ xe riêng miễn phí, hồ bơi ngoài trời mở cửa theo mùa và quán bar. Nằm trong bán kính 2,3 km từ Bảo tàng Lịch sử Hội An và 2,9 km từ Chùa Cầu Nhật Bản, khách sạn này có sảnh khách chung cũng như khu vườn. Nơi đây cung cấp dịch vụ lễ tân 24 giờ, dịch vụ phòng và dịch vụ thu đổi ngoại tệ cho khách. Tất cả phòng nghỉ tại khách sạn đều được trang bị bàn làm việc, máy điều hòa, két an toàn và TV màn hình phẳng. Khách nghỉ tại Shining Riverside Hoi An Boutique & Spa có thể thưởng thức bữa sáng kiểu lục địa hoặc bữa sáng buffet. Chỗ nghỉ có sân hiên tắm nắng. Khu vực này nổi tiếng với hoạt động đi xe đạp và du khách có thể thuê xe hơi tại Shining Riverside Hoi An Boutique & Spa. Sân golf Montgomerie Links và CLB chơi golf Montgomerie Links Vietnam đều nằm cách khách sạn 15 km. Sân bay gần nhất là sân bay quốc tế Đà Nẵng, nằm trong bán kính 30 km từ Shining Riverside Hoi An Boutique & Spa, và chỗ nghỉ cung cấp dịch vụ đưa đón sân bay với một khoản phụ phí.",8.8
3894,Nu Ni Homestay,Hội An,"Chỗ nghỉ này cung cấp WiFi miễn phí trong toàn bộ khuôn viên. Homestay có TV màn hình phẳng và phòng tắm riêng với dép đi trong phòng, máy sấy tóc cùng vòi sen. Các căn còn được trang bị tủ lạnh, minibar và ấm đun nước. Nu Ni Homestay có hồ bơi trong nhà. Chỗ nghỉ cung cấp cả dịch vụ cho thuê xe đạp lẫn xe hơi. Các điểm tham quan nổi tiếng gần Nu Ni Homestay bao gồm Chùa Cầu Nhật Bản, Hội quán Quảng Đông và Hội quán Triều Châu. Sân bay gần nhất là sân bay quốc tế Đà Nẵng, nằm trong bán kính 29 km từ homestay, và chỗ nghỉ cung cấp dịch vụ đưa đón sân bay với một khoản phụ phí.",7.6
3895,DYN OPERA Hotel,TP. Hồ Chí Minh,"Khách sạn này có nhà hàng và Wi-Fi miễn phí. Khách sạn nằm trong bán kính 10 phút đi bộ từ Chợ Bến Thành và 30 phút đi bộ từ Sân bay Quốc tế Tân Sơn Nhất. Phố đi bộ Nguyễn Huệ, Bảo tàng Chứng tích Chiến tranh và Dinh Thống Nhất đều nằm trong khoảng cách đi bộ từ chỗ nghỉ. Phòng nghỉ gắn máy điều hòa hiện đại tại đây được trang bị truyền hình vệ tinh màn hình phẳng và minibar. Phòng tắm riêng có máy sấy tóc cùng với tiện nghi vòi sen, bồn tắm hoặc bồn tắm spa. Nhà hàng tại đây phục vụ bữa sáng. Du khách có thể thưởng thức đồ uống chào đón và sử dụng minibar trong phòng miễn phí. Nhân viên dịch vụ của DYN OPERA HOTEL có thể hỗ trợ khách với dịch vụ giặt là, thu đổi ngoại tệ và sắp xếp tour du lịch. Dịch vụ đưa/đón sân bay cũng có thể được thu xếp với một khoản phí.",6.8
3896,HaLo HomeStay,Hội An,"Trong khuôn viên chỗ nghỉ có quầy bar và bãi đỗ xe riêng miễn phí. Mỗi phòng tại chỗ nghỉ nhà dân này đều được trang bị máy lạnh và TV truyền hình cáp màn hình phẳng. Một số phòng đi kèm khu vực tiếp khách để thư giãn. Quý khách có thể thưởng thức 1 tách trà trên ban công hoặc sân hiên của phòng mình. Mỗi phòng đều đi kèm phòng tắm riêng. Dép và đồ vệ sinh cá nhân miễn phí cũng được cung cấp nhằm mang lại sự thoải mái cho du khách. HaLo HomeStay có Wi-Fi miễn phí trong toàn bộ khuôn viên. Xe đạp được cung cấp miễn phí tại chỗ nghỉ này. Du khách có thể khám phá Phố Cổ Hội An cách đó 5 phút, các bãi biển An Bàng hoặc Cửa Đại hoặc Tre Que Horticulture Village, cách đó chưa đầy 20 phút đi xe đạp. HaLo HomeStay nằm cách Hội quán Quảng Châu Trung Quốc 1,6 km và Hội quán Phúc Kiến Trung Quốc 1,8 km. Sân bay gần nhất là Sân bay Quốc tế Đà Nẵng, nằm trong bán kính 21 km từ chỗ nghỉ này.",8.7
3901,Hong Gia Tue Apartment,Hà Nội,"Mỗi căn tại đây đều có khu vực bếp ăn với lò vi sóng cùng tủ lạnh, két an toàn, TV truyền hình vệ tinh màn hình phẳng, tiện nghi ủi, bàn làm việc và khu vực ghế ngồi đi kèm ghế sofa. Tất cả các căn được bố trí phòng tắm riêng với vòi xịt/chậu rửa vệ sinh, dép đi trong phòng, máy sấy tóc và đồ vệ sinh cá nhân miễn phí. Khách sạn căn hộ này có sân hiên. Du khách có thể thuê xe hơi tại Hong Gia Tue Apartment. Các điểm tham quan nổi tiếng gần chỗ nghỉ bao gồm Ô Quan Chưởng, Hoàng thành Thăng Long và Bảo tàng Mỹ thuật Việt Nam. Sân bay gần nhất là sân bay quốc tế Nội Bài, nằm trong bán kính 24 km từ Hong Gia Tue Apartment, và chỗ nghỉ cung cấp dịch vụ đưa đón sân bay với một khoản phụ phí.",8.0
3904,Vanda Phu Quoc Hotel,Phú Quốc,"Khách sạn cung cấp Wi-Fi miễn phí trong tất cả các khu vực và chỗ đỗ xe riêng miễn phí ngay tại khuôn viên. Với điểm nhấn là màu trắng và nâu của đồ nội thất bằng gỗ, tất cả các phòng nghỉ tại đây đều có máy điều hòa và cửa sổ đón nhiều ánh sáng tự nhiên. Trong phòng được trang bị tủ quần áo, TV truyền hình vệ tinh màn hình phẳng, tủ lạnh mini và ấm đun nước điện. Phòng tắm riêng đi kèm vòi sen, máy sấy tóc và đồ vệ sinh cá nhân miễn phí. Khách sạn có lễ tân 24 giờ, nơi nhân viên có thể giúp du khách giữ hành lý. Dịch vụ đưa đón sân bay có thể được thu xếp với một khoản phụ phí. Vanda Phu Quoc Hotel cách Bảo tàng Cội Nguồn 1,1 km và Chùa Sùng Hưng 1,5 km. Sân bay gần nhất là sân bay quốc tế Phú Quốc, nằm trong bán kính 4 km từ Vanda Phu Quoc Hotel.",6.7
3906,HoangLong Riverside Homestay,Hà Nội,"Khách sạn này có các phòng gia đình và sân hiên. Chỗ nghỉ cung cấp dịch vụ lễ tân 24 giờ và dịch vụ phòng cho khách. Phòng nghỉ tại HoangLong Riverside Homestay được bố trí khu vực ghế ngồi, bàn làm việc, TV màn hình phẳng và phòng tắm riêng. Chỗ nghỉ phục vụ bữa sáng tự chọn. Khách nghỉ tại HoangLong Riverside Homestay có thể tham gia các hoạt động trong và xung quanh tỉnh Ninh Bình, như đạp xe và câu cá. Khách sạn nằm cách thành phố Ninh Bình 7 km.",8.1
3907,Simone's Shophouse - Not a hotel,TP. Hồ Chí Minh,"Tọa lạc tại Thành phố Hồ Chí Minh, có vị trí nằm gần Bảo tàng Mỹ thuật, trung tâm thương mại Takashimaya Việt Nam và Chợ ẩm thực đường phố Bến Thành, Simone's Shophouse cung cấp WiFi miễn phí. Mỗi căn tại đây đều được bố trí phòng tắm riêng với vòi sen, máy điều hòa, TV màn hình phẳng và lò vi sóng. Một số căn được bố trí khu vực ghế ngồi và/hoặc sân trong. Các điểm tham quan nổi tiếng gần căn hộ bao gồm Chợ Bến Thành, Công viên Tao Đàn và Trụ sở UBND Thành phố Hồ Chí Minh. Sân bay gần nhất là Sân bay Quốc tế Tân Sơn Nhất, cách Simone's Shophouse 13 km.",7.8
3908,"The Sóng Apartment , Miễn phí hồ bơi vô cực , khu vui chơi trẻ em, Gần biển",Vũng Tàu,"Chỗ nghỉ này có chỗ đỗ xe riêng ngay trong khuôn viên. Tất cả các căn đều bố trí phòng tắm riêng, phòng khách, TV màn hình phẳng, bếp đầy đủ tiện nghi và sân hiên. Căn hộ nằm cách Bạch Dinh 3 km và Khu du lịch sinh thái và văn hóa Hồ Mây 3,2 km. Sân bay gần nhất là sân bay quốc tế Tân Sơn Nhất, cách The Sóng Apartment, Miễn phí hồ bơi vô cực, khu vui chơi trẻ em, Gần biển 71 km.",6.0
3912,Q's House Dalat,Đà Lạt,"Tọa lạc tại thành phố Đà Lạt, cách Quảng trường Lâm Viên 2,3 km và Hồ Xuân Hương 2,5 km, Q's House Dalat có chỗ nghỉ với sân hiên cũng như chỗ đỗ xe riêng miễn phí cho khách lái xe. Chỗ nghỉ này nằm trong bán kính 2,5 km từ Công viên Yersin, 3,5 km từ Vườn hoa Đà Lạt và 3,5 km từ Thiền viện Trúc Lâm. Nơi đây cung cấp dịch vụ lễ tân 24 giờ, dịch vụ đưa đón sân bay, dịch vụ phòng và WiFi miễn phí. Phòng nghỉ tại khách sạn được trang bị bàn làm việc, TV màn hình phẳng, phòng tắm riêng, tủ để quần áo và ấm đun nước. Khách lưu trú tại Q's House Dalat có thể tham gia các hoạt động trong và xung quanh thành phố Đà Lạt, như đi xe đạp. Chỗ nghỉ nằm cách Hồ Tuyền Lâm 3,6 km và Núi Lang Bian 9 km. Sân bay gần nhất là sân bay Liên Khương, nằm trong bán kính 21 km từ Q's House Dalat.",7.8
3917,Novotel Phu Quoc Resort,Phú Quốc,"Khách sạn có sân hiên và tầm nhìn ra hồ đồng thời du khách có thể dùng bữa tại nhà hàng. Một số phòng có khu vực ghế ngồi để khách thư giãn sau một ngày bận rộn trong khi một số phòng còn được bố trí sân hiên hoặc ban công. Novotel Phu Quoc Resort cung cấp Wi-Fi miễn phí. TV truyền hình vệ tinh màn hình phẳng cũng được trang bị trong phòng. Khách sạn bố trí dịch vụ đưa đón miễn phí trên nguyên tắc khách đến trước được phục vụ trước. Khách có thể chơi tennis và bóng bàn tại đây. Sân bay gần nhất là sân bay quốc tế Phú Quốc, cách khách sạn 7 km.",8.2
3919,Novotel Suites Hanoi,Hà Nội,"Chỗ nghỉ có hồ bơi ngoài trời phục vụ quanh năm, nhà hàng trong khuôn viên và quầy bar. Những khách đi cùng trẻ em có thể sử dụng khu vực sân chơi trong nhà và ngoài trời. WiFi miễn phí được cung cấp trong tất cả các phòng. Tòa nhà Keangnam Hanoi Landmark Tower, nơi có trung tâm mua sắm và rạp chiếu phim cách chỗ nghỉ 2,6 km (8 phút lái xe). Trung tâm thương mại Indochina Plaza Hanoi cách chỗ nghỉ 2 km. Chỗ nghỉ cách sân bay quốc tế Nội Bài 21 km. Novotel Suites Hanoi cung cấp dịch vụ đưa đón sân bay với một khoản phụ phí. Novotel Suites Hanoi có nhiều loại chỗ nghỉ, từ studio cho đến căn hộ 2 phòng ngủ. Tất cả các loại phòng đều được trang bị đầy đủ tiện nghi gồm bếp nhỏ và IPTV quốc tế. Quầy lễ tân 24 giờ của chỗ nghỉ có thể giúp khách đổi ngoại tệ, đặt vé và thu xếp tour tham quan. Trung tâm thể dục 24 giờ của khách sạn là nơi du khách có thể rèn luyện sức khỏe. Nhà hàng Food Exchange Restaurant phục vụ tiệc tự chọn quốc tế trong khi Gourmet Bar cung cấp các món ăn đặc trưng. Ngoài ra, du khách có thể chọn thư giãn tại Rooftop Bar.",8.2
3923,The Bloom Hanoi,Hà Nội,"Nằm ở thành phố Hà Nội, cách Bảo tàng Dân tộc học Việt Nam 2,3 km và trung tâm thương mại Vincom Center Nguyễn Chí Thanh 4,1 km, The Bloom Hanoi cung cấp chỗ nghỉ với WiFi miễn phí, máy điều hòa, nhà hàng và trung tâm thể dục. Mỗi căn tại đây đều có ghế sofa, khu vực ghế ngồi, TV truyền hình vệ tinh màn hình phẳng, bếp ăn đầy đủ tiện nghi với khu vực ăn uống, két an toàn và phòng tắm riêng đi kèm áo choàng tắm. Các căn còn được trang bị lò vi sóng, tủ lạnh, minibar và ấm đun nước. Khách sạn căn hộ này phục vụ bữa sáng kiểu lục địa hoặc bữa sáng à la carte. The Bloom Hanoi có sân hiên để khách thư giãn. Sân vận động Mỹ Đình nằm trong bán kính 4,4 km từ chỗ nghỉ trong khi Bảo tàng Mỹ thuật Việt Nam cách đó 6,4 km. Sân bay gần nhất là sân bay quốc tế Nội Bài, cách The Bloom Hanoi 25 km, và chỗ nghỉ cung cấp dịch vụ đưa đón sân bay với một khoản phụ phí.",7.9
3929,Nha Trang Seaview Penthouse Apartment,Nha Trang,"Tọa lạc tại thành phố Nha Trang, cách Bãi biển Nha Trang 100 m và Trung tâm Thuyền buồm Việt Nam 300 m, Nha Trang Seaview Penthouse Apartment cung cấp chỗ nghỉ với WiFi miễn phí, máy điều hòa, hồ bơi ngoài trời và sân hiên. Chỗ nghỉ này nằm trong bán kính 300 m từ quán Sailing Club và có tầm nhìn ra quang cảnh biển cũng như thành phố. Căn hộ được bố trí 2 phòng ngủ, 1 phòng tắm, ga trải giường, khăn tắm, TV truyền hình vệ tinh màn hình phẳng, khu vực ăn uống, bếp nhỏ đầy đủ tiện nghi và ban công nhìn ra vườn. Để thêm phần thuận tiện cho du khách, chỗ nghỉ có thể cung cấp khăn tắm và ga trải giường với một khoản phụ phí. Các điểm tham quan nổi tiếng gần căn hộ bao gồm Quảng trường 2/4, Tháp Trầm Hương và Trung tâm mua sắm Nha Trang Centre. Sân bay gần nhất là sân bay quốc tế Cam Ranh, cách Nha Trang Seaview Penthouse Apartment 37 km, và chỗ nghỉ cung cấp dịch vụ đưa đón sân bay với một khoản phụ phí.",6.6
3930,Citadines Bayfront Nha Trang,Nha Trang,"Tọa lạc tại trung tâm thành phố ven biển, Citadines Bayfront Nha Trang cung cấp phòng nghỉ trang nhã và hiện đại với máy điều hòa. Khách sạn căn hộ bên bờ biển này có nhà hàng trong khuôn viên, hồ bơi ngoài trời và hiên tắm nắng. Du khách có thể truy cập WiFi miễn phí ở tất cả các khu vực. Được trang trí với tông màu trung tính, tất cả phòng nghỉ không hút thuốc tại đây đều có tủ để quần áo và tiện nghi ủi. Các phòng rộng rãi còn được bố trí khu vực tiếp khách với ghế sofa và TV truyền hình vệ tinh màn hình phẳng. Một số phòng có bếp nhỏ đầy đủ tiện nghi với khu vực ăn uống hoặc máy giặt. Phòng tắm riêng đi kèm tiện nghi vòi sen, máy sấy tóc, đồ vệ sinh cá nhân miễn phí, dép đi trong phòng và khăn tắm. Citadines Bayfront Nha Trang có phòng tập thể dục đầy đủ trang thiết bị cũng như dịch vụ văn phòng với các phòng họp và hội nghị. Dịch vụ đưa đón sân bay có thể được thu xếp với một khoản phí. Citadines Bayfront Nha Trang nằm cách Quảng trường 2/4 chỉ vài bước chân trong khi Trung tâm mua sắm Nha Trang Centre cách đó 1 km. Nhà thờ Nha Trang và Bảo tàng Alexandre Yersin đều nằm trong bán kính 1,5 km từ chỗ nghỉ. Sân bay quốc tế Cam Ranh cách đó 26 km. Nhà hàng Vise Restaurant and Bar phục vụ bữa sáng buffet quốc tế với nhiều món ăn ngon miệng.",6.6
3933,Hang Masion Hotel & Apartment,Đà Nẵng,"Tọa lạc ở thành phố Đà Nẵng, Hang Masion Hotel & Apartment cung cấp chỗ nghỉ, nhà hàng, hồ bơi ngoài trời, quầy bar, sảnh khách chung, sân hiên và tầm nhìn ra khu vườn. Chỗ nghỉ này cung cấp WiFi miễn phí. Tất cả các căn tại đây đều được bố trí khu vực ghế ngồi, TV truyền hình cáp màn hình phẳng và phòng tắm riêng đi kèm dép đi trong phòng cùng vòi sen. Để thêm phần thuận tiện cho du khách, chỗ nghỉ có thể cung cấp khăn tắm và ga trải giường với một khoản phụ phí. Khách nghỉ tại căn hộ có thể thưởng thức bữa sáng à la carte hoặc bữa sáng kiểu Mỹ. Hang Masion Hotel & Apartment cung cấp dịch vụ cho thuê xe đạp trong khi du khách có thể đi bộ đường dài và đạp xe ở khu vực gần đó. Chỗ nghỉ nằm cách bãi biển Mỹ Khê 300 m và bãi biển Bắc Mỹ An 1,4 km. Sân bay gần nhất là sân bay quốc tế Đà Nẵng, nằm cách Hang Masion Hotel & Apartment 5 km.",6.8
3937,Rich Hotel,Đà Nẵng,"Tọa lạc tại vị trí tuyệt đẹp ở khu Bãi biển Mỹ Khê thuộc thành phố Đà Nẵng, Rich Hotel nằm cách Bãi biển Mỹ Khê 200 m, Cầu tàu Tình yêu 2,3 km và Cầu Sông Hàn 2,4 km. Trong số các tiện nghi của khách sạn này có lễ tân 24 giờ, dịch vụ phòng và WiFi miễn phí trong toàn bộ khuôn viên. Chỗ nghỉ còn có sảnh khách chung, bàn đặt tour và dịch vụ đặt vé cho khách. Phòng nghỉ tại khách sạn được bố trí khu vực ghế ngồi, TV màn hình phẳng với truyền hình cáp cùng phòng tắm riêng đi kèm máy sấy tóc và chậu rửa vệ sinh (bidet). Bàn làm việc và ấm đun nước cũng có sẵn trong phòng. Rich Hotel nằm cách Bảo tàng Chăm 2,9 km và Trung tâm thương mại Indochina Riverside 3 km. Sân bay gần nhất là sân bay quốc tế Đà Nẵng, cách đó 6 km.",7.5
3939,Lotte The Residence,Hà Nội,"Chỗ nghỉ này cung cấp WiFi miễn phí ở tất cả các khu vực và chỗ đỗ xe riêng trong khuôn viên. Một số căn tại đây được bố trí TV truyền hình vệ tinh, khu vực bếp ăn đầy đủ tiện nghi với lò vi sóng cũng như phòng tắm riêng đi kèm vòi sen và áo choàng tắm. Căn hộ phục vụ bữa sáng kiểu lục địa hoặc bữa sáng buffet. Tại Lotte The Residence, du khách có thể thoải mái sử dụng bể sục và phòng xông hơi khô. Du khách cũng có thể thư giãn trong vườn hoặc tại khu vực tiếp khách chung. Chỗ nghỉ nằm cách Bảo tàng Dân tộc học Việt Nam 2 km và Chùa Một Cột 2,8 km. Sân bay gần nhất là sân bay quốc tế Nội Bài, nằm trong bán kính 24 km từ Lotte The Residence.",6.0
3942,Olivia Hotel and Apartment,Nha Trang,"Nằm cách Bãi biển phía Nam 2,8 km, Olivia Hotel and Apartment có chỗ nghỉ, nhà hàng, quầy bar, sảnh khách chung và khu vườn. Căn hộ cung cấp miễn phí cả WiFi lẫn chỗ đỗ xe riêng. Chỗ ở tại đây có ban công, máy điều hòa, TV màn hình phẳng và phòng tắm riêng đi kèm bể sục cùng máy sấy tóc. Để thêm phần thuận tiện cho du khách, chỗ nghỉ có thể cung cấp khăn tắm và ga trải giường với một khoản phụ phí. Olivia Hotel and Apartment có bể sục. Chỗ nghỉ có sân hiên và du khách có thể đạp xe trong khu vực gần đó. Olivia Hotel and Apartment nằm trong bán kính 2,5 km từ Viện Hải dương học và 2,6 km từ Dinh Bảo Đại. Sân bay gần nhất là sân bay quốc tế Cam Ranh, cách căn hộ 23 km, và chỗ nghỉ cung cấp dịch vụ đưa đón sân bay với một khoản phụ phí.",8.0
3943,Evangeline House,Đà Lạt,"Nằm ở thành phố Đà Lạt, cách Quảng trường Lâm Viên 800 m, Dora Homestay cung cấp chỗ nghỉ với sảnh khách chung, WiFi miễn phí, bếp chung và phòng giữ hành lý. Chỗ nghỉ có ban công riêng. Homestay này được bố trí 3 phòng ngủ, 3 phòng tắm và TV màn hình phẳng. Khách nghỉ tại homestay này có thể đi bộ đường dài ở khu vực gần đó hoặc thư giãn trên sân hiên tắm nắng. Các điểm tham quan nổi tiếng gần Dora Homestay gồm có Hồ Xuân Hương, Công viên Yersin và Biệt thự Hằng Nga (Ngôi nhà điên). Sân bay gần nhất là sân bay Liên Khương, cách chỗ nghỉ 22 km.",7.7
3946,Len’s hostel,Đà Lạt,"Nằm ở thành phố Đà Lạt, cách Quảng trường Lâm Viên 3,2 km, Len’s hostel cung cấp dịch vụ nhận phòng/trả phòng cấp tốc và WiFi miễn phí trong toàn bộ khuôn viên. Nhà khách này có các phòng gia đình và sân hiên tắm nắng. Phòng nghỉ tại đây có ban công. Phòng nghỉ của nhà khách được trang bị lò vi sóng, lò nướng, ấm đun nước, vòi sen, máy sấy tóc và tủ để quần áo. Các phòng còn có bàn làm việc, TV và phòng tắm riêng. Len’s hostel cách Hồ Xuân Hương 3,4 km và Công viên Yersin Đà Lạt 3,5 km. Sân bay gần nhất là sân bay Liên Khương, cách đó 23 km.",8.4
3948,Mövenpick Resort Waverly Phu Quoc,Phú Quốc,"Chỗ nghỉ này có trung tâm thể dục, quầy bar và khu vườn. Nơi đây cung cấp dịch vụ lễ tân 24 giờ, dịch vụ phòng và dịch vụ thu đổi ngoại tệ cho khách. WiFi được cung cấp miễn phí cho tất cả các khách trong khi một số phòng có sân trong. Resort phục vụ bữa sáng buffet hoặc bữa sáng kiểu Mỹ. Mövenpick Resort Waverly Phu Quoc có sân hiên tắm nắng. Khu vực này nổi tiếng với hoạt động đi xe đạp và du khách cũng có thể thuê xe hơi tại chỗ nghỉ. Công viên giải trí Vinpearl Land Phú Quốc và Sòng bạc Corona đều nằm trong bán kính 12 km từ Mövenpick Resort Waverly Phu Quoc. Sân bay gần nhất là sân bay quốc tế Phú Quốc, cách resort 18 km, và chỗ nghỉ cung cấp dịch vụ đưa đón sân bay miễn phí.",7.5
3950,The Mansion Hoi An,Hội An,"Tọa lạc tại thành phố Hội An, The Mansion Hoi An cung cấp chỗ nghỉ với hồ bơi ngoài trời, Wi-Fi miễn phí, xe đạp miễn phí và quầy bar. Một số căn tại đây có ban công nhìn ra hồ bơi, TV màn hình phẳng với các truyền hình vệ tinh và máy điều hòa. Khách lưu trú tại nhà nghỉ B&B này có thể thưởng thức bữa sáng kiểu lục địa. The Mansion Hoi An cũng có sân hiên. Du khách cũng có thể thư giãn trong vườn hoặc tại khu vực tiếp khách chung. Chỗ nghỉ nằm gần các điểm tham quan nổi tiếng như Hội quán Triều Châu, Bảo tàng Lịch sử Hội An và Hội quán Hải Nam. Sân bay gần nhất là sân bay quốc tế Đà Nẵng, cách The Mansion Hoi An 29 km và chỗ nghỉ cung cấp dịch vụ đưa đón sân bay với một khoản phụ phí.",6.4
3951,Thanh Sang Guesthouse,Phú Quốc,"Homestay này có dịch vụ cho thuê xe hơi và khu vực bãi biển riêng. Các điểm tham quan nổi tiếng gần Thanh Sang Guesthouse gồm có Trung tâm Lặn Coco, Dinh Cậu và Chợ đêm Phú Quốc. Sân bay gần nhất là sân bay quốc tế Phú Quốc, nằm trong bán kính 6 km từ chỗ nghỉ.",6.7
3955,IAMSAIGON homestay,TP. Hồ Chí Minh,"Homestay này cung cấp chỗ nghỉ lắp máy điều hòa với sân trong. Homestay có khu vực bếp ăn nhỏ với lò vi sóng và tủ lạnh cũng như ấm đun nước. Homestay cung cấp khăn tắm và ga trải giường cho khách. Khách nghỉ tại homestay này có thể thưởng thức bữa sáng kiểu Á. IAMSAIGON homestay có sân hiên cho khách thư giãn. Chỗ nghỉ nằm cách Bảo tàng Lịch sử Việt Nam 3,5 km và trung tâm thương mại Diamond Plaza 4,1 km. Sân bay gần nhất là sân bay quốc tế Tân Sơn Nhất, nằm trong bán kính 10 km từ IAMSAIGON homestay.",8.3
3959,NGOC LAN HOMESTAY,Vũng Tàu,"Nằm cách Bãi Sau 2,3 km và Bạch Dinh 8 km, NGOC LAN HOMESTAY cung cấp chỗ nghỉ với WiFi miễn phí, máy điều hòa và TV màn hình phẳng. Các căn tại đây được bố trí phòng tắm riêng đầy đủ tiện nghi với vòi xịt/chậu rửa vệ sinh và đồ vệ sinh cá nhân miễn phí. Homestay có sân hiên. NGOC LAN HOMESTAY nằm trong bán kính 8 km từ Mũi Nghinh Phong và 9 km từ Tượng Chúa Kitô Vua. Sân bay gần nhất là sân bay quốc tế Tân Sơn Nhất, cách chỗ nghỉ 102 km.",7.2
3961,Van Mieu Hotel,Hà Nội,"Khách sạn cũng cung cấp Wi-Fi miễn phí ở tất cả các khu vực. Khách sạn Van Mieu tọa lạc tại một vị trí chiến lược, nằm trong bán kính 5 phút lái xe từ ga xe lửa Hà Nội cũng như Lăng Chủ tịch Hồ Chí Minh và Quảng trường Ba Đình. Hồ Hoàn Kiếm, Cầu Thê Húc và Đền Ngọc Sơn đều cách khách sạn 10 phút lái xe. Các phòng máy lạnh tại khách sạn có minibar, khu vực tiếp khách, truyền hình cáp cũng như phòng tắm riêng với tiện nghi vòi sen cùng đồ vệ sinh cá nhân miễn phí. Du khách nghỉ tại Van Mieu Hotel có thể đến quầy lễ tân 24 giờ để yêu cầu các dịch vụ giặt là/ủi và cho thuê xe hơi. Dịch vụ đưa đón sân bay cũng được cung cấp tại đây với một khoản phụ phí.",8.0
3963,An Bang Golden Beach Villa,Hội An,"Chỗ nghỉ này có WiFi miễn phí. Mỗi phòng nghỉ tại đây đều được trang bị máy điều hòa, TV màn hình phẳng, tủ lạnh và phòng tắm riêng với chậu rửa vệ sinh (bidet). Nhà nghỉ B&B này phục vụ bữa sáng tự chọn hoặc kiểu Á. An Bang Golden Beach Villa cũng có sân hiên. Khách nghỉ tại đây có thể đi xe đạp ở khu vực gần đó hoặc thư giãn trong khu vườn của chỗ nghỉ. An Bang Golden Beach Villa cách Bãi biển Hà My 350 m và Bãi biển Cửa Đại 2,4 km. Sân bay gần nhất là sân bay quốc tế Đà Nẵng, cách nhà nghỉ B&B này 24 km. Chỗ nghỉ cung cấp dịch vụ đưa đón sân bay có tính phí.",7.0
3967,Maison du Vietnam Resort & Spa,Phú Quốc,"Maison du Vietnam Resort & Spa nằm trên đảo Phú Quốc, cách Chùa Sùng Hưng 10 km và công viên giải trí Vinpearl Land Phú Quốc 26 km. Chỗ nghỉ này có nhà hàng, xe đạp cho khách sử dụng miễn phí, hồ bơi ngoài trời, quán bar, sảnh khách chung và khu vườn. Chỗ nghỉ cung cấp dịch vụ lễ tân 24 giờ, dịch vụ đưa đón sân bay, dịch vụ phòng và WiFi miễn phí. Tất cả phòng nghỉ tại Maison du Vietnam Resort & Spa được trang bị máy điều hòa, TV truyền hình cáp màn hình phẳng, tủ lạnh, ấm đun nước, vòi sen, dép và bàn làm việc. Một số phòng có két an toàn. Mỗi phòng đều được bố trí phòng tắm riêng, tủ để quần áo, ga trải giường và khăn tắm. Chỗ nghỉ phục vụ bữa sáng buffet hằng ngày. Maison du Vietnam Resort & Spa cung cấp chỗ nghỉ 4 sao với bồn nước nóng và sân chơi cho trẻ em. Khu vực này nổi tiếng với các hoạt động đi bộ đường dài và đi xe đạp trong khi du khách có thể thuê xe hơi tại resort. Maison du Vietnam Resort & Spa nằm trong bán kính 26 km từ Sòng bạc Corona và 9 km từ Chùa Sư Muôn. Sân bay gần nhất là sân bay quốc tế Phú Quốc, cách chỗ nghỉ 13 km.",7.2
3972,EVEREST HOTEL,Hà Nội,"Nằm ở thành phố Hà Nội, cách trung tâm thương mại Vincom Center Nguyễn Chí Thanh 4 km, EVEREST HOTEL có chỗ nghỉ với quầy bar, chỗ đỗ xe riêng miễn phí, sảnh khách chung và sân hiên. Khách sạn 3 sao này cung cấp dịch vụ phòng, dịch vụ tiền sảnh và WiFi miễn phí. Chỗ nghỉ có lễ tân 24 giờ, bếp chung và dịch vụ thu đổi ngoại tệ cho khách. Tất cả phòng nghỉ tại EVEREST HOTEL có máy điều hòa, khu vực ghế ngồi, TV truyền hình vệ tinh màn hình phẳng, két an toàn và phòng tắm riêng với vòi sen, dép cùng máy sấy tóc. Trong phòng được trang bị ga trải giường và khăn tắm. Bảo tàng Mỹ thuật Việt Nam và Văn Miếu - Quốc Tử Giám đều nằm trong bán kính 4,2 km từ chỗ nghỉ. Sân bay gần nhất là sân bay quốc tế Nội Bài, cách EVEREST HOTEL 29 km, và chỗ nghỉ cung cấp dịch vụ đưa đón sân bay với một khoản phụ phí.",7.0
3987,Lucas Inn,Đà Lạt,"Khách sạn 1 sao này có bàn đặt tour và phòng giữ hành lý. Chỗ nghỉ cung cấp dịch vụ lễ tân 24 giờ, dịch vụ đưa đón sân bay, bếp chung và WiFi miễn phí trong toàn bộ khuôn viên. Phòng nghỉ tại khách sạn được trang bị tủ để quần áo, TV màn hình phẳng, phòng tắm riêng, ga trải giường và khăn tắm. Các phòng được bố trí ấm đun nước và tủ lạnh. Một số phòng có sân trong trong khi các phòng còn lại nhìn ra khu vườn.  Đi xe đạp là hoạt động được ưa chuộng trong khu vực và du khách cũng có thể thuê xe đạp/xe hơi tại Lucas Inn. Các điểm tham quan nổi tiếng gần chỗ nghỉ gồm có Hồ Xuân Hương, Công viên Yersin và Biệt thự Hằng Nga. Sân bay gần nhất là sân bay Liên Khương, nằm trong bán kính 29 km từ Lucas Inn.",7.4
3990,Dan Hotel & Apartment,Đà Nẵng,"Nằm cách Bãi biển Mỹ Khê 200 m, Dan Hotel & Apartment cung cấp chỗ nghỉ với khu vườn, sân hiên và quầy lễ tân 24 giờ để tạo sự thuận tiện cho du khách. Chỗ nghỉ này cung cấp WiFi miễn phí. Một số căn tại đây được bố trí TV màn hình phẳng với các kênh truyền hình cáp, bếp đầy đủ tiện nghi với lò vi sóng và phòng tắm riêng đi kèm vòi xịt/chậu rửa vệ sinh cùng dép đi trong phòng. Căn hộ có cả bể sục. Dan Hotel & Apartment cung cấp dịch vụ cho thuê xe hơi. Chỗ nghỉ cách Bãi biển Bắc Mỹ An 550 m và Công viên Châu Á 2,3 km. Sân bay gần nhất là sân bay quốc tế Đà Nẵng, cách Dan Hotel & Apartment 5 km.",7.7
3996,Qhome,TP. Hồ Chí Minh,"Chỗ nghỉ có máy điều hòa, bếp đầy đủ tiện nghi với khu vực ăn uống, TV màn hình phẳng và phòng tắm riêng đi kèm vòi sen, dép đi trong phòng cùng máy sấy tóc. Các căn còn được trang bị lò vi sóng, tủ lạnh, bếp nấu ăn và ấm đun nước. Căn hộ có sân hiên. Các điểm tham quan nổi tiếng gần Qhome bao gồm Công viên Tao Đàn, Chợ Tân Định và Dinh Thống Nhất. Sân bay gần nhất là sân bay quốc tế Tân Sơn Nhất, cách chỗ nghỉ 5 km.",8.9
3999,Seana Hotel,Nha Trang,"Tọa lạc tại thành phố Nha Trang, cách Bãi biển Nha Trang 200 m, Seana Hotel cung cấp chỗ nghỉ với nhà hàng, chỗ đỗ xe riêng miễn phí, hồ bơi ngoài trời và trung tâm thể dục. Mỗi chỗ ở tại khách sạn 4 sao này đều có tầm nhìn ra quang cảnh thành phố và du khách có thể thưởng thức đồ uống chào đón miễn phí, thư giãn ở quầy bar cũng như sảnh khách chung. Khách sạn cung cấp dịch vụ lễ tân 24 giờ, dịch vụ phòng và dịch vụ thu đổi ngoại tệ cho khách. Tất cả phòng nghỉ tại đây đều được trang bị máy điều hòa, TV màn hình phẳng với truyền hình vệ tinh, tủ lạnh, ấm đun nước, chậu rửa vệ sinh (bidet), máy sấy tóc, bàn làm việc và khu vực ghế ngồi Các phòng cũng có WiFi miễn phí và phòng tắm riêng đi kèm vòi sen cùng đồ vệ sinh cá nhân miễn phí. Tại Seana Hotel, các phòng còn được bố trí khu vực ghế ngồi. Khách nghỉ tại khách sạn có thể thưởng thức bữa sáng kiểu Á. Seana Hotel có sân hiên. Trong số các địa danh nổi tiếng gần khách sạn có Trung tâm Thuyền buồm Việt Nam, quán Sailing Club và Quảng trường 2/4. Sân bay gần nhất là sân bay quốc tế Cam Ranh, cách đó 25 km, và Seana Hotel cung cấp dịch vụ đưa đón sân bay với một khoản phụ phí.",7.4
4004,Binh An hotel,Nha Trang,"Nằm tại trung tâm Thành phố Nha Trang, cách bãi biển công cộng Nha Trang và Phố Bãi biển Trần Phú nổi tiếng 150 m thuận tiện, Binh An hotel có lễ tân làm việc 24 giờ và truy cập Wi-Fi miễn phí trong toàn bộ khuôn viên. Phòng nghỉ gắn máy điều hòa có lối bài trí đơn giản tại đây được trang bị sàn lát gạch, tủ quần áo, TV truyền hình cáp, tủ lạnh mini, khu vực ghế ngồi cũng như phòng tắm riêng đi kèm máy sấy tóc, dép, tiện nghi vòi sen và đồ vệ sinh cá nhân miễn phí. Binh An hotel có bàn đặt tour giúp khách đặt các chuyến tham quan và sắp xếp việc đi lại. Dịch vụ thu đổi ngoại tệ, giặt là và cho thuê xe hơi được cung cấp theo yêu cầu. Chỗ đỗ xe miễn phí nằm ngay trong khuôn viên khách sạn. Tọa lạc trong khu Tây ba lô nổi tiếng trên Đường Hùng Vương, du khách có thể dễ dàng đến nhiều nhà hàng phục vụ ẩm thực địa phương và quốc tế. Khách sạn cách Chợ Đầm và ga Nha Trang chỉ 1,3 km, Tháp Bà Po Nagar nổi tiếng 3 km và sân bay quốc tế Cam Ranh khoảng 30 km.",7.3
4011,Vernal Home Boutique Villa,Đà Nẵng,"Tọa lạc tại thành phố Đà Nẵng, cách Bãi biển Bắc Mỹ An 650 m, Vernal Home Boutique Villa cung cấp chỗ nghỉ với nhà hàng, chỗ đỗ xe riêng miễn phí, quầy bar và khu vườn. Chỗ nghỉ này có hồ bơi trong nhà và dịch vụ cho thuê xe đạp. Nơi đây cung cấp dịch vụ lễ tân 24 giờ, dịch vụ phòng và dịch vụ thu đổi ngoại tệ cho khách. Phòng nghỉ tại khách sạn được trang bị máy điều hòa, TV truyền hình cáp màn hình phẳng, lò vi sóng, ấm đun nước, vòi sen, áo choàng tắm, bàn làm việc và két an toàn. Một số phòng có sân trong trong khi các phòng còn lại nhìn ra quang cảnh hồ nước. Mỗi phòng đều được trang bị ga trải giường và khăn tắm. Khách nghỉ tại Vernal Home Boutique Villa có thể thưởng thức bữa sáng à la carte. Chỗ nghỉ có sân hiên. Bãi biển Mỹ Khê nằm trong bán kính chưa đầy 1 km từ Vernal Home Boutique Villa trong khi Công viên Châu Á cách đó 1,8 km. Sân bay gần nhất là sân bay quốc tế Đà Nẵng, cách khách sạn 5 km, và chỗ nghỉ cung cấp dịch vụ đưa đón sân bay với một khoản phụ phí.",8.5
4022,The G.Hotel Hue,Huế,"Hotel Hue! Để tiết kiệm tại chỗ nghỉ này, bạn chỉ cần đăng nhập. Tọa lạc tại thành phố Huế, The G.Hotel cung cấp chỗ nghỉ cách Chợ Đông Ba chưa đầy 1 km và Cầu Tràng Tiền 13 phút đi bộ. Tất cả phòng nghỉ tại đây đều được trang bị máy điều hòa và TV màn hình phẳng. Nhà nghỉ B&B này phục vụ bữa sáng tự chọn. Chùa Chiêu Ứng nằm cách nhà nghỉ 1,3 km. Sân bay gần nhất là Sân bay Phú Bài, nằm trong bán kính 14 km từ The G.Hotel.",6.1
4027,Duy Tung Hotel Da Nang,Đà Nẵng,"Tọa lạc tại thành phố Đà Nẵng, cách Bãi biển Mỹ Khê 500 m, Duy Tung Hotel Da Nang cung cấp chỗ nghỉ với nhà hàng, chỗ đỗ xe riêng miễn phí và sảnh khách chung. Mỗi phòng nghỉ tại khách sạn 3 sao này đều có tầm nhìn ra quang cảnh thành phố và WiFi miễn phí. Chỗ nghỉ cũng cung cấp dịch vụ lễ tân 24 giờ, dịch vụ phòng và dịch vụ thu đổi ngoại tệ cho khách. Phòng nghỉ của khách sạn được trang bị máy điều hòa, truyền hình vệ tinh màn hình phẳng, ấm đun nước, vòi sen, máy sấy tóc và bàn làm việc. Ngoài ra, phòng còn có tủ để quần áo và phòng tắm riêng. Đi xe đạp là hoạt động được ưa chuộng trong khu vực và du khách cũng có thể thuê xe đạp/xe hơi tại Duy Tung Hotel Da Nang. Chỗ nghỉ nằm trong bán kính 1,6 km từ Cầu tàu Tình yêu và 2,3 km từ Bảo tàng Chăm. Sân bay gần nhất là sân bay quốc tế Đà Nẵng, cách Duy Tung Hotel Da Nang 5 km.",7.8
4030,Sevensea Vung Tau,Vũng Tàu,"Tọa lạc tại thành phố Vũng Tàu, nằm trong bán kính 200 m từ Bãi Sau và 1,5 km từ Tượng Chúa Ki-tô Vua, Sevensea Vung Tau cung cấp chỗ nghỉ với sân hiên cũng như chỗ đỗ xe riêng miễn phí cho khách lái xe. Chỗ nghỉ này nằm trong bán kính 1,6 km từ Mũi Nghinh Phong, 4,2 km từ Bạch Dinh và 6 km từ Ngọn Hải đăng Vũng Tàu. Chỗ nghỉ cung cấp dịch vụ lễ tân 24 giờ, dịch vụ đưa đón sân bay, dịch vụ phòng và WiFi miễn phí. Mỗi phòng nghỉ của khách sạn dành cho khách công tác kiểu Nhật này đều được trang bị bàn làm việc, TV và phòng tắm riêng. Các phòng còn có tủ để quần áo và ấm đun nước. Sevensea Vung Tau nằm cách Khu du lịch sinh thái Hồ Mây 7 km và trung tâm thương mại Lam Sơn square 3,3 km. Sân bay gần nhất là sân bay quốc tế Tân Sơn Nhất, cách chỗ nghỉ 72 km.",6.0
4031,The Pergola Design Hotel,Đà Nẵng,"Tọa lạc tại thành phố Đà Nẵng, cách Bãi biển Mỹ Khê 300 m và Cầu tàu Tình yêu 1,9 km, The Pergola Design Hotel cung cấp chỗ nghỉ với vườn và WiFi miễn phí cũng như chỗ đỗ xe riêng miễn phí cho khách lái xe. Chỗ nghỉ này có các phòng gia đình và sân hiên. Chỗ nghỉ cung cấp dịch vụ lễ tân 24 giờ, dịch vụ phòng và dịch vụ thu đổi ngoại tệ cho khách. Tất cả phòng nghỉ tại đây đều được trang bị máy điều hòa, truyền hình vệ tinh màn hình phẳng, tủ lạnh, ấm đun nước, vòi sen, máy sấy tóc và bàn. Các phòng còn có tủ để quần áo và phòng tắm riêng. Đi xe đạp là hoạt động được ưa chuộng trong khu vực trong khi The Pergola Design Hotel cũng cung cấp dịch vụ cho thuê xe máy. Chỗ nghỉ nằm cách Cầu Sông Hàn 2,5 km và Bảo tàng Chăm 2,6 km. Sân bay gần nhất là sân bay quốc tế Đà Nẵng, nằm trong bán kính 5 km từ The Pergola Design Hotel.",7.8
4034,Hoi An Fairy Garden Villa,Hội An,"Tọa lạc tại thành phố Hội An, Hoi An Fairy Garden Villa có WiFi miễn phí, xe đạp cho khách sử dụng miễn phí, hồ bơi ngoài trời và sảnh khách chung. Một số căn tại đây được bố trí phòng tắm riêng với bồn nước nóng, dép đi trong phòng, máy sấy tóc và đồ vệ sinh cá nhân miễn phí. Biệt thự có sân hiên. Khách nghỉ tại Hoi An Fairy Garden Villa có thể đi xe đạp ở khu vực gần đó hoặc thư giãn trong vườn. Chỗ nghỉ nằm cách Hội quán Triều Châu 2,4 km và Bảo tàng Lịch sử Hội An 2,8 km. Sân bay gần nhất là sân bay quốc tế Đà Nẵng, nằm trong bán kính 30 km từ Hoi An Fairy Garden Villa, và chỗ nghỉ cung cấp dịch vụ đưa đón sân bay với một khoản phụ phí.",8.2
4035,Praha Hotel,Phú Quốc,"Praha Hotel cung cấp chỗ ở tại xã Dương Tơ thuộc Đảo Phú Quốc và có hồ bơi ngoài trời, sân hiên cũng như Wi-Fi miễn phí. Du khách có thể tham gia các hoạt động câu cá và lặn ở khu vực xung quanh. Các phòng nghỉ máy lạnh tại đây có TV truyền hình cáp màn hình phẳng, két an toàn và khu vực tiếp khách. Phòng tắm được trang bị tiện nghi vòi sen, dép đi trong phòng và máy sấy tóc. Một số phòng nhìn ra quang cảnh biển hoặc hồ nước. Praha Hotel có quầy lễ tân phục vụ 24 giờ và chỗ để hành lý. Du khách sẽ tìm thấy dịch vụ đưa đón miễn phí tại khách sạn và bãi đỗ xe miễn phí ngay trong khuôn viên. Sân bay gần nhất là Sân bay Quốc tế Phú Quốc, cách đó 4 km.",6.3
4035,Praha Hotel,Vũng Tàu,"Khách sạn này nằm trong bán kính khoảng 1,5 km từ Bãi Dứa, 1,7 km từ Bãi Trước và 2,2 km từ Mũi Nghinh Phong. Chỗ nghỉ cung cấp dịch vụ lễ tân 24 giờ, dịch vụ đưa đón sân bay, dịch vụ phòng và WiFi miễn phí trong toàn bộ khuôn viên. Tất cả phòng nghỉ tại khách sạn được trang bị tủ để quần áo, ấm đun nước, TV màn hình phẳng, phòng tắm riêng, ga trải giường và khăn tắm. Praha Hotel cung cấp một số phòng nhìn ra quang cảnh thành phố. Mỗi phòng đều có khu vực ghế ngồi. Praha Hotel nằm trong bán kính 2,5 km từ Tượng Chúa Kitô Vua và 3,8 km từ Bạch Dinh. Sân bay gần nhất là sân bay quốc tế Tân Sơn Nhất, cách khách sạn 108 km.",7.3
4036,Sapa Jade Hill Resort & Spa,Sa Pa,"Tọa lạc tại thị trấn Sa Pa, Sapa Jade Hill Resort & Spa có nhà hàng, xe đạp miễn phí, quầy bar và khu vườn. Resort 4 sao này cũng có CLB trẻ em và dịch vụ concierge. Chỗ nghỉ cung cấp dịch vụ lễ tân 24 giờ, dịch vụ đưa đón, dịch vụ phòng và Wi-Fi miễn phí. Resort phục vụ bữa sáng buffet hoặc bữa sáng kiểu Á. Sapa Jade Hill Resort & Spa có sân chơi cho trẻ em. Khách lưu trú tại chỗ nghỉ có thể tham gia các hoạt động trong và xung quanh thị xã Sa Pa, như đạp xe. Sapa Jade Hill Resort & Spa nằm cách ga cáp treo Fansipan Legend 7,2 km và Hồ Sa Pa 2,9 km. Sân bay gần nhất là sân bay Điện Biên Phủ, cách resort 270 km.",6.3
4041,D&C Hotel,Đà Nẵng,"Nằm ở thành phố Đà Nẵng, D&C Hotel có nhà hàng, quán sky bar và WiFi miễn phí. Từ chỗ nghỉ này, du khách chỉ cần đi bộ 10 phút là đến Cầu Rồng. Khách sạn này nằm trong bán kính 1,3 km từ Bãi biển Phạm Văn Đồng và 2 km từ Bãi biển Mỹ Khê. Sân bay quốc tế Đà Nẵng nằm cách chỗ nghỉ 15 phút lái xe trong khi bán đảo Sơn Trà cách đó 10 km. Các phòng và suite tại đây được trang bị máy điều hòa, truyền hình cáp màn hình phẳng cũng như minibar. Phòng tắm riêng đi kèm tiện nghi vòi sen và đồ vệ sinh cá nhân. Nhà hàng trên sân thượng có tầm nhìn ra quang cảnh thành phố và phục vụ bữa sáng từ 07:00 đến 10:00. Du khách có thể thưởng thức cocktail và nước ngọt giải khát tại quán sky bar mở cửa từ 17:00 đến 00:00. Dịch vụ phòng cũng được cung cấp tại đây. Đội ngũ nhân viên lễ tân làm việc 24 giờ có thể hỗ trợ du khách với các dịch vụ giữ hành lý, giặt là và đặt vé. Du khách có thể thu xếp việc đi lại tại bàn đặt tour.",6.8
4042,Rocks Beach Boutique,Phú Quốc,"Nằm ở đảo Phú Quốc, cách Chùa Sùng Hưng 14 km, ""Rocks Beach Boutique Bungalows"" cung cấp chỗ nghỉ với nhà hàng, chỗ đỗ xe riêng miễn phí, quán bar và sảnh khách chung. Mỗi phòng nghỉ tại resort 3 sao này đều có tầm nhìn ra hồ bơi và du khách có thể thư giãn trong vườn cũng như trên sân hiên. Chỗ nghỉ cũng cung cấp dịch vụ phòng, dịch vụ concierge và dịch vụ thu đổi ngoại tệ cho khách. Phòng nghỉ của resort được trang bị máy điều hòa, truyền hình cáp, tủ lạnh, ấm đun nước, chậu rửa vệ sinh (bidet), đồ vệ sinh cá nhân miễn phí và bàn làm việc. Tất cả các phòng đều có phòng tắm riêng với vòi sen. ""Rocks Beach Boutique Bungalows"" phục vụ bữa sáng à la carte hoặc bữa sáng đầy đủ kiểu Anh/Ailen. Đi xe đạp và bơi xuồng là các hoạt động được ưa chuộng trong khu vực trong khi chỗ nghỉ cũng cung cấp dịch vụ cho thuê xe máy. Sòng bạc Corona và công viên giải trí Vinpearl Land Phú Quốc đều nằm trong bán kính 33 km từ ""Rocks Beach Boutique Bungalows"". Sân bay gần nhất là sân bay quốc tế Phú Quốc, cách resort 11 km, và chỗ nghỉ cung cấp dịch vụ đưa đón sân bay với một khoản phụ phí.",8.3
4053,Amor Fati homestay,Hà Nội,"Chỗ nghỉ này cung cấp WiFi miễn phí trong toàn bộ khuôn viên. Tất cả các căn tại đây được bố trí phòng tắm riêng với vòi xịt/chậu rửa vệ sinh, dép đi trong phòng, máy sấy tóc và đồ vệ sinh cá nhân miễn phí. Homestay cung cấp dịch vụ cho thuê xe hơi. Các điểm tham quan nổi tiếng gần Amor Fati homestay bao gồm Nhà Thờ Lớn, Chợ Đồng Xuân và Hồ Hoàn Kiếm. Sân bay gần nhất là sân bay quốc tế Nội Bài, cách đó 25 km, và chỗ nghỉ cung cấp dịch vụ đưa đón sân bay với một khoản phụ phí.",7.9
4063,Sofiana My Khe Hotel & Spa,Đà Nẵng,"Nằm tại thành phố Đà Nẵng, cách Bãi biển Mỹ Khê 150 m, Sofiana My Khe Hotel & Spa có hồ bơi ngoài trời, quán bar và tầm nhìn ra biển. Các tiện nghi của chỗ nghỉ bao gồm nhà hàng, dịch vụ lễ tân 24 giờ, dịch vụ phòng và WiFi miễn phí. Khách sạn cung cấp phòng gia đình. Tất cả phòng nghỉ tại khách sạn được trang bị máy điều hòa, TV màn hình phẳng với truyền hình cáp, ấm đun nước, bể sục, máy sấy tóc và bàn làm việc. Các phòng còn có tủ để quần áo. Khách sạn phục vụ bữa sáng tự chọn hoặc kiểu Mỹ. Sofiana My Khe Hotel & Spa còn có bể sục. Chỗ nghỉ nằm cách Cầu tàu Tình yêu 3,3 km. Sân bay gần nhất là sân bay quốc tế Đà Nẵng, nằm trong bán kính 6 km từ Sofiana My Khe Hotel & Spa, và chỗ nghỉ cung cấp dịch vụ đưa đón sân bay với một khoản phụ phí.",7.7
4066,Bungalow Sáng Tươi Mountains,Phú Quốc,"Chỗ nghỉ này có các phòng gia đình và sân hiên. Chỗ nghỉ cung cấp dịch vụ lễ tân 24 giờ, bàn đặt tour và dịch vụ thu đổi ngoại tệ cho khách. Tất cả phòng nghỉ tại nhà khách được trang bị máy điều hòa, TV truyền hình cáp màn hình phẳng, tủ lạnh, ấm đun nước, vòi sen, dép và bàn làm việc. Mỗi phòng đều có tủ để quần áo và phòng tắm riêng. Chùa Sùng Hưng nằm trong bán kính 3,3 km từ Bungalow Sáng Tươi Mountains trong khi Sòng bạc Corona cách đó 20 km.",7.7
4067,The Ocean Luxury Villas by Danatrip,Đà Nẵng,"Nằm ở khu bãi biển Non Nước của thành phố Đà Nẵng, cách làng Non Nước 4 km và Ngũ Hành Sơn 4,4 km, The Ocean Luxury Villas by Danatrip cung cấp tầm nhìn ra hồ, khu vực bãi biển riêng và Wi-Fi miễn phí. Mỗi căn hộ đều có khu vực ghế ngồi, TV màn hình phẳng, bếp đầy đủ tiện nghi với lò vi sóng, máy nướng bánh mỳ cũng như máy pha cà phê cùng ấm đun nước và phòng tắm riêng với đồ vệ sinh cá nhân miễn phí. Trong khuôn viên nơi này có nhà hàng phục vụ đủ loại món ăn Châu Á, Mỹ và Úc. Ngoài hồ bơi ngoài trời, biệt thự còn có sân chơi cho trẻ em. Công viên giải trí Châu Á Đà Nẵng cách The Ocean Luxury Villas by Danatrip 11 km. Sân bay gần nhất là sân bay quốc tế Đà Nẵng, cách đó 15 km.",7.2
4068,THE VIEW HOMESTAY HỘI AN,Hội An,"Nằm cách Bảo tàng Lịch sử Hội An 100 m, THE VIEW HOMESTAY HỘI AN có chỗ nghỉ với sảnh khách chung, khu vườn và lễ tân 24 giờ để tạo thuận tiện cho khách. Chỗ nghỉ này cung cấp WiFi miễn phí. Các căn tại đây có ban công, máy điều hòa, TV màn hình phẳng và phòng tắm riêng với vòi xịt/chậu rửa vệ sinh cùng dép đi trong phòng. Các căn còn được trang bị tủ lạnh, minibar và ấm đun nước. Homestay có sân hiên. Du khách có thể sử dụng hồ bơi trong nhà tại THE VIEW HOMESTAY HỘI AN. Chỗ nghỉ nằm gần các điểm tham quan nổi tiếng như Hội quán Quảng Đông, Chùa Cầu Nhật Bản và Hội quán Triều Châu. Sân bay gần nhất là sân bay quốc tế Đà Nẵng, nằm trong bán kính 23 km từ THE VIEW HOMESTAY HỘI AN.",8.0
4070,Dang's Hotel,Đà Nẵng,"Khách sạn này có các phòng gia đình và sân hiên. Nơi đây còn cung cấp dịch vụ lễ tân 24 giờ, dịch vụ phòng và dịch vụ thu đổi ngoại tệ cho khách. Phòng nghỉ tại khách sạn được trang bị tủ để quần áo, TV và phòng tắm riêng. Các điểm tham quan nổi tiếng gần Dang's Hotel bao gồm Cầu tàu Tình yêu, Bảo tàng Chăm và Cầu Sông Hàn. Sân bay gần nhất là sân bay quốc tế Đà Nẵng, cách đó 4 km, và chỗ nghỉ cung cấp dịch vụ đưa đón sân bay với một khoản phụ phí.",7.5
4072,Annie Homestay Núi Một,Nha Trang,"Chỗ nghỉ này có WiFi miễn phí và sân hiên. Một số căn tại đây được bố trí bếp với lò vi sóng, tủ lạnh và lò nướng. Các điểm tham quan nổi tiếng gần homestay này bao gồm Trung tâm mua sắm Nha Trang Centre, Quảng trường 2/4 và Tháp Trầm Hương. Sân bay gần nhất là sân bay quốc tế Cam Ranh, cách Annie Homestay Núi Một 37 km, và chỗ nghỉ cung cấp dịch vụ đưa đón sân bay với một khoản phụ phí.",7.0
4074,Cochin Sang Hotel,TP. Hồ Chí Minh,"Tọa lạc tại vị trí chiến lược ở Quận 1 thuộc Thành phố Hồ Chí Minh, Cochin Sang Hotel nằm trong bán kính chỉ 1 km đến hầu hết các điểm tham quan chính, bao gồm Chợ Bến Thành, Bảo tàng Mỹ Thuật, trung tâm thương mại Takashimaya Việt Nam, Bưu điện Trung tâm Sài Gòn và Dinh Thống Nhất. Khách sạn cung cấp phòng nghỉ lắp máy điều hòa với WiFi miễn phí và bữa sáng buffet hàng ngày tại nhà hàng ngay trong khuôn viên. Được trang bị đồ nội thất kiểu cổ điển bằng gỗ tối màu, phòng nghỉ lắp máy điều hòa tại đây có tiện nghi pha trà/cà phê và két an toàn. Một số phòng đi kèm TV truyền hình cáp màn hình phẳng. Khách sạn có bàn đặt tour và lễ tân 24 giờ. Chỗ nghỉ cũng có thể cho thuê xe hơi và thu đổi ngoại tệ cho khách. Sân bay gần nhất là sân bay quốc tế Tân Sơn Nhất, cách Cochin Sang Hotel 7 km.",7.7
4075,Aurora Beach House,Phú Quốc,"Chỗ nghỉ này nằm cách công viên giải trí Vinpearl Land Phú Quốc 27 km, Làng chài Hàm Ninh vài bước chân và Thác Suối Tranh 4,2 km. Phòng nghỉ gắn máy điều hòa tại đây nhìn ra quang cảnh biển và được trang bị tủ để quần áo cũng như WiFi miễn phí. Phòng nghỉ tại Aurora Beach House có ban công, bàn làm việc, TV màn hình phẳng và phòng tắm riêng. Thác Tranh nằm trong bán kính 4,3 km từ chỗ nghỉ trong khi Nhà tù Phú Quốc cách đó 7 km. Sân bay gần nhất là sân bay quốc tế Phú Quốc, cách Aurora Beach House 7 km, và chỗ nghỉ cung cấp dịch vụ đưa đón sân bay với một khoản phụ phí.",6.1
4078,Hello SaiGon Homestay,TP. Hồ Chí Minh,"Nằm ở Thành phố Hồ Chí Minh, cách Chợ Ẩm thực Đường phố Bến Thành 2,5 km, Hello SaiGon Homestay cung cấp chỗ nghỉ với sảnh khách chung, chỗ đỗ xe riêng miễn phí, vườn và tiện nghi BBQ. Trong số các tiện nghi của khách sạn này có lễ tân 24 giờ, bếp chung và Wi-Fi miễn phí trong toàn bộ khuôn viên. Chỗ nghỉ cung cấp dịch vụ phòng và phòng giữ hành lý cho khách. Phòng nghỉ tại đây được trang bị máy điều hòa, lò vi sóng, tủ lạnh, ấm đun nước, chậu rửa vệ sinh (bidet), máy sấy tóc và tủ quần áo. Phòng nghỉ cũng có bếp nấu. Nhà khách có sân hiên tắm nắng. Hello SaiGon Homestay cách Bảo tàng Chứng tích Chiến tranh và Công viên Tao Đàn 2,6 km. Sân bay gần nhất là sân bay quốc tế Tân Sơn Nhất, nằm trong bán kính 6,5 km từ chỗ nghỉ.",7.9
4080,Điện Biên,Vũng Tàu,"Chỗ nghỉ này có các phòng gia đình và sân hiên. Chỗ nghỉ cung cấp dịch vụ lễ tân 24 giờ, bếp chung và phòng giữ hành lý cho khách. Tất cả phòng nghỉ tại đây đều được trang bị máy điều hòa, TV truyền hình cáp màn hình phẳng, ấm đun nước, vòi xịt/chậu rửa vệ sinh, dép đi trong phòng và tủ để quần áo. Các phòng nghỉ có phòng tắm riêng, đồ vệ sinh cá nhân miễn phí và ga trải giường. Các điểm tham quan nổi tiếng gần khách sạn bao gồm Bãi Trước, Tượng Chúa Kitô Vua và Bến tàu Cánh ngầm. Sân bay gần nhất là sân bay quốc tế Tân Sơn Nhất, cách Điện Biên 109 km.",5.0
4085,An Gia,Đà Lạt,"An Gia cung cấp chỗ nghỉ tại một vị trí thuận tiện ở thành phố Đà Lạt, cách Quảng trường Lâm Viên, Hồ Xuân Hương và Biệt thự Hằng Nga (Ngôi nhà điên) một quãng ngắn. Chỗ nghỉ này có tầm nhìn ra quang cảnh thành phố, sảnh khách chung và WiFi miễn phí. Nhà nghỉ B&B này có TV màn hình phẳng và phòng tắm riêng với dép, máy sấy tóc cùng vòi sen. Một số căn có khu vực ăn uống và/hoặc ban công. An Gia cung cấp dịch vụ cho thuê xe hơi. Chỗ nghỉ nằm trong bán kính 2,1 km từ Công viên Yersin và 2,4 km từ Vườn hoa Đà Lạt. Sân bay gần nhất là sân bay Liên Khương, cách An Gia 46 km, và chỗ nghỉ cung cấp dịch vụ đưa đón sân bay với một khoản phụ phí.",8.9
4086,Tuyet Son Hotel (TS Ocean Hotel),Đà Nẵng,"Nằm trong bán kính 1,7 km từ Cầu Khóa Tình Yêu Đà Nẵng, Tuyet Son Hotel cung cấp các phòng nghỉ tại thành phố Đà Nẵng. Khách sạn có hồ bơi ngoài trời, nhà hàng cũng như quầy bar trong khuôn viên. Quý khách có thể sử dụng miễn phí Wi-Fi ở tất cả các khu vực và chỗ đỗ xe riêng tại đây. Mỗi phòng nghỉ tại khách sạn này đều được trang bị máy điều hòa và TV. Một số phòng có khu vực ghế ngồi để thư giãn. Tất cả các phòng còn đi kèm phòng tắm riêng. Dép, đồ vệ sinh cá nhân miễn phí và máy sấy tóc cũng được cung cấp để mang lại sự thoải mái cho khách. Quý khách có thể rèn luyện sức khỏe tại phòng tập thể dục. Tuyet Son Hotel có bàn đặt tour và lễ tân 24 giờ. Dịch vụ đưa/đón sân bay có thể được thu xếp với một khoản phụ phí. Tuyet Son Hotel cách Cầu Sông Hàn 2,2 km và cách trung tâm mua sắm Indochina Riverside Mall 2,3 km. Sân bay gần nhất là sân bay quốc tế Đà Nẵng, cách chỗ nghỉ 5 km. Nhà hàng Bachata phục vụ ăn uống cả ngày cung cấp thực đơn kiểu gọi món và tiệc tự chọn.",7.4
4087,Căn Hộ Melody Vũng Tàu - Tomorrow HomeStay,Vũng Tàu,"Tọa lạc tại thành phố Vũng Tàu, gần Bãi Sau, Bãi Dứa và Bãi Trước, Tomorrow HomeStay Melody Vũng Tàu có WiFi miễn phí và sân hiên. Một số căn tại đây được bố trí máy điều hòa cũng như ban công và/hoặc khu vực ghế ngồi đi kèm TV màn hình phẳng. Căn hộ nằm cách Tượng Chúa Kitô Vua 1,7 km và Mũi Nghinh Phong 2,2 km. Sân bay gần nhất là sân bay quốc tế Tân Sơn Nhất, nằm trong bán kính 108 km từ Tomorrow HomeStay Melody Vũng Tàu.",6.4
4089,Gia Vien Homestay,Hội An,"Tọa lạc ở thành phố Hội An, Gia Vien Homestay có tầm nhìn ra vườn, nhà hàng, lễ tân 24 giờ, bar thức ăn nhẹ, khu vườn và sân hiên. Homestay này cung cấp miễn phí cả WiFi lẫn chỗ đỗ xe riêng. Chỗ ở tại đây có ban công, máy điều hòa, TV màn hình phẳng và phòng tắm riêng với vòi sen cùng đồ vệ sinh cá nhân miễn phí. Gia Vien Homestay phục vụ bữa sáng à la carte hoặc bữa sáng kiểu Á. Du khách có thể thư giãn tại sảnh khách chung hoặc đi xe đạp ở khu vực gần đó. Các điểm tham quan nổi tiếng gần chỗ nghỉ bao gồm Bảo tàng Lịch sử Hội An, Chùa Cầu Nhật Bản và Hội quán Quảng Đông. Sân bay gần nhất là sân bay quốc tế Đà Nẵng, cách Gia Vien Homestay 22 km, và chỗ nghỉ cung cấp dịch vụ đưa đón sân bay với một khoản phụ phí.",8.7
4098,Thanh Nien Hotel - Vung Tau,Vũng Tàu,"Tọa lạc tại thành phố Vũng Tàu, cách Bãi Sau 350 m, Thanh Nien Hotel - Vung Tau cung cấp chỗ nghỉ với nhà hàng, chỗ đỗ xe riêng miễn phí, sảnh khách chung và khu vườn. Trong số các tiện nghi của chỗ nghỉ này có dịch vụ phòng, máy ATM và WiFi miễn phí trong toàn bộ khuôn viên. Chỗ nghỉ có lễ tân 24 giờ, bếp chung và dịch vụ thu đổi ngoại tệ cho khách. Phòng nghỉ tại khách sạn được trang bị ấm đun nước và két an toàn. Một số phòng có ban công trong khi các phòng còn lại nhìn ra biển. Thanh Nien Hotel - Vung Tau có sân chơi cho trẻ em. Đi bộ đường dài và đi xe đạp là các hoạt động được ưa chuộng trong khu vực trong khi du khách có thể thuê xe hơi tại chỗ nghỉ. Thanh Nien Hotel - Vung Tau nằm cách Bãi Dứa 1,4 km và Bãi Trước 1,6 km. Sân bay gần nhất là sân bay quốc tế Tân Sơn Nhất, nằm trong bán kính 109 km từ khách sạn, và chỗ nghỉ cung cấp dịch vụ đưa đón sân bay với một khoản phụ phí.",6.8
4101,Hoian Central Hotel,Hội An,"Tọa lạc tại thành phố Hội An, cách Hội quán Triều Châu 200 m, Hoian Central Hotel cung cấp chỗ nghỉ với nhà hàng, chỗ đỗ xe riêng miễn phí, xe đạp cho khách sử dụng miễn phí và hồ bơi ngoài trời. Trong số nhiều tiện nghi của chỗ nghỉ này có quầy bar, sảnh khách chung và khu vườn. Nơi đây cung cấp dịch vụ lễ tân 24 giờ, dịch vụ tiền sảnh và dịch vụ thu đổi ngoại tệ cho khách. Phòng nghỉ gắn máy điều hòa của khách sạn được bố trí bàn làm việc, ấm đun nước, minibar, két an toàn, TV màn hình phẳng và phòng tắm riêng với vòi xịt/chậu rửa vệ sinh. Tất cả các phòng đều được trang bị tủ để quần áo. Khách nghỉ tại Hoian Central Hotel có thể thưởng thức bữa sáng buffet hoặc bữa sáng kiểu Mỹ. Chỗ nghỉ có sân hiên. Hoian Central Hotel nằm cách Bảo tàng Lịch sử Hội An chưa đầy 1 km và Chùa Cầu Nhật Bản 11 phút đi bộ. Sân bay gần nhất là sân bay quốc tế Đà Nẵng, nằm trong bán kính 29 km từ khách sạn, và chỗ nghỉ cung cấp dịch vụ đưa đón sân bay với một khoản phụ phí.",7.7
4102,Aurora Hotel Dalat,Đà Lạt,"Tọa lạc tại thành phố Đà Lạt, cách Hồ Xuân Hương 2,3 km và Công viên Yersin 2,4 km, Aurora Hotel Dalat cung cấp chỗ nghỉ có sảnh khách chung, WiFi miễn phí cũng như chỗ đỗ xe riêng miễn phí cho khách lái xe. Chỗ nghỉ này nằm trong bán kính khoảng 2,6 km từ Quảng trường Lâm Viên, 4 km từ Vườn hoa Đà Lạt và 5 km từ Thiền viện Trúc Lâm. Chỗ nghỉ có lễ tân 24 giờ và có thể sắp xếp các tour du lịch cho khách. Phòng nghỉ tại khách sạn được trang bị bàn làm việc, TV màn hình phẳng, phòng tắm riêng, ga trải giường và khăn tắm. Tất cả các phòng đều có tủ để quần áo và ấm đun nước. Aurora Hotel Dalat nằm cách Hồ Tuyền Lâm 5 km và Núi Lang Bian 14 km. Sân bay gần nhất là sân bay Liên Khương, cách đó 27 km, và chỗ nghỉ cung cấp dịch vụ đưa đón sân bay với một khoản phụ phí.",6.2
4107,Pullman Phu Quoc Beach Resort,Phú Quốc,"Trong số nhiều tiện nghi của chỗ nghỉ này có quán bar, vườn và khu vực bãi biển riêng. Chỗ nghỉ cung cấp dịch vụ lễ tân 24 giờ, dịch vụ phòng và dịch vụ thu đổi ngoại tệ cho khách. Tất cả phòng nghỉ tại resort có máy điều hòa, khu vực ghế ngồi, TV truyền hình cáp màn hình phẳng, két an toàn cũng như phòng tắm riêng đi kèm vòi sen, áo choàng tắm và dép. Các phòng nghỉ tại đây được trang bị ấm đun nước, trong khi các phòng được chọn lọc cũng có ban công và các phòng khác còn cho tầm nhìn ra khu vườn. Tại Pullman Phu Quoc Beach Resort, các phòng được trang bị khăn trải giường và khăn tắm. Chỗ nghỉ phục vụ bữa sáng kiểu lục địa hoặc bữa sáng buffet. Pullman Phu Quoc Beach Resort có sân chơi cho trẻ em. Chùa Sùng Hưng nằm trong bán kính 14 km từ resort trong khi công viên giải trí Vinpearl Land Phú Quốc cách đó 35 km. Sân bay gần nhất là sân bay quốc tế Phú Quốc, cách Pullman Phu Quoc Beach Resort 15 km, và chỗ nghỉ cung cấp dịch vụ đưa đón sân bay miễn phí.",6.8
4108,Hai Yen Hotel,Hội An,"Đặc trưng với một hồ bơi tự nhiên ngoài trời và bãi đậu xe riêng miễn phí, khách sạn Hải Yến Hotel cung cấp chỗ nghỉ bình dân với Wi-Fi miễn phí và TV màn hình phẳng. Khách sạn tọa lạc trung tâm ở Thị trấn cổ Hội An. Khách sạn Hải Yến cách bãi biển Cửa Đại nổi tiếng 2.5km. Các phòng lớn được điều hòa không khí tại Hải Yến được trang bị với một ban công riêng và các khu vực chỗ ngồi. Các phòng được trang bị một két an toàn, bình điện đun nước và và truyền hình vệ tinh. Phòng tắm riêng có một bồn tắm, vật dụng tắm và một máy sấy tóc. Các nhân viên có mặt tại quầy lễ tân 24 giờ một ngày và có thể giúp thu xếp việc đi lại. Khách có thể mua quà tặng tại cửa hàng đồ lưu niệm. Khách sạn Hải Yến cung cấp dịch vụ đưa đón và trao đổi tiền tệ. Các món ăn địa phương, món ăn nhẹ và đồ uống được cung cấp tại nhà hàng của khách sạn Hải Yến.",6.6
4110,Coast House Boutique Hotel,Nha Trang,"Tọa lạc tại thành phố Nha Trang, cách Bãi biển Hòn Chồng 250 m, Coast House Boutique Hotel cung cấp chỗ nghỉ với trung tâm thể dục, chỗ đỗ xe riêng miễn phí, quầy bar và sân hiên. Khách sạn 3 sao này có dịch vụ phòng, bàn đặt tour, lễ tân 24 giờ, dịch vụ đưa đón sân bay, bếp chung và WiFi miễn phí trong toàn bộ khuôn viên. Tất cả phòng nghỉ tại Coast House Boutique Hotel có máy điều hòa, khu vực ghế ngồi, TV truyền hình vệ tinh màn hình phẳng, két an toàn, ấm đun nước và phòng tắm riêng với vòi sen, dép cùng máy sấy tóc. Một số phòng được bố trí khu vực bếp ăn với lò vi sóng, lò nướng và bếp nấu. Mỗi phòng đều được trang bị ga trải giường và khăn tắm. Chỗ nghỉ nằm cách Bãi biển Nha Trang 2,6 km và Hòn Chồng chưa đầy 1 km. Sân bay gần nhất là sân bay quốc tế Cam Ranh, nằm trong bán kính 30 km từ Coast House Boutique Hotel.",7.5
4116,Hotel Continental Saigon,TP. Hồ Chí Minh,"Khách sạn có 2 địa điểm ăn uống trong khuôn viên, trung tâm spa và phòng tập thể dục. Nằm cách Nhà hát Thành phố chỉ vài bước chân, Hotel Continental Saigon nằm trong bán kính 500 m từ Trụ sở ủy ban nhân dân thành phố Hồ Chí Minh, Bưu điện trung tâm và Nhà thờ Đức Bà. Sân bay quốc tế Tân Sơn Nhất cách đó 7 km. Với nội thất kiểu thuộc địa Pháp, tất cả phòng nghỉ rộng rãi đều có trần nhà cao cũng như tầm nhìn ngoạn mục ra quang cảnh thành phố và sân trong của khách sạn qua các cửa sổ kính. Chỗ nghỉ có Wi-Fi miễn phí, máy điều hòa, truyền hình cáp màn hình LCD, tủ lạnh mini, két an toàn và phòng tắm riêng đi kèm bồn tắm, vòi sen cùng đồ vệ sinh cá nhân miễn phí. Nhà hàng Le Bourgeois sang trọng phục vụ ăn uống cả ngày, có tầm nhìn ra Nhà hát Thành phố và cung cấp các món ăn kiểu Âu, đi kèm những giai điệu piano và violin du dương. Du khách có thể thưởng thức ẩm thực Việt chính thống tại nhà hàng Continental Palace. Quán La Dolce Vita Bar phục vụ cà phê Việt, trong khi quán La Dolce Vita café cung cấp đủ loại đồ uống. Nhân viên chuyên nghiệp tại bàn đặt tour và quầy lễ tân phục vụ 24 giờ sẵn sàng trợ giúp quý khách với dịch vụ thu đổi ngoại tệ, sắp xếp các chuyến đi trong ngày và cho thuê xe hơi. Hotel Continental Saigon còn có khu vườn, trung tâm dịch vụ doanh nhân và cửa hiệu trong khuôn viên.",5.6
4123,Lana Inn Phú Quốc,Phú Quốc,"Tọa lạc tại đảo Phú Quốc, cách Bãi tắm Vũng Bầu 2 km và Sòng bạc Corona chưa đầy 1 km, Lana Inn Phú Quốc cung cấp chỗ nghỉ với WiFi miễn phí, máy điều hòa, quầy bar và khu vực bãi biển riêng. Homestay được trang bị TV màn hình phẳng và phòng tắm riêng đi kèm máy sấy tóc, đồ vệ sinh cá nhân miễn phí cùng vòi sen. Một số căn có ban công và/hoặc sân hiên. Lana Inn Phú Quốc cung cấp dịch vụ cho thuê xe đạp và xe hơi. Chỗ nghỉ nằm cách công viên giải trí Vinpearl Land Phú Quốc 1,1 km và Chùa Sùng Hưng 16 km.",8.0
4126,Thanh Ha Guesthouse,TP. Hồ Chí Minh,"Nằm trong khu vực dành cho khách du lịch Tây Ba-lô, Thanh Ha Guesthouse có vị trí thuận tiện chỉ cách Chợ Bến Thành nổi tiếng 500 m. Nơi nghỉ này có quầy lễ tân 24 giờ và cung cấp truy cập Wi-Fi miễn phí trong toàn bộ khuôn viên. Nhà khách chỉ cách Nhà thờ Đức Bà và Dinh Thống Nhất 1,5 km. Từ nơi nghỉ này đến Ga Sài Gòn lái xe mất 25 phút trong khi Sân bay Quốc tế Tân Sơn Nhất cách đó 40 phút lái xe. Các phòng máy lạnh này có sàn lát gạch, tủ quần áo, truyền hình cáp màn hình phẳng và khu vực tiếp khách. Minibar và tủ lạnh cũng được trang bị trong phòng. Phòng tắm riêng đi kèm với dép, vòi sen và đồ vệ sinh cá nhân miễn phí. Thanh Ha Guesthouse có bàn đặt tour để hỗ trợ du khách bố trí các hoạt động tham quan cũng như sắp xếp việc đi lại. Dịch vụ giặt là được cung cấp theo yêu cầu. Dịch vụ đưa đón sân bay cũng có thể được bố trí với một khoản phí. Vô số nhà hàng, các quán cà phê và quán rượu cung cấp đặc sản địa phương và quốc tế đều nằm trong tầm bán kính đi bộ vài phút từ nơi nghỉ này.",7.2
4132,DLG Hotel Danang,Đà Nẵng,"DLG Hotel Danang có hồ bơi ngoài trời, nhà hàng trong khuôn viên và quán ăn tự phục vụ ngoài trời. Du khách có thể truy cập Wi-Fi miễn phí. Chỗ nghỉ nằm trong bán kính 1,9 km từ Cầu tàu Tình yêu và 2,6 km từ Bảo tàng Chăm cũng như Cầu Sông Hàn. Tất cả phòng nghỉ tại khách sạn có máy điều hòa, khu vực ghế ngồi, bàn làm việc và truyền hình vệ tinh màn hình phẳng. Mỗi phòng đều có phòng tắm riêng với bồn tắm, đồ vệ sinh cá nhân miễn phí và máy sấy tóc. Du khách có thể thưởng thức bữa sáng tự chọn hoặc kiểu Mỹ tại chỗ nghỉ. Trái cây chào đón được cung cấp trong tất cả các loại phòng cho tất cả khách lưu trú. Nhân viên lễ tân có thể tư vấn về khu vực để giúp du khách lên kế hoạch trong ngày. Chỗ nghỉ nằm cách Trung tâm thương mại Indochina Riverside 2,7 ​​km và Công viên Châu Á 2,8 km. Sân bay quốc tế Đà Nẵng cách đó 5 km.",6.7
4135,Karry's House,Đà Lạt,"Nằm ở thành phố Đà Lạt, cách Quảng trường Lâm Viên 2,6 km, Karry's House cung cấp chỗ nghỉ với sảnh khách chung, WiFi miễn phí, lễ tân 24 giờ và bếp chung. Căn hộ này có chỗ đỗ xe riêng miễn phí và dịch vụ phòng. Căn hộ có 5 phòng ngủ, phòng khách, TV màn hình phẳng, bếp đầy đủ tiện nghi với khu vực ăn uống và 3 phòng tắm đi kèm vòi sen cùng máy giặt. Căn hộ có tiện nghi BBQ. Du khách có thể thuê xe hơi tại Karry's House. Chỗ nghỉ nằm trong bán kính 2,8 km từ Hồ Xuân Hương và 2,9 km từ Công viên Yersin. Sân bay gần nhất là sân bay Liên Khương, cách Karry's House 21 km, và chỗ nghỉ cung cấp dịch vụ đưa đón sân bay với một khoản phụ phí.",7.3
4138,sunset beach house,Phú Quốc,"Nằm trên đảo Phú Quốc, chỉ cách Bãi Dài 2 km, sunset beach house cung cấp chỗ nghỉ với vườn, tiện nghi BBQ và dịch vụ phòng. Chỗ nghỉ hướng ra bãi biển này còn có sân trong, chỗ đỗ xe riêng miễn phí và WiFi miễn phí. Nhà nghỉ dưỡng này được bố trí 1 phòng ngủ, TV màn hình phẳng với truyền hình vệ tinh, bếp đi kèm vật dụng gồm tủ lạnh và bếp nấu, máy giặt cũng như 1 phòng tắm với chậu rửa vệ sinh (bidet). Du khách có thể thư giãn trên sân hiên của nhà nghỉ dưỡng. sunset beach house nằm cách Chùa Sùng Hưng 2,9 km và Sòng bạc Corona 20 km. Sân bay gần nhất là sân bay quốc tế Phú Quốc, nằm trong bán kính 8 km từ chỗ nghỉ.",8.0
4149,Dã Quỳ Home,Đà Lạt,"Chỗ nghỉ này có vườn và sân hiên. Quảng trường Lâm Viên nằm cách homestay này 2,3 km trong khi Hồ Xuân Hương cách đó 2,5 km. Sân bay gần nhất là sân bay Liên Khương, nằm trong bán kính 21 km từ Dã Quỳ Home.",6.8
4154,The Chi Boutique Hotel,Hà Nội,"The Chi Boutique Hotel có spa với các liệu pháp mát-xa thư giãn và cung cấp các phòng nghỉ trang nhã, đầy phong cách với Wi-Fi miễn phí toàn khuôn viên. Khách sạn nằm ở thành phố Hà Nội, trong bán kính chỉ 100 m từ Nhà thờ Lớn và 300 m từ Hồ Hoàn Kiếm nổi tiếng. Mỗi phòng tại The Chi Boutique Hotel đều được trang bị truyền hình cáp/vệ tinh màn hình phẳng, két an toàn, minibar và ấm đun nước điện. Một số phòng có khu vực tiếp khách để khách thư giãn. Phòng tắm riêng đi kèm dép, áo choàng tắm, máy sấy tóc và đồ vệ sinh cá nhân miễn phí. Nhân viên thân thiện tại lễ tân 24 giờ có thể trợ giúp khách với các dịch vụ để hành lý, giặt thường/giặt hấp cũng như thu xếp chương trình du lịch. Trung tâm dịch vụ doanh nhân và dịch vụ đưa đón sân bay cũng được cung cấp. Khách sạn có nhà hàng phục vụ các món ăn địa phương và quốc tế tuyển chọn ngon tuyệt. Đền Ngọc Sơn cách The Chi Boutique Hotel 400 m. Sân bay gần nhất là Sân bay Quốc tế Nội Bài, cách đó 21 km.",6.5
4158,ChienDe Homestay,Sa Pa,"Các phòng được trang bị bếp với khu vực phòng ăn và phòng tắm chung đi kèm máy sấy tóc cùng chậu rửa vệ sinh. Chỗ nghỉ cũng có lò nướng, bếp nấu và ấm đun nước. Chỗ nghỉ nhà dân này phục vụ bữa sáng gọi món và kiểu Mỹ hàng ngày. ChienDe Homestay có sân hiên. Sau một ngày đi xe đạp, lặn hoặc đi bộ đường dài, quý khách có thể thư giãn trong vườn hoặc khu vực tiếp khách chung. Trung tâm mua sắm Sun Plaza và Hồ Sa Pa nằm cách chỗ nghỉ lần lượt 2,2 km và 3 km.",7.8
4163,Bi's House Homestay,Hội An,"Bi's House Homestay tọa lạc tại Thành phố Hội An, cách Phố Cổ Hội An 1,1 km. Mỗi phòng tại chỗ nghỉ nhà dân này đều được trang bị máy lạnh, TV màn hình phẳng và ấm đun nước cũng như phòng tắm riêng với vòi sen. Dép đi trong phòng và máy sấy tóc được cung cấp để mang lại sự thoải mái cho khách. Bi's House Homestay có Wi-Fi miễn phí trong toàn khuôn viên. Chỗ nghỉ có lễ tân làm việc 24 giờ. Chỗ nghỉ nhà dân này cũng cung cấp xe đạp cho khách sử dụng miễn phí. Chùa Cầu Nhật Bản và Đền Cam Phổ đều cách Bi's House Homestay 1,3 km. Sân bay gần nhất là Sân bay Quốc tế Đà Nẵng, cách chỗ nghỉ 23 km.",7.8
4169,"InterContinental Hanoi Westlake, an IHG Hotel",Hà Nội,"Các phòng gắn điều hòa rộng rãi tại đây được trang trí theo kiểu Việt Nam hiện đại và có TV màn hình phẳng. Wi-Fi được cung cấp miễn phí trong các khu vực chung. InterContinental Hanoi Westlake cách sân bay quốc tế Nội Bài khoảng 22 km và các điểm tham quan như Nhà hát Múa rối Nước Thăng Long và Bảo tàng Mỹ thuật Việt Nam 4,7 km. Các phòng đầy phong cách tại đây có sàn gỗ, tủ lạnh mini và ban công riêng nhìn ra hồ bơi của khách sạn, Hồ Tây hoặc Thành phố Hà Nội. Phòng tắm riêng lớn được trang bị buồng tắm đứng và bồn tắm. CLB Chăm sóc Sức khỏe của khách sạn có trung tâm tập thể dục đầy đủ thiết bị cùng các lớp tập yoga và Pilates. Khách có thể tận hưởng các dịch vụ mát-xa thư giãn hoặc sắp xếp chuyến đi trong ngày tại bàn đặt tour. Trong khuôn viên khách sạn có 3 nhà hàng phục vụ bữa sáng hàng ngày, ẩm thực Việt Nam và món ăn Ý. Du khách có thể thưởng thức thức uống và rượu vang tại Sunset Bar hoặc Diplomat Lounge. Bánh mì, bánh qui và bánh ngọt tự chế biến mới cũng như tuyển chọn nhiều cà phê và trà có tại Le Gourmet.",6.1
4170,Xanh Lá Homestay Hội An,Hội An,"Nằm cách Hội quán Triều Châu 700 m, Xanh Lá Homestay Hội An có chỗ nghỉ với xe đạp cho khách sử dụng miễn phí, sảnh khách chung và lễ tân 24 giờ để tạo thuận tiện cho khách. Homestay này cung cấp cả WiFi lẫn chỗ đỗ xe riêng miễn phí. Một số căn tại đây có sân trong nhìn ra vườn, TV truyền hình cáp màn hình phẳng và máy điều hòa. Xanh Lá Homestay Hội An phục vụ bữa sáng kiểu Anh/Ailen hoặc kiểu Á. Du khách có thể thư giãn trong khu vườn có tiện nghi BBQ của chỗ nghỉ hoặc đi xe đạp gần đó. Các điểm tham quan nổi tiếng gần chỗ nghỉ bao gồm Bảo tàng lịch sử Hội An, Hội quán Quảng Đông và Chùa Cầu Nhật Bản. Sân bay gần nhất là sân bay quốc tế Đà Nẵng, nằm trong bán kính 28 km từ Xanh Lá Homestay Hội An, và chỗ nghỉ cung cấp dịch vụ đưa đón sân bay với một khoản phụ phí.",7.4
4178,Orchid Hotel,Huế,"Nằm gần Sông Hương, Khách sạn Orchid cung cấp các phòng với máy tính cá nhân và Internet miễn phí. Từ khách sạn, có nhà hàng và bãi đỗ xe miễn phí, có thể đi bộ đến Ga Huế. Tất cả các phòng đều có máy lạnh và được trang bị với đầu đĩa DVD, máy sấy tóc và tủ lạnh. Khách cũng có thể hưởng giỏ hoa quả hàng ngày và nước đóng chai miễn phí. Tại đây có phòng giữ hành lý, dịch vụ giặt ủi, giặt hấp, cho thuê xe hơi và xe đạp. Sảnh đợi của khách sạn có Wi-Fi miễn phí. Từ Khách sạn Orchid, khách có thể đi bộ đến Sông Hương.",8.2
4179,Cashew Tree Bungalow,Hội An,"Nằm cách Bãi biển An Bàng 300 m, Cashew Tree Bungalow cung cấp xe máy cho khách sử dụng miễn phí, quán bar cùng chỗ nghỉ lắp máy điều hòa có sân trong và WiFi miễn phí. Nhà nghỉ B&B này có khu vực ghế ngồi với TV màn hình phẳng cũng như phòng tắm riêng đi kèm máy sấy tóc, đồ vệ sinh cá nhân miễn phí và vòi sen. Để thêm phần thuận tiện cho du khách, chỗ nghỉ có thể cung cấp khăn tắm và ga trải giường với một khoản phụ phí. Khách nghỉ tại Cashew Tree Bungalow có thể thưởng thức bữa sáng kiểu lục địa. Chỗ nghỉ có sân hiên tắm nắng. Khách lưu trú tại Cashew Tree Bungalow có thể đi xe đạp gần đó hoặc thư giãn trong khu vườn của chỗ nghỉ. Nhà nghỉ B&B này nằm cách Bãi biển Hà My 450 m và Bãi biển Cửa Đại 2,2 km. Sân bay gần nhất là sân bay quốc tế Đà Nẵng, nằm trong bán kính 25 km từ Cashew Tree Bungalow, và chỗ nghỉ cung cấp dịch vụ đưa đón sân bay với một khoản phụ phí.",7.7
4181,Cuong Thinh Homestay,Hội An,"Khách sạn này nằm gần một số điểm tham quan nổi tiếng, cách Chùa Cầu Nhật Bản khoảng 800 m, Hội quán Triều Châu 1,3 km và Bảo tàng Lịch sử Hội An 1,4 km.  Tất cả phòng nghỉ tại Cuong Thinh Homestay đều được trang bị ấm đun nước, TV màn hình phẳng và đồ vệ sinh cá nhân miễn phí. Các phòng cũng được bố trí máy điều hòa và phòng tắm riêng trong khi một số phòng còn có ban công.  Đi xe đạp nằm trong số các hoạt động du khách có thể tham gia gần Cuong Thinh Homestay. Lễ tân khách sạn sẵn sàng tư vấn về các địa điểm tham quan khi khách cần. Làng Thanh Hà nằm trong bán kính 3 km từ chỗ nghỉ. Sân bay gần nhất là Sân bay Quốc tế Đà Nẵng, cách đó 29 km.",8.3
4192,De An Hotel,Hội An,"Tọa lạc tại thành phố Hội An, De An Hotel có nhà hàng, xe đạp miễn phí, hồ bơi ngoài trời và quầy bar. Chỗ nghỉ có khu vườn và sân hiên này nằm cách Hội quán Triều Châu 1,3 km cũng như Bảo tàng Lịch sử Hội An 2 km. Chỗ nghỉ này cung cấp dịch vụ lễ tân 24 giờ, dịch vụ đưa đón sân bay, dịch vụ phòng và Wi-Fi miễn phí trong toàn bộ khuôn viên. Các phòng nghỉ gắn máy điều hòa tại khách sạn được bố trí bàn làm việc, ấm đun nước, minibar, két an toàn, TV màn hình phẳng và phòng tắm riêng với vòi xịt/chậu rửa vệ sinh. Các phòng tại De An Hotel có áo choàng tắm và iPad. Chỗ nghỉ phục vụ bữa sáng buffet hoặc bữa sáng à la carte. Khách nghỉ tại De An Hotel có thể tham gia các hoạt động trong và xung quanh thành phố Hội An như đạp xe. Khách sạn cách Chùa Cầu 2,4 km và CLB chơi golf Montgomerie Links 14 km. Sân bay gần nhất là sân bay quốc tế Đà Nẵng, cách De An Hotel 29 km.",8.3
4193,Sunrise Homestay,Hội An,"Nằm ở thành phố Hội An, trong bán kính 400 m từ Bảo tàng Lịch sử Hội An và 700 m từ Chùa Cầu Nhật Bản, Sunrise Homestay cung cấp chỗ nghỉ với khu vườn và Wi-Fi miễn phí. Tọa lạc tại phường Sơn Phong, khách sạn này cách 700 m từ Hội quán Quảng Đông, chưa đầy 1 km từ Hội quán Triều Châu và 3,2 km từ Làng Thanh Hà. Tại khách sạn, các phòng đều có tủ quần áo và TV màn hình phẳng và phòng tắm riêng với vòi sen. Nhân viên tại lễ tân nói tiếng Việt và tiếng Anh. Làng mộc Kim Bồng cách đó 22 km. Sân bay gần nhất là sân bay quốc tế Đà Nẵng, cách đó 27 km.",6.4
4207,Paragon Saigon Hotel,TP. Hồ Chí Minh,"Nằm trong bán kính 3 phút đi bộ từ Nhà hát lớn Thành phố và Trung tâm Mua sắm Vincom, Paragon Saigon Hotel (trước đây là Royal Lotus Hotel Saigon) là nơi nghỉ hiện đại với lối trang trí đẹp mắt theo phong cách Pháp-Việt. Khách sạn 4 sao ở Thành phố Hồ Chí Minh này có trung tâm thể dục và Wi-Fi miễn phí. Tất cả các phòng máy lạnh trang nhã, đầy phong cách tại đây đều được trang bị TV màn hình phẳng, minibar và sàn gỗ. Các suite có phòng khách riêng biệt. Phòng tắm riêng đi kèm vòi sen hoặc bồn tắm. Paragon Saigon Hotel nằm trong bán kính 15 phút đi bộ từ Chợ Bến Thành, Nhà thờ Đức Bà và Dinh Thống Nhất. Sân bay Quốc tế Tân Sơn Nhất cách đó 20 phút lái xe. Quý khách có thể kiểm tra email tại trung tâm dịch vụ doanh nhân hoặc yêu cầu dịch vụ giặt là. Báo hàng ngày và chỗ để hành lý được cung cấp tại lễ tân 24 giờ. Nhà hàng của khách sạn phục vụ các món ăn Việt Nam, phương Tây và châu Á trong một khung cảnh hiện đại. Quý khách có thể dùng bữa ngay trong phòng với dịch vụ ăn uống tại phòng.",6.7
4212,Sanayen Villa & Residences,Đà Nẵng,"Tọa lạc tại thành phố Đà Nẵng, cách Bãi biển Mỹ Khê 200 m và Cầu Sông Hàn 3 km, Sanayen Villa & Residences cung cấp chỗ nghỉ với WiFi miễn phí, máy điều hòa, hồ bơi ngoài trời và khu vườn. Khách sạn căn hộ này có TV màn hình phẳng và phòng tắm riêng với áo choàng tắm, dép đi trong phòng cùng vòi xịt/chậu rửa vệ sinh. Một số căn có sân trong và/hoặc ban công nhìn ra hồ bơi/thành phố. Sanayen Villa & Residences có sân hiên tắm nắng. Du khách có thể thuê xe hơi tại chỗ nghỉ này. Sanayen Villa & Residences nằm cách Cầu khóa Tình yêu 3,5 km và Trung tâm thương mại Indochina Riverside 3,6 km. Sân bay gần nhất là sân bay quốc tế Đà Nẵng, nằm trong bán kính 8 km từ khách sạn căn hộ này, và chỗ nghỉ cung cấp dịch vụ đưa đón sân bay với một khoản phụ phí.",7.8
4213,Khách sạn Thái Bình,Nha Trang,"Nơi đây có các phòng gia đình và sân hiên. Chỗ nghỉ nằm gần các địa điểm tham quan nổi tiếng như Tháp Trầm Hương, Quảng trường 2/4 và Chợ Đầm. Lễ tân khách sạn có thể cung cấp thông tin giúp khách tham quan khu vực xung quanh một cách thuận tiện. Các điểm tham quan nổi tiếng gần Khách sạn Thái Bình bao gồm Nhà thờ Nha Trang, Bảo tàng Khánh Hòa và Bảo tàng Alexandre Yersin. Sân bay gần nhất là sân bay quốc tế Cam Ranh, nằm trong bán kính 27 km từ chỗ nghỉ.",6.0
4219,Vu Hotel & Apartment,Đà Nẵng,"Nằm cách Bãi biển Mỹ Khê 150 m, Vu Hotel & Apartment cung cấp chỗ nghỉ với xe đạp miễn phí, khu vực bãi biển riêng và lễ tân 24 giờ để tạo sự thuận tiện cho quý khách. Khách sạn căn hộ này cung cấp miễn phí cả WiFi lẫn chỗ đỗ xe riêng. Một số căn tại đây được bố trí khu vực ăn uống và/hoặc ban công. Vu Hotel & Apartment có sân hiên. Du khách có thể thuê xe hơi tại chỗ nghỉ này. Amy Hotel & Apartment cách Bãi biển Bắc Mỹ An 1,2 km và Cầu tàu Tình yêu Đà Nẵng 1,9 km. Sân bay gần nhất là sân bay quốc tế Đà Nẵng, nằm trong bán kính 5 km từ khách sạn căn hộ này, và chỗ nghỉ cung cấp dịch vụ đưa đón sân bay miễn phí.",6.2
4220,Khách Sạn Dũng Thảo,Đà Lạt,"Tọa lạc tại vị trí lý tưởng ở khu Hồ Xuân Hương thuộc thành phố Đà Lạt, Khách Sạn Dũng Thảo nằm cách Hồ Xuân Hương chưa đầy 1 km, Quảng trường Lâm Viên 12 phút đi bộ và Vườn hoa Đà Lạt 1,1 km. Khách sạn 2 sao này có WiFi miễn phí, dịch vụ phòng và sảnh khách chung. Chỗ nghỉ có lễ tân 24 giờ, bếp chung và dịch vụ thu đổi ngoại tệ cho khách. Phòng nghỉ tại khách sạn có bàn làm việc, TV màn hình phẳng, phòng tắm riêng, ga trải giường và khăn tắm. Tất cả các phòng đều được trang bị tủ để quần áo và ấm đun nước. Khách Sạn Dũng Thảo có sân hiên tắm nắng. Công viên Yersin nằm trong bán kính 1,1 km từ chỗ nghỉ trong khi Thiền viện Trúc Lâm cách đó 5 km. Sân bay gần nhất là sân bay Liên Khương, cách Khách Sạn Dũng Thảo 23 km, và chỗ nghỉ cung cấp dịch vụ đưa đón sân bay với một khoản phụ phí.",7.0
4228,Skyline Hanoi Hotel,Hà Nội,"Skyline Hanoi Hotel là chỗ nghỉ theo phong cách boutique với phòng máy lạnh hiện đại ở trung tâm của khu phố cổ Hà Nội. Quý khách có thể thưởng thức các bữa ăn tại nhà hàng trong khuôn viên. Chỗ nghỉ cách Hồ Hoàn Kiếm 200 m, Chợ Trung tâm 850 m, Trung tâm Triển lãm Giảng Võ 2 km, Bảo tàng Dân tộc học Việt Nam 2,7 km và Bảo tàng Không Quân Việt Nam 3,6 km. Sân bay Quốc tế Nội Bài cách đó 22 km. Mỗi phòng đều có truyền hình cáp màn hình phẳng, ấm đun nước điện và minibar. Ngoài ra, mỗi phòng đều có khu vực tiếp khách và phòng tắm riêng với bồn tắm, vòi sen cùng máy sấy tóc. Khăn tắm, bộ khăn trải giường và dép cũng được cung cấp. Quầy lễ tân mở cửa 24/24 giờ với các dịch vụ trao đổi ngoại tệ, dịch vụ vé, bàn đặt tour và giữ hành lý. Khách có thể thuê xe đạp để khám phá khu vực xung quanh.",6.6
4237,Da Lat Ngoi Sao Viet,Đà Lạt,"Chỗ nghỉ này cung cấp dịch vụ phòng và sân hiên tắm nắng. Chỗ nghỉ có lễ tân 24 giờ, dịch vụ đưa đón sân bay, bếp chung và WiFi miễn phí. Tất cả phòng nghỉ tại khách sạn đều có ban công. Hồ Xuân Hương nằm cách Da Lat Ngoi Sao Viet 3 km trong khi Thiền viện Trúc Lâm cách đó 4,1 km. Sân bay gần nhất là sân bay Liên Khương, nằm trong bán kính 28 km từ chỗ nghỉ.",8.2
4238,Passion Homestay,Đà Lạt,"Nằm tại thành phố Đà Lạt, cách Quảng trường Lâm Viên 2 km, Passion Homestay cung cấp chỗ nghỉ với phòng khách chung, WiFi miễn phí, dịch vụ lễ tân 24 giờ và bếp chung. Chỗ nghỉ này có ban công và tầm nhìn ra khu vườn. Nhà nghỉ dưỡng này được bố trí 1 phòng ngủ, TV truyền hình cáp màn hình phẳng, bếp đầy đủ tiện nghi với lò vi sóng, tủ lạnh, máy giặt, lò nướng và bếp nấu. Khách nghỉ cũng được cung cấp khăn tắm và ga trải giường. Nhà nghỉ dưỡng này có tiện nghi BBQ, khu vườn và sân hiên tắm nắng. Passion Homestay cách Công viên Yersin Đà Lạt 2,2 km và Hồ Xuân Hương 2,3 km. Sân bay gần nhất là sân bay Liên Khương, cách đó 21 km.",4.0
4240,"Vinpearl Condotel Beachfront Nha Trang, preferred price to VinWonders",Nha Trang,"Tọa lạc tại thành phố Nha Trang, Vinpearl Condotel Beachfront Nha Trang có nhà hàng, hồ bơi ngoài trời, trung tâm thể dục và quán bar. Khách sạn 5 sao này còn có khu vực bãi biển riêng và CLB trẻ em. Chỗ nghỉ cung cấp dịch vụ lễ tân 24 giờ, dịch vụ đưa đón sân bay, dịch vụ phòng và WiFi miễn phí trong toàn bộ khuôn viên. Mỗi phòng nghỉ tại khách sạn đều có máy điều hòa, khu vực ghế ngồi, TV truyền hình vệ tinh màn hình phẳng, két an toàn và phòng tắm riêng với vòi sen, dép cùng máy sấy tóc. Vinpearl Condotel Beachfront Nha Trang cung cấp một số phòng nhìn ra biển. Các phòng được bố trí ban công, ga trải giường và khăn tắm. Khách nghỉ tại Vinpearl Condotel Beachfront Nha Trang có thể thưởng thức bữa sáng kiểu lục địa. Khách sạn có sân hiên tắm nắng. Các điểm tham quan nổi tiếng gần Vinpearl Condotel Beachfront Nha Trang bao gồm Bãi biển Nha Trang, quán Sailing Club và Trung tâm Thuyền buồm Việt Nam. Sân bay gần nhất là sân bay quốc tế Cam Ranh, cách chỗ nghỉ 36 km.",6.6
4243,Đèn lồng homestay & coffee,Đà Lạt,"Một số căn tại đây có ban công và/hoặc sân hiên nhìn ra vườn. Du khách có thể thư giãn trong vườn của chỗ nghỉ. Công viên Yersin và Quảng trường Lâm Viên đều nằm cách homestay này 3,2 km. Sân bay gần nhất là sân bay Liên Khương, nằm trong bán kính 22 km từ Đèn lồng homestay & coffee.",6.5
4247,Bungalow VinaHouse,Phú Quốc,"Tọa lạc tại đảo Phú Quốc, cách Chùa Sùng Hưng 7 km và Sòng bạc Corona 26 km, Bungalow VinaHouse cung cấp chỗ nghỉ với máy điều hòa và khu vườn với sân hiên tắm nắng. Mỗi phòng nghỉ tại đây đều có sân trong, bếp với tủ lạnh, khu vực ăn uống và khu vực ghế ngồi với TV màn hình phẳng cũng như phòng tắm riêng đi kèm vòi sen và máy sấy tóc. Tất cả các phòng còn có ban công nhìn ra vườn. Lodge này cung cấp dịch vụ cho thuê xe hơi. Bungalow VinaHouse nằm cách công viên giải trí Vinpearl Land Phú Quốc 26 km và Suối Tranh 3,1 km.",6.0
4251,Kite Resort Phu Quoc,Phú Quốc,"Mỗi chỗ nghỉ tại khách sạn 3 sao này đều có tầm nhìn ra vườn và du khách có thể thư giãn trong vườn cũng như trên sân hiên. Nơi đây cung cấp dịch vụ lễ tân 24 giờ và dịch vụ phòng cho khách. Mỗi phòng nghỉ tại KITE RESORT PHÚ QUỐC đều có máy điều hòa, bàn làm việc, sân trong nhìn ra hồ nước, phòng tắm chung, TV màn hình phẳng, ga trải giường và khăn tắm. Các phòng được bố trí khu vực ghế ngồi. Khách lưu trú tại chỗ nghỉ có thể thưởng thức bữa sáng kiểu Á. Chùa Sùng Hưng nằm trong bán kính 6 km từ KITE RESORT PHÚ QUỐC trong khi Sòng bạc Corona cách đó 12 km.",9.0
4252,Nhật Anh 2 Hotel,Vũng Tàu,"Khách sạn 1 sao này có dịch vụ phòng. Chỗ nghỉ có lễ tân 24 giờ, bếp chung và phòng giữ hành lý cho khách. Phòng nghỉ tại Nhật Anh 2 Hotel được trang bị bàn làm việc, máy điều hòa, két an toàn và TV màn hình phẳng. Một số phòng có ban công. Bạch Dinh nằm cách chỗ nghỉ 3,4 km trong khi Tượng Chúa Kitô Vua cách đó 6 km. Sân bay gần nhất là sân bay quốc tế Tân Sơn Nhất, cách Nhật Anh 2 Hotel 98 km.",7.2
4253,Risemount Premier Resort Da Nang,Đà Nẵng,"Nằm ở khu Bãi biển Mỹ Khê thuộc thành phố Đà Nẵng, cách Bãi biển Mỹ An 500 m, Risemount Resort Danang có 2 hồ bơi ngoài trời và tiện nghi BBQ. Resort này cũng có trung tâm thể dục và trung tâm spa với bể sục cùng phòng xông hơi khô. Phòng nghỉ gắn máy điều hòa tại resort được bố trí khu vực ghế ngồi, TV truyền hình vệ tinh màn hình phẳng và phòng tắm riêng với đồ vệ sinh cá nhân miễn phí. Một số phòng còn có ban công riêng, bếp hoặc WiFi miễn phí. Risemount Resort Danang có trung tâm dịch vụ doanh nhân cho khách tùy ý sử dụng. Nhân viên tại quầy lễ tân phục vụ 24 giờ/ngày có thể tư vấn cho khách về khu vực. Du khách có thể thưởng thức bữa sáng đầy đủ kiểu Anh/Ailen tại nhà hàng hay đồ uống tại quầy bar. Resort cũng cung cấp dịch vụ cho thuê xe hơi. Risemount Resort Danang nằm cách Bảo tàng Chăm 2,1 km và Cầu Sông Hàn 2,5 km. Sân bay gần nhất là sân bay quốc tế Đà Nẵng, nằm trong bán kính 5 km từ chỗ nghỉ.",7.9
4256,Forest Tag Homestay,Huế,"Tọa lạc tại thành phố Huế, cách Chợ Đông Ba 2,4 km, Forest Tag Homestay có tầm nhìn ra khu vườn, WiFi miễn phí và chỗ đỗ xe riêng miễn phí. Du khách nghỉ tại homestay này có thể thưởng thức bữa sáng tự chọn. Forest Tag Homestay có khu vườn và sân hiên. Chỗ nghỉ nằm trong bán kính 2,4 km từ Cầu Tràng Tiền và 2,9 km từ Bảo tàng Cổ vật Cung đình Huế. Sân bay gần nhất là sân bay Phú Bài, cách Forest Tag Homestay 12 km.",8.7
4257,Golden Bell Homestay,Hội An,"Golden Bell Homestay là nơi nghỉ có giá cả phải chăng ở thị xã Hội An. Nhà nghỉ tại gia này có khu vực nhà bếp chung và cung cấp dịch vụ cho thuê xe đạp miễn phí. Truy cập Wi-Fi miễn phí được cung cấp ở tất cả các khu vực. Nhà trọ chỉ cách Bãi biển Công cộng An Bàng 1 km và Bãi biển Công cộng Cửa Đại cách đó 3 km. Quý khách cũng có thể khám phá khu phố cổ Hội An, chỉ cách nơi nghỉ này 2,5 km. Sân bay Quốc tế Đà Nẵng cách nhà trọ này 22 km. Với cửa sổ lớn, nơi nghỉ này cung cấp cho quý khách TV màn hình phẳng, máy lạnh và minibar. Ngoài ra, nhà trọ còn có phòng tắm riêng với máy sấy tóc và đồ vệ sinh cá nhân miễn phí. Golden Bell Homestay có quầy lễ tân 24 giờ với chỗ để hành lý. Du khách cũng có thể sử dụng khu vực sảnh khách chung cũng như chỗ đậu xe miễn phí. Đối với các bữa ăn, bữa sáng miễn phí được phục vụ hàng ngày từ 07:00 đến 10:00.",7.0
4260,Sabina Hotel,TP. Hồ Chí Minh,"Tọa lạc tại Thành phố Hồ Chí Minh, cách Trung tâm Hội chợ và Triển lãm Sài Gòn 1,9 km, Sabina Hotel có quầy bar, sân hiên và tầm nhìn ra quang cảnh thành phố. Trong số các tiện nghi của chỗ nghỉ này có nhà hàng, lễ tân 24 giờ, dịch vụ phòng và WiFi miễn phí trong toàn bộ khuôn viên. Khách sạn có máy fax cùng máy photocopy và máy ATM cho khách sử dụng. Khách sạn cung cấp phòng nghỉ có máy điều hòa, bàn làm việc, ấm đun nước, minibar, két an toàn, TV màn hình phẳng và phòng tắm riêng với vòi sen. Mỗi phòng nghỉ tại Sabina Hotel đều được trang bị ga trải giường và khăn tắm. Chỗ nghỉ phục vụ bữa sáng kiểu lục địa hoặc bữa sáng buffet. Bến Nhà Rồng nằm cách Sabina Hotel 6 km và Bảo tàng Mỹ thuật cách đó 7 km. Sân bay gần nhất là sân bay quốc tế Tân Sơn Nhất, nằm trong bán kính 18 km từ khách sạn.",7.1
4261,SENVILA Boutique Resort & Spa,Hội An,"Với kiến trúc lấy cảm hứng từ hoa sen bốn cánh, SENVILA Boutique Resort nằm ở quận Cẩm Thanh, thành phố Hội An và cách Cầu Cửa Đại 5 phút đi xe. Resort có sân hiên, hồ bơi trong nhà mở cửa quanh năm, nhà hàng và quán bar trong khuôn viên Các phòng tại đây được trang bị TV màn hình phẳng. Một số phòng cho tầm nhìn ra khu vườn/thành phố. Phòng đi kèm phòng tắm riêng. Áo choàng tắm, dép và đồ vệ sinh cá nhân miễn phí được cung cấp cho khách. Chỗ nghỉ cung cấp dịch vụ đưa đón miễn phí. Dịch vụ giặt là được sắp xếp với một khoản phí. Resort này cũng cung cấp xe đạp cho khách sử dụng miễn phí và cho thuê xe hơi. SENVILA Boutique Resort cách Phố Cổ Hội An, Bảo tàng Lịch sử Hội An và Chợ Trung tâm khoảng 15 phút đi xe. Sân bay gần nhất là Sân bay Quốc tế Đà Nẵng, cách chỗ nghỉ khoảng 45 phút đi xe.",8.1
4262,Infinity Pool - 5 min walk to beach - Sekong Apartment,Đà Nẵng,"Nằm cách Bãi biển Mỹ Khê 250 m, Infinity Pool - 5 min walk to beach - Sekong Apartment có chỗ nghỉ với quầy bar, sảnh khách chung và lễ tân 24 giờ để tạo thuận tiện cho du khách. Khách sạn căn hộ này cung cấp miễn phí cả WiFi lẫn chỗ đỗ xe riêng. Một số căn tại đây được bố trí TV truyền hình vệ tinh màn hình phẳng, khu vực bếp ăn đầy đủ tiện nghi với lò vi sóng cũng như phòng tắm riêng đi kèm vòi sen và áo choàng tắm. Infinity Pool - 5 min walk to beach - Sekong Apartment phục vụ bữa sáng kiểu Mỹ hoặc kiểu Á. Chỗ nghỉ có phòng xông hơi khô. Du khách có thể bơi trong hồ bơi ngoài trời, thư giãn trong vườn hoặc đi bộ đường dài/đi xe đạp. Cầu Sông Hàn nằm cách Infinity Pool - 5 min walk to beach - Sekong Apartment 2,6 km trong khi Cầu khóa Tình yêu cách đó 3,1 km. Sân bay gần nhất là sân bay quốc tế Đà Nẵng, nằm trong bán kính 7 km từ khách sạn căn hộ này.",8.3
4263,The Song Luxury Condotel Vung Tau - Căn hộ cao cấp Luca's House,Vũng Tàu,"Tọa lạc tại thành phố Vũng Tàu, cách Ngọn hải đăng Vũng Tàu 2,7 km và Tượng Chúa Kitô Vua 2,9 km, The Song Luxury Condotel Vung Tau - Căn hộ cao cấp Luca's House cung cấp chỗ nghỉ có WiFi miễn phí, khu vườn với hồ bơi ngoài trời, tầm nhìn ra hồ nước, phòng tập thể dục và trung tâm spa. Chỗ nghỉ này cung cấp chỗ đỗ xe riêng ngay trong khuôn viên. Mỗi căn tại đây đều có ban công, TV truyền hình cáp màn hình phẳng, khu vực ghế ngồi, bếp đầy đủ tiện nghi và phòng tắm riêng với vòi xịt/chậu rửa vệ sinh, áo choàng tắm cùng dép. Các căn còn được trang bị máy rửa bát, tủ lạnh, lò nướng và ấm đun nước. Căn hộ có sân chơi cho trẻ em. Ngay trong khuôn viên có công viên nước và du khách có thể đi bộ đường dài gần The Song Luxury Condotel Vung Tau - Căn hộ cao cấp Luca's House. Chỗ nghỉ nằm cách Bạch Dinh 3 km cũng như Khu du lịch văn hóa và sinh thái Hồ Mây 3,2 km. Sân bay gần nhất là sân bay quốc tế Tân Sơn Nhất, nằm trong bán kính 71 km từ The Song Luxury Condotel Vung Tau - Căn hộ cao cấp Luca's House, và chỗ nghỉ cung cấp dịch vụ đưa đón sân bay với một khoản phụ phí.",6.7
4264,Westlake Tay Ho Hotel 696 Lạc Long Quân,Hà Nội,"Tọa lạc tại thành phố Hà Nội, cách Hồ Tây 5 km, Westlake Tay Ho Hotel 696 Lạc Long Quân có sảnh khách chung, phòng không gây dị ứng và WiFi miễn phí. Khách sạn 3 sao này có dịch vụ tiền sảnh và bàn đặt tour. Một số căn tại chỗ nghỉ có ban công nhìn ra hồ nước. Các phòng nghỉ tại khách sạn được trang bị máy điều hòa, tủ để quần áo, ấm đun nước, tủ lạnh, minibar, két an toàn, TV màn hình phẳng và phòng tắm riêng với vòi xịt/chậu rửa vệ sinh. Tại Westlake Tay Ho Hotel 696 Lạc Long Quân, mỗi phòng đều được trang bị ga trải giường và khăn tắm. Khách lưu trú tại chỗ nghỉ có thể thưởng thức bữa sáng buffet. Bảo tàng Dân tộc học Việt Nam và Đền Quán Thánh đều nằm trong bán kính 6 km từ Westlake Tay Ho Hotel 696 Lạc Long Quân. Sân bay gần nhất là sân bay quốc tế Nội Bài, cách khách sạn 18 km.",7.0
4272,Kingo Retreat Resort,Phú Quốc,"Nằm trên đảo Phú Quốc, cách Bãi biển Ông Lang 300 m, Kingo Retreat Resort cung cấp chỗ nghỉ với nhà hàng, chỗ đỗ xe riêng miễn phí, hồ bơi ngoài trời và trung tâm thể dục. Mỗi chỗ nghỉ tại resort 4 sao này đều có tầm nhìn ra hồ bơi và du khách có thể thư giãn ở quầy bar cũng như khu vườn. Chỗ nghỉ cung cấp dịch vụ lễ tân 24 giờ, dịch vụ phòng và tổ chức các tour du lịch cho khách. Tất cả phòng nghỉ tại resort đều có khu vực ghế ngồi, TV truyền hình cáp màn hình phẳng, két an toàn và phòng tắm riêng với vòi sen, dép cùng máy sấy tóc. Các căn được trang bị bàn làm việc và ấm đun nước. Kingo Retreat Resort phục vụ bữa sáng buffet hoặc bữa sáng à la carte. Chỗ nghỉ cũng có sân hiên tắm nắng. Chùa Sùng Hưng nằm trong bán kính 9 km từ Kingo Retreat Resort trong khi Sòng bạc Corona cách đó 14 km.",8.2
4276,Nest Hotel,TP. Hồ Chí Minh,"Nest Hotel tọa lạc tại Thành phố Hồ Chí Minh và chỉ cách Khu Tây ba-lô vài bước chân. Nest Hotel cung cấp Wi-Fi miễn phí trong toàn bộ khuôn viên. Mỗi phòng nghỉ tại đây đều được trang bị phòng tắm riêng. Chỗ nghỉ có lễ tân 24 giờ. Khách sạn nằm cách Bảo tàng mỹ thuật và Đền Bà Ấn 700 m trong khi Chợ Bến Thành cách đó 800 m. Sân bay gần nhất là Sân bay quốc tế Tân Sơn Nhất, nằm trong bán kính 7 km từ Nest Hotel.",6.8
4280,5H homestay,Huế,"Nằm cách Cầu Tràng Tiền 1,3 km, Daisy homestay có chỗ nghỉ với sảnh khách chung, sân hiên và lễ tân 24 giờ để tạo thuận tiện cho khách. Homestay này cung cấp miễn phí cả WiFi lẫn chỗ đỗ xe riêng. Chỗ ở tại đây có ban công, máy điều hòa, TV và phòng tắm riêng với vòi sen cùng đồ vệ sinh cá nhân miễn phí. Daisy homestay cung cấp dịch vụ cho thuê xe hơi. Các điểm tham quan nổi tiếng gần chỗ nghỉ bao gồm Chợ Đông Ba, Bảo tàng Cổ vật Cung đình Huế và Bảo tàng Hồ Chí Minh. Sân bay gần nhất là sân bay Phú Bài, cách Daisy homestay 14 km, và chỗ nghỉ cung cấp dịch vụ đưa đón sân bay với một khoản phụ phí.",6.1
4283,Anh Trang Homestay,Đà Lạt,"Nằm cách Vườn hoa Đà Lạt 2 km, Anh Trang Homestay có chỗ nghỉ với sảnh khách chung, vườn và lễ tân 24 giờ để tạo thuận tiện cho khách. Chỗ nghỉ này cung cấp WiFi miễn phí. Homestay có ban công, tầm nhìn ra vườn, khu vực ghế ngồi, TV truyền hình cáp màn hình phẳng, bếp đầy đủ tiện nghi với lò vi sóng cùng tủ lạnh cũng như phòng tắm riêng đi kèm vòi sen và dép đi trong phòng. Các căn còn được trang bị lò nướng, bếp nấu ăn, máy nướng bánh mỳ và ấm đun nước. Anh Trang Homestay phục vụ bữa sáng kiểu Á và bữa sáng chay hàng ngày. Chỗ nghỉ có sân chơi cho trẻ em. Anh Trang Homestay cho thuê xe đạp để du khách có thể đạp xe dạo chơi gần đó. Quảng trường Lâm Viên nằm trong bán kính 2,7 km từ homestay trong khi Hồ Xuân Hương cách đó 2,9 km. Sân bay gần nhất là sân bay Liên Khương, cách Anh Trang Homestay 31 km, và chỗ nghỉ cung cấp dịch vụ đưa đón sân bay với một khoản phụ phí.",5.8
4285,Golden Legend Diamond Hotel,Hà Nội,"Golden Legend Diamond Hotel tọa lạc tại trung tâm Khu Phố Cổ (bên cạnh Phố Lý Quốc Sư và Nhà Thờ Lớn), chỉ cách Hồ Hoàn Kiếm, Nhà hát Múa rối nước, Đền Ngọc Sơn và Chợ Đồng Xuân 5 phút đi bộ. Du khách có thể thưởng thức bữa sáng buffet hàng ngày với nhiều món ăn phương Tây và Việt Nam tại nhà hàng trên sân thượng Golden Legend Boutique nằm bên cạnh khách sạn (cách đó 50 m). Chỗ nghỉ này cung cấp Wi-Fi miễn phí trong toàn bộ khuôn viên. Tất cả các phòng nghỉ tại đây đều được trang trí với mảng màu đen trắng hiện đại cùng các bức ảnh của phố cổ Hà Nội. Các phòng đều có phòng tắm riêng, TV màn hình phẳng với các kênh truyền hình cáp, minibar đủ loại đồ uống cùng két an toàn. Một số phòng còn có ban công riêng với tầm nhìn ra thành phố. Nhân viên lễ tân 24 giờ có thể hỗ trợ quý khách với dịch vụ đưa đón sân bay, cho thuê xe máy/xe đạp, phòng giữ hành lý, dịch vụ giặt là cũng như sắp xếp các tour du lịch. Khách sạn cách Văn Miếu - Quốc Tử Giám 1 km và Lăng Chủ tịch Hồ Chí Minh 2 km. Sân bay quốc tế Nội Bài cách đó 35 phút lái xe.",7.6
4288,Platinum Danang Hotel,Đà Nẵng,"Platinum Danang Hotel cung cấp chỗ nghỉ 3 sao tại thành phố Đà Nẵng, cách Bãi biển Mỹ Khê 500 m và Bãi biển Bắc Mỹ An chưa đầy 1 km. Trong số các tiện nghi của chỗ nghỉ này có nhà hàng, lễ tân 24 giờ, dịch vụ phòng và WiFi miễn phí trong toàn bộ khuôn viên. Khách sạn có hồ bơi trong nhà và dịch vụ tiền sảnh. Tất cả phòng nghỉ tại đây đều được trang bị máy điều hòa, TV truyền hình cáp màn hình phẳng, minibar, ấm đun nước, vòi sen, áo choàng tắm và bàn làm việc. Các phòng có phòng tắm riêng, dép và ga trải giường. Khách sạn nằm cách Cầu khóa Tình yêu 2,9 km và Bảo tàng Chăm 3,6 km. Sân bay gần nhất là sân bay quốc tế Đà Nẵng, nằm trong bán kính 6 km từ Platinum Danang Hotel.",7.3
4289,Đồi Gió HOUSE,Đà Lạt,"Nằm cách Vườn hoa Đà Lạt 3,1 km, Đồi Gió HOUSE có chỗ nghỉ với sảnh khách chung, sân hiên và bếp chung để tạo thuận tiện cho du khách. Căn hộ cung cấp miễn phí cả WiFi lẫn chỗ đỗ xe riêng. Mỗi căn tại đây đều có ban công, bếp ăn với tủ lạnh, khu vực ăn uống và khu vực ghế ngồi với TV màn hình phẳng cũng như phòng tắm riêng đi kèm vòi xịt/chậu rửa vệ sinh cùng dép đi trong phòng. Du khách có thể thuê xe đạp và xe hơi tại Đồi Gió HOUSE. Hồ Xuân Hương nằm trong bán kính 3,5 km từ chỗ nghỉ trong khi Quảng trường Lâm Viên cách đó 3,6 km. Sân bay gần nhất là sân bay Liên Khương, cách Đồi Gió HOUSE 24 km, và chỗ nghỉ cung cấp dịch vụ đưa đón sân bay với một khoản phụ phí.",6.0
4290,Phuc An Homestay,Hội An,"Nằm cách Hội quán Quảng Đông 600 m, Phuc An Homestay có nhà hàng, sảnh khách chung cũng như chỗ nghỉ gắn máy điều hòa với sân trong và WiFi miễn phí. Tất cả phòng nghỉ tại đây đều có khu vực ghế ngồi, truyền hình cáp màn hình phẳng và phòng tắm riêng với máy sấy tóc, chậu rửa vệ sinh (bidet) cùng vòi sen. Lò vi sóng, lò nướng, bếp nấu và ấm đun nước cũng được trang bị trong phòng. Homestay phục vụ bữa sáng à la carte hàng ngày. Phuc An Homestay có sân hiên. Du khách nghỉ tại đây có thể đi xe đạp ở khu vực gần đó hoặc thư giãn trong vườn. Các điểm tham quan nổi tiếng gần Phuc An Homestay bao gồm Chùa Cầu Nhật Bản, Bảo tàng Lịch sử Hội An và Hội quán Triều Châu. Sân bay gần nhất là sân bay quốc tế Đà Nẵng, cách đó 29 km, và homestay cung cấp dịch vụ đưa đón sân bay với một khoản phụ phí.",7.1
4291,Thiên Thanh House,Đà Lạt,"Tọa lạc tại thành phố Đà Lạt, cách Quảng trường Lâm Viên 1 km, Thiên Thanh House có chỗ nghỉ gắn máy điều hòa và sảnh khách chung. Chỗ nghỉ này nằm trong bán kính 4,4 km từ Thiền viện Trúc Lâm, 5 km từ Hồ Tuyền Lâm và 8 km từ Núi Lang Bian. Chỗ nghỉ cũng có lễ tân 24 giờ, dịch vụ đưa đón sân bay, bếp chung và WiFi miễn phí trong toàn bộ khuôn viên. Tất cả phòng nghỉ tại khách sạn đều được trang bị TV màn hình phẳng. Các điểm tham quan nổi tiếng gần Thiên Thanh House bao gồm Hồ Xuân Hương, Công viên Yersin và Vườn hoa Đà Lạt. Sân bay gần nhất là sân bay Liên Khương, cách chỗ nghỉ 22 km.",6.8
4297,5-homestay Vũng Tàu,Vũng Tàu,"Homestay này có sảnh khách chung, vườn cũng như tiện nghi BBQ. Chỗ nghỉ có khu vực bếp ăn nhỏ với lò vi sóng, tủ lạnh cùng lò nướng cũng như vòi sen, dép đi trong phòng và máy sấy tóc. Homestay này có sân hiên tắm nắng. Du khách có thể đi xe đạp để khám phá khu vực xung quanh và 5-homestay Vũng Tàu có thể sắp xếp dịch vụ cho thuê xe hơi. Chỗ nghỉ nằm cách Bãi Trước 2,3 km và Bạch Dinh 2,7 km. Sân bay gần nhất là sân bay quốc tế Tân Sơn Nhất, nằm trong bán kính 71 km từ 5-homestay Vũng Tàu.",7.4
4299,Phu Thinh Boutique Resort & Spa,Hội An,"Phú Thịnh Boutique Resort & Spa nằm thuận tiện trong vòng đi bộ 10 phút đến khu phố cổ Hội An nổi tiếng. Khách có thể sử dụng hồ bơi ngoài trời và lựa chọn nhiều liệu pháp spa khác nhau. Resort thanh lịch này nằm cách Bãi biển Cửa Đại 3 km và cách Sân bay Quốc tế Đà Nẵng 45 phút lái xe. Để tạo thuận tiện cho khách, nơi đây cung cấp dịch vụ đưa đón sân bay với 1 khoản phụ phí. Với phong cách thiết kế trang nhã, mỗi phòng máy lạnh đều được trang bị truyền hình vệ tinh màn hình phẳng, khu vực tiếp khách và két an toàn cá nhân. Các phòng tắm riêng đều có bồn tắm hoặc tiện nghi vòi hoa sen. Khách có thể thư giãn trong bồn tắm nước nóng hoặc tận hưởng liệu pháp mát-xa truyền thống. Resort Phú Thịnh cũng cung cấp một quầy lễ tân 24 giờ, dịch vụ cho thuê xe hơi và xe đạp và trung tâm dịch vụ doanh nhân. Nhà hàng Lily phục vụ ẩm thực Việt Nam cũng như quốc tế và cũng cung cấp dịch vụ ăn uống tại phòng. Khách còn có thể thưởng thức đồ uống tại quầy bar bên hồ bơi của khách sạn.",6.1
4300,Thao Nguyen Phat Homestay,Hội An,"Nơi đây cung cấp các phòng nghỉ với truy cập Wi-Fi miễn phí. Toàn bộ các phòng đều có ban công, máy lạnh, truyền hình vệ tinh và minibar. Phòng tắm riêng đi kèm tiện nghi vòi sen, dép và đồ vệ sinh cá nhân. Du khách có thể sử dụng bếp chung hoặc yêu cầu được tham gia lớp học nấu ăn (thu phí). Ngoài ra, tại đây còn có bàn đặt tour và quầy lễ tân 24 giờ để trợ giúp khách với các dịch vụ giữ hành lý, đưa đón sân bay cũng như giặt là. Hội quán Chi hội Triều Châu Trung Quốc cách nơi nghỉ này 1,5 km trong khi Sân bay Quốc tế Đà Nẵng cách đó 24 km.",5.2
4301,Rose Garden Residences,Hà Nội,"Rose Garden Residences là khách sạn căn hộ sang trọng nằm cách Khu Phố Cổ ở thành phố Hà Nội 10 phút lái xe. Nơi đây cung cấp chỗ nghỉ giản dị với bếp riêng cùng máy giặt cũng như hồ bơi ngoài trời và WiFi miễn phí. Khách sạn căn hộ này nằm trong bán kính 10 phút lái xe từ Hồ Hoàn Kiếm cùng các điểm tham quan nổi tiếng như Lăng Chủ tịch Hồ Chí Minh và Chùa Một Cột. Ga Hà Nội nằm cách chỗ nghỉ 10 phút lái xe trong khi sân bay quốc tế Nội Bài cách đó 45 phút lái xe. Các căn hộ tại Rose Garden Residences Hanoi sáng sủa và rộng rãi, đồng thời có phòng khách, ban công riêng cũng như 1, 2 hoặc 3 phòng ngủ. Các căn được trang bị TV truyền hình cáp màn hình phẳng, bộ ghế sofa và tiện nghi phòng tắm hiện đại. Đối với các bữa ăn, du khách có thể chế biến bữa ăn đơn giản trong bếp được trang bị bếp nấu và lò vi sóng. Tủ lạnh cũng được bố trí cho du khách. Dinh thự còn có trung tâm thể dục và tiện nghi xông hơi khô.",6.9
4303,Lakeside Homestay,Hội An,"Chỉ cách Bãi biển Cửa Đại 700 m, Lakeside Homestay cung cấp chỗ nghỉ giá cả phải chăng nhìn ra mặt hồ thanh bình. Chỗ nghỉ có dịch vụ cho thuê xe đạp miễn phí và Wi-Fi miễn phí trong toàn khuôn viên. Chợ Hội An sôi động và Hội quán Triều Châu cách Lakeside Homestay lần lượt 3 km và 3,3 km. Sân bay quốc tế Đà Nẵng nằm trong bán kính 24 km từ chỗ nghỉ. Các phòng nghỉ giản dị và thoải mái tại đây được trang bị TV và máy điều hòa. Trong phòng cũng có phòng tắm riêng với vòi sen, máy sấy tóc và khăn tắm. Tại Lakeside Homestay cũng có quầy lễ tân với dịch vụ giữ hành lý. Dịch vụ giặt/ủi được thu xếp cho khách với một khoản phụ phí.",8.2
4304,Coco Palm Beach Resort & Spa,Phú Quốc,"Du khách có thể thưởng ngoạn tầm nhìn tuyệt đẹp ra biển từ tất cả phòng nghỉ tại đây. Các liệu pháp mát-xa được cung cấp kèm phụ phí. Chỉ cách Bãi biển Công cộng Ông Lãng 20 m, du khách có thể phơi nắng hoặc chỉ đơn giản là tận hưởng không gian xanh mát xung quanh. Tất cả các phòng nghỉ tại đây đều có máy lạnh, sàn lát gạch, ban công riêng và minibar. Các phòng tắm riêng đi kèm vòi sen nước nóng và đồ vệ sinh cá nhân miễn phí. Coco Palm Resort Phu Quoc nằm trong bán kính 9 km từ Chợ Dương Đông và 19 km từ Sân bay Quốc tế. Dịch vụ cho thuê xe máy được cung cấp theo yêu cầu. Các chuyến đi trong ngày và xe đưa đón trong phạm vi khu vực có thể được sắp xếp tại bàn đặt tour. Tại đây cũng có trung tâm dịch vụ doanh nhân và dịch vụ giặt là. Nhà hàng của resort phục vụ ẩm thực Việt Nam và phương Tây. Du khách có thể dùng bữa ngay trong phòng với dịch vụ ăn uống tại phòng.",6.2
4310,Gold Boutique Hotel,Đà Nẵng,"Tọa lạc tại thành phố Đà Nẵng, cách Bãi biển Thanh Bình chỉ một quãng đi bộ ngắn, Gold Boutique Hotel cung cấp chỗ nghỉ với nhà hàng, chỗ đỗ xe riêng miễn phí, hồ bơi ngoài trời và sân hiên. Khách sạn 3 sao này có dịch vụ tiền sảnh và phòng giữ hành lý. Chỗ nghỉ cung cấp dịch vụ lễ tân 24 giờ, dịch vụ đưa đón, dịch vụ phòng và WiFi miễn phí trong toàn bộ khuôn viên. Các phòng nghỉ tại khách sạn đều có máy điều hòa, bàn làm việc, ấm đun nước, tủ lạnh, minibar, két an toàn, TV màn hình phẳng, sân trong và phòng tắm riêng với vòi sen. Tại Gold Boutique Hotel, tất cả phòng nghỉ đều có ga trải giường và khăn tắm. Khách sạn phục vụ bữa sáng kiểu lục địa hàng ngày. Cả Bảo tàng Chăm và Trung tâm thương mại Indochina Riverside đều nằm cách Gold Boutique Hotel 6 km. Sân bay gần nhất là sân bay quốc tế Đà Nẵng, cách khách sạn 7 km.",5.6
4311,Flower Garden Hotel,Hà Nội,"Khách sạn cách Chợ Đồng Xuân và Ga tàu hỏa Long Biên 10 phút đi bộ. Các phòng tại Flower Garden Hanoi tận hưởng nội thất sang trọng và đồ đạc đậm nét. Các phòng được trang bị tốt cung cấp truyền hình vệ tinh với hơn 47 kênh, internet miễn phí và máy pha trà và cà phê. Tại Nhà hàng Vạn Xuân, khách có sự lựa chọn ăn chọn món hoặc dịch vụ ăn tự chọn. Crystal Lotus là một nhà hàng ẩm thực tinh hoa ở tầng mái có tầm nhìn tuyệt đẹp ra khung cảnh thành phố. Piano Cafe cũng cung cấp đồ ăn nhẹ và thức uống cùng với nhạc piano sống. Vị trí của khách sạn Flower Garden Hotel Hà Nội thật lý tưởng cho việc khám phá các điểm tham quan của Hà Nội. Lăng Hồ Chí Minh, Bảo tàng Lịch sử Quân sự Việt Nam và Vườn Bách thảo Hà Nội tất cả đều nằm trong khoảng cách đi bộ từ khách sạn.",6.0
4314,Lief Mila Vung Tau,Vũng Tàu,"Trong số các tiện nghi của chỗ nghỉ này có lễ tân 24 giờ, dịch vụ phòng và WiFi miễn phí trong toàn bộ khuôn viên. Khách sạn có các phòng gia đình. Phòng nghỉ tại khách sạn có máy điều hòa, bàn làm việc, ấm đun nước, tủ lạnh, minibar, két an toàn, TV màn hình phẳng và phòng tắm riêng với vòi sen. Trong phòng được bố trí tủ để quần áo. Lief Mila Vung Tau phục vụ bữa sáng buffet và bữa sáng kiểu Mỹ hằng ngày. Chỗ nghỉ nằm cách Bạch Dinh 3,3 km cũng như Khu du lịch sinh thái và văn hóa Hồ Mây 5,5 km. Sân bay gần nhất là sân bay Vũng Tàu, nằm trong bán kính 7 km từ Lief Mila Vung Tau.",7.7
4315,Dalat Eco Hotel,Đà Lạt,"Nằm ở thành phố Đà Lạt, cách Quảng trường Lâm Viên 2,1 km, Dalat Eco Hotel cung cấp chỗ nghỉ với quầy bar, chỗ đỗ xe riêng miễn phí, sảnh khách chung và khu vườn. Khách sạn 2 sao này cung cấp dịch vụ phòng và dịch vụ tiền sảnh. Chỗ nghỉ có lễ tân 24 giờ, khu vực bếp chung và tổ chức các tour du lịch cho khách. Mỗi phòng nghỉ tại Dalat Eco Hotel đều được trang bị bàn làm việc, TV màn hình phẳng, phòng tắm riêng, ga trải giường và khăn tắm. Một số phòng có ban công. Các phòng được bố trí máy pha cà phê, tủ để quần áo và ấm đun nước. Chỗ nghỉ có sân hiên. Dalat Eco Hotel nằm trong bán kính 2,3 km từ Hồ Xuân Hương và 2,5 km từ Công viên Yersin. Sân bay gần nhất là sân bay Liên Khương, cách khách sạn 30 km, và chỗ nghỉ cung cấp dịch vụ đưa đón sân bay với một khoản phụ phí.",8.3
4316,Sunshine Garden,TP. Hồ Chí Minh,"Nằm ở Thành phố Hồ Chí Minh, cách Trung tâm Hội chợ & Triển lãm Sài Gòn chưa đầy 1, 2 km và Bến Nhà Rồng 6,4 km, Sunshine Garden cung cấp chỗ nghỉ với khu vườn cũng như chỗ đỗ xe riêng miễn phí cho khách lái xe. Chỗ nghỉ cách Bảo tàng Mỹ thuật 7,4 km, Nhà hát Lớn Sài Gòn 7,8 km và trung tâm thương mại Takashimaya Việt Nam 8 km. Chỗ nghỉ cung cấp dịch vụ lễ tân 24 giờ, dịch vụ phòng và phòng giữ hành lý cho khách. Tất cả các căn của khách sạn đều có sẵn ấm đun nước. Mỗi phòng nghỉ tại Sunshine Garden được trang bị máy điều hòa và TV màn hình phẳng. Chỗ nghỉ nằm cách trung tâm thương mại Union Square 8 km và cách trụ sở UBND Thành phố Hồ Chí Minh 8,1 km. Sân bay gần nhất là sân bay quốc tế Tân Sơn Nhất, cách Sunshine Garde 20 km và chỗ nghỉ cung cấp dịch vụ đưa đón sân bay với một khoản phụ phí.",7.5
4317,DE LAPONG Homestay - HÀM LONG,Hà Nội,"Tọa lạc tại một vị trí tuyệt đẹp ở trung tâm thành phố Hà Nội, Feuilles Homestay cung cấp phòng nghỉ gắn máy điều hòa với WiFi miễn phí, chỗ đỗ xe riêng miễn phí và dịch vụ phòng. Nhà khách này nằm gần một số điểm tham quan nổi tiếng, cách trung tâm thương mại Tràng Tiền Plaza khoảng 800 m, Nhà Hát Lớn Hà Nội 1,3 km và Nhà Thờ Lớn 1,5 km. Chỗ nghỉ có lễ tân 24 giờ, sảnh khách chung, bếp chung và tổ chức các tour du lịch cho khách. Phòng nghỉ tại Feuilles Homestay được bố trí khu vực ghế ngồi, bàn làm việc và phòng tắm riêng. Chỗ nghỉ có sân hiên. Feuilles Homestay nằm trong bán kính 1,6 km từ Nhà hát múa rối nước Thăng Long và 2,1 km từ Hồ Hoàn Kiếm. Sân bay gần nhất là sân bay quốc tế Nội Bài, cách nhà khách 22 km.",7.4
4320,Bin Bin Hotel 1 - Near RMIT University,TP. Hồ Chí Minh,"Tọa lạc ở Thành phố Hồ Chí Minh, cách Trung tâm Hội chợ & Triển lãm Sài Gòn 3,2 km và Bảo tàng Mỹ thuật 6 km, Bin Bin Hotel 1 - Near RMIT University cung cấp chỗ nghỉ với khu vườn đồng thời miễn phí WiFi cũng như chỗ đỗ xe riêng cho khách lái xe. Khách sạn này nằm trong bán kính khoảng 6 km từ trung tâm thương mại Takashimaya Việt Nam, 7 km từ Bến Nhà Rồng và 7 km từ Chợ ẩm thực đường phố Bến Thành. Chỗ nghỉ cung cấp dịch vụ lễ tân 24 giờ và dịch vụ phòng cho khách. Phòng nghỉ của khách sạn được trang bị máy điều hòa, truyền hình cáp màn hình phẳng, tủ lạnh, ấm đun nước, chậu rửa vệ sinh (bidet), máy sấy tóc và bàn làm việc. Các phòng cũng có tủ để quần áo và phòng tắm riêng. Công viên Tao Đàn và Bảo tàng Thành phố Hồ Chí Minh nằm cách Bin Bin Hotel 1 lần lượt 7 km và 8 km. Sân bay gần nhất là sân bay quốc tế Tân Sơn Nhất, cách đó 18 km.",6.0
4324,Dendro Hotel,Nha Trang,"Khách sạn Dendro Hotel 3 sao ở thành phố Nha Trang này có hồ bơi trong nhà với ghế dài và quầy bar bên hồ bơi cũng như các phòng nghỉ cách âm đi kèm Wi-Fi miễn phí. Chỉ cách bãi biển công cộng Trần Phú 10 m, nơi đây còn cung cấp dịch vụ cho thuê xe đạp và xe máy với một khoản phụ phí. Khách sạn cung cấp bữa sáng và có thể phục vụ ngay tại phòng nghỉ của quý khách trong khi đồ uống có tại quầy bar bên hồ bơi. Tất cả các phòng máy lạnh tại đây có sàn lát gỗ, TV màn hình phẳng, minibar và két an toàn cá nhân. Phòng tắm riêng đi kèm bồn tắm và vòi sen nước nóng. Dendro Hotel cách Ga Nha Trang 2 km và cách Sân bay Cam Ranh 30 km. Dịch vụ cho thuê xe hơi và các chuyến đi trong ngày có thể được sắp xếp tại bàn đặt tour. Khách sạn cũng có trung tâm dịch vụ doanh nhân và tiện nghi hát karaoke.",6.4
4330,Sea View Luxury - Apartments,Nha Trang,"Với tầm nhìn ra biển, Sea View Luxury - Apartments in Nha Trang cung cấp chỗ nghỉ, hồ bơi ngoài trời, trung tâm thể dục, khu vườn và khu vực bãi biển riêng. Căn hộ cung cấp miễn phí cả WiFi lẫn chỗ đỗ xe riêng. Mỗi căn tại đây đều được bố trí ghế sofa, khu vực ghế ngồi, TV màn hình phẳng, bếp đầy đủ tiện nghi với khu vực ăn uống, két an toàn và phòng tắm riêng đi kèm áo choàng tắm. Các căn còn được trang bị lò vi sóng, tủ lạnh, lò nướng và ấm đun nước. Các điểm tham quan nổi tiếng gần Sea View Luxury - Apartments bao gồm Bãi biển Nha Trang, Tháp Trầm Hương và Trung tâm Mua sắm Nha Trang Centre. Sân bay gần nhất là sân bay quốc tế Cam Ranh, cách đó 26 km, và chỗ nghỉ cung cấp dịch vụ đưa đón sân bay với một khoản phụ phí.",6.0
4331,Classic Street Hotel,Hà Nội,"Classic Street Hotel tọa lạc trên Phố cổ Hàng Bè ở thành phố Hà Nội, nằm trong bán kính 5 phút đi bộ từ Hồ Hoàn Kiếm, Đền Ngọc Sơn và Nhà hát Múa rối Nước Thăng Long. Khách sạn có lối trang trí kiểu Việt Nam truyền thống, Wi-Fi miễn phí và nhà hàng trong khuôn viên phục vụ các món ăn Việt Nam. Các bức ảnh chụp phong cảnh quyến rũ của Việt Nam cổ xưa được treo trên tường ở tất cả các phòng. Trong phòng được trang bị TV màn hình phẳng, đầu đĩa và tiện nghi pha trà/cà phê. Phòng tắm riêng đi kèm vòi sen. Từ Classic Street Hotel, du khách chỉ cần đi bộ 10 phút là tới trung tâm thương mại Trang Tien Plaza và Nhà hát lớn. Lăng Chủ tịch Hồ Chí Minh cũng như Bảo tàng Hồ Chí Minh đều nằm trong bán kính 10 phút lái xe từ khách sạn. Sân bay quốc tế Nội Bài cách đó 45 phút lái xe. Du khách có thể đặt vé máy bay quốc tế và trong nước cũng như lấy bản đồ du lịch tại bàn đặt tour của khách sạn. Dịch vụ đưa đón sân bay cũng được cung cấp tại đây với một khoản phụ phí. Du khách có thể gửi hành lý tại lễ tân 24 giờ.",6.7
4334,Hoàng Phi Hotel,TP. Hồ Chí Minh,"Hoàng Phi Hotel tọa lạc ngay trung tâm khu vực tây ba lô của Thành phố Hồ Chí Minh. Cách chợ Bến Thành nổi tiếng chỉ 1 đoạn đi bộ ngắn, khách sạn còn cung cấp Wi-Fi miễn phí tại tất cả các khu vực. Khách sạn với giá cả phải chăng này nằm trong bán kính 5 phút lái xe từ Nhà thờ Đức Bà và Dinh Thống Nhất lịch sử. Ga Sài Gòn cách đó 15 phút lái xe và Sân bay Quốc tế Tân Sơn Nhất cách khách sạn 35 phút lái xe. Với sàn lát đá cẩm thạch, các phòng nghỉ máy lạnh tại Hoàng Phi Hotel đều được trang bị truyền hình cáp màn hình phẳng, tủ quần áo và khu vực tiếp khách. Tất cả đều có phòng tắm riêng và đều được cung cấp đồ vệ sinh cá nhân miễn phí. Khách sạn có quầy lễ tân 24 giờ và cung cấp các dịch vụ để hành lý cũng như giặt / ủi. Khách cũng có thể sử dụng các dịch vụ đưa đón sân bay với 1 khoản phí thêm và sắp xếp các chuyến du lịch của mình tại bàn đặt tour.",6.2
4336,Azumi,Hội An,"Với tầm nhìn toàn cảnh ra cánh đồng lúa và trại nuôi vịt, Azumi cung cấp các chỗ nghỉ tránh xa sự nhộn nhịp của thành phố Hội An. Chỗ nghỉ này có hồ bơi vô cực ngoài trời và du khách có thể dùng bữa tại nhà hàng trong khuôn viên hay nhâm nhi đồ uống tại quầy bar cạnh hồ bơi. Wi-Fi được cung cấp miễn phí trong tất cả các phòng nghỉ. Azumi cách Hội Quán Triều Châu Trung Quốc 600 m. Chỗ nghỉ cách Hội Quán Hải Nam Trung Quốc 700 m và Hội quán Phúc Kiến 800 m. Sân bay gần nhất là sân bay quốc tế Đà Nẵng, cách đó 23 km. Dịch vụ đưa đón sân bay được cung cấp với một khoản phụ phí. Các phòng theo phong cách hiện đại tại đây được bài trí sáng sủa với các tác phẩm nghệ thuật của địa phương. Các phòng còn có máy điều hòa và khu vực ghế ngồi với Smart TV truyền hình cáp màn hình phẳng, bàn làm việc, minibar cùng két an toàn. Một số phòng có khu vườn riêng với giường nằm phơi nắng và vòi sen ngoài trời. Phòng tắm riêng đi kèm máy sấy tóc và đồ vệ sinh cá nhân miễn phí. Du khách có thể tới quầy lễ tân để đặt dịch vụ đến các điểm tham quan. Chỗ nghỉ còn cung cấp xe đạp cho khách sử dụng miễn phí để khám phá khu vực xung quanh. Nhà hàng trong khuôn viên phục vụ một loạt các món ăn đúng kiểu của Việt Nam.",7.0
4339,Azura Resort,Phú Quốc,"Nằm trên đảo Phú Quốc, Azura Resort có nhà hàng, quầy bar, sảnh khách chung và khu vườn. Resort này có các phòng gia đình và tiện nghi BBQ. Chỗ nghỉ cung cấp dịch vụ lễ tân 24 giờ, dịch vụ phòng và dịch vụ thu đổi ngoại tệ cho khách. Mỗi phòng nghỉ của resort đều được bố trí máy điều hòa, khu vực ghế ngồi, TV truyền hình cáp màn hình phẳng, két an toàn, ấm đun nước và phòng tắm riêng với vòi xịt/chậu rửa vệ sinh, áo choàng tắm cùng dép. Một số phòng có sân trong trong khi những phòng còn lại nhìn ra hồ bơi. Tại Azura Resort, các phòng được trang bị ga trải giường và khăn tắm. Chỗ nghỉ phục vụ bữa sáng à la carte hàng ngày. Azura Resort có sân hiên. Các điểm tham quan nổi tiếng gần resort bao gồm Bãi Dài, Chùa Sùng Hưng và Chợ đêm Phú Quốc.",7.2
4343,Lamarque Dalat Villa,Đà Lạt,"Chỗ nghỉ này có dịch vụ phòng và sân hiên. Khách sạn có hồ bơi ngoài trời, lễ tân 24 giờ và WiFi miễn phí. Mỗi phòng nghỉ tại khách sạn đều được trang bị bàn làm việc, TV màn hình phẳng, phòng tắm riêng, ga trải giường, khăn tắm và ấm đun nước. Một số phòng có ban công trong khi các phòng còn lại nhìn ra hồ bơi. Các phòng được bố trí tủ để quần áo. Lamarque Dalat Villa phục vụ bữa sáng à la carte. Chỗ nghỉ có phòng xông hơi khô. Du khách có thể chơi bida và thuê xe hơi tại Lamarque Dalat Villa. Khách sạn nằm cách Quảng trường Lâm Viên 2,6 km và Hồ Xuân Hương 2,8 km. Sân bay gần nhất là sân bay Liên Khương, nằm trong bán kính 31 km từ Lamarque Dalat Villa, và chỗ nghỉ cung cấp dịch vụ đưa đón sân bay với một khoản phụ phí.",6.0
4352,Sleep Box Hostel Phú Quốc,Phú Quốc,"Tọa lạc tại vị trí tuyệt đẹp trên đảo Phú Quốc, cách Bãi Dài, Chùa Sùng Hưng và Chợ đêm Phú Quốc một quãng ngắn, Sleep Box Hostel Phú Quốc cung cấp chỗ nghỉ có tầm nhìn ra vườn, sân hiên và WiFi miễn phí. Mỗi phòng nghỉ tại đây đều được trang bị máy điều hòa, TV màn hình phẳng, tủ lạnh và phòng tắm riêng với vòi sen. Để thêm phần thuận tiện cho du khách, chỗ nghỉ có thể cung cấp khăn tắm và ga trải giường với một khoản phụ phí. Các điểm tham quan nổi tiếng gần nhà nghỉ B&B này bao gồm Dinh Cậu, Trung tâm Lặn biển Coco và Chùa Sư Muôn.",7.0
4355,Phu Quoc Bambusa Resort,Phú Quốc,"Nằm tại đảo Phú Quốc, Phu Quoc Bambusa Resort có nhà hàng, xe đạp cho khách sử dụng miễn phí, hồ bơi ngoài trời và quầy bar. Nằm cách Bãi biển Ông Lang chưa đầy 1 km và cách Chùa Sùng Hưng 7 km, chỗ nghỉ này có sảnh khách chung và khu vườn. Khách sạn cung cấp dịch vụ lễ tân 24 giờ, dịch vụ đưa đón sân bay, dịch vụ phòng và WiFi miễn phí trong toàn bộ khuôn viên. Các phòng nghỉ tại khách sạn được trang bị máy điều hòa, tủ để quần áo, ấm đun nước, minibar, két an toàn, TV màn hình phẳng, ban công và phòng tắm riêng với vòi sen. Một số phòng còn có bếp với lò vi sóng và bếp nấu. Tại Phu Quoc Bambusa Resort, mỗi phòng đều bố trí ga trải giường và khăn tắm. Chỗ nghỉ phục vụ bữa sáng buffet hằng ngày. Phu Quoc Bambusa Resort có sân hiên. Khách nghỉ tại khách sạn có thể tham gia các hoạt động trong và xung quanh đảo Phú Quốc, chẳng hạn như đạp xe. Sòng bài Corona Casino và công viên giải trí Vinpearl Land Phú Quốc đều nằm cách Phu Quoc Bambusa Resort 14 km.",7.8
4356,Thien Nga Hotel,Nha Trang,"Nơi đây nằm trong bán kính chỉ 5 phút đi bộ từ Bãi biển Nha Trang và có hồ bơi ngoài trời cũng như Wi-Fi miễn phí. Khách sạn cách Sân bay Cam Ranh 40 phút lái xe. Ga Tàu Nha Trang, Chùa Long Sơn và Công viên Giải trí Vinpearl đều cách đó khoảng 3 km. Các phòng tại Hotel Nice Swan được lắp máy lạnh toàn bộ và có cửa sổ lớn cho phép nhiều ánh sáng tự nhiên lọt vào. Các phòng được trang bị truyền hình vệ tinh màn hình phẳng, minibar và khu vực tiếp khách thoải mái. Các suite có ban công riêng và bồn tắm. Nhà hàng phục vụ đủ loại món ăn Âu và Á. Dịch vụ ăn uống ngay tại phòng cũng được cung cấp cho khách. Ngoài ra, khách sạn còn cung cấp các dịch vụ khác như giặt là và thu đổi ngoại tệ. Bàn bán tour sẽ giúp quý khách tổ chức các chuyến du ngoạn đến những điểm tham quan du lịch. Tại đây cũng cung cấp dịch vụ cho thuê xe đạp cũng như xe hơi cho những khách muốn tự mình khám phá khu vực.",6.0
4359,Hoi An Pho Library Hotel,Hội An,"Tọa lạc tại trung tâm thành phố Hội An, cách Khu Phố Cổ giàu giá trị văn hóa chỉ 5 phút đi bộ, Hoi An Pho Library Hotel chào đón du khách bằng đồ uống đồng thời cung cấp hồ bơi trên sân thượng, các phòng hiện đại với những tác phẩm thủ công của địa phương và Wi-Fi miễn phí trong toàn khuôn viên. Quý khách có thể chiêm ngưỡng những căn nhà, ngôi đền và Chùa Cầu Nhật Bản có từ thế kỷ 19 trong Khu Phố Cổ. Hotel Vinh Hung cách các bãi biển Cửa Đại và An Bàng 10 phút lái xe. Các phòng nghỉ tại đây có đồ nội thất cổ điển bằng gỗ tối màu được chạm khắc tinh xảo, Wi-Fi miễn phí và truyền hình cáp màn hình phẳng. Một số phòng chọn lọc đi kèm ban công nhìn ra cảnh thành phố hoặc khu vườn. Khách sạn có hiên tắm nắng và dịch vụ cho thuê xe đạp đáp ứng nhu cầu những khách muốn khám phá thành phố. Chỗ nghỉ này cũng có bàn đặt tour có thể hỗ trợ khách sắp xếp việc đi tham quan và trung tâm dịch vụ doanh nhân. Khách nghỉ tại khách sạn được đọc miễn phí tuyển chọn nhiều cuốn sách, tạp chí và tiểu thuyết bằng những ngôn ngữ khác nhau của thư viện. Những khách quan tâm có thể mang sách có giá trị tương đương để đổi lấy một cuốn sách của thư viện miễn phí. Quý khách có thể thưởng thức các món ăn Âu Á ngon tuyệt tại nhà hàng của khách sạn, nơi phục vụ bữa sáng tự chọn hàng ngày.",6.9
4364,Dear House near Bai Sau beach,Vũng Tàu,"Chỗ nghỉ này có các phòng gia đình và sân hiên. Nơi đây cung cấp dịch vụ lễ tân 24 giờ và dịch vụ phòng cho khách. Phòng nghỉ tại khách sạn được trang bị tủ để quần áo, ấm đun nước, phòng tắm riêng, dép và ga trải giường. Một số phòng có khu vực bếp nấu ăn.  Các điểm tham quan nổi tiếng gần Dear House near Bai Sau beach bao gồm Bãi Sau, Ngọn hải đăng Vũng Tàu và Tượng Chúa Kitô Vua. Sân bay gần nhất là sân bay quốc tế Tân Sơn Nhất, nằm trong bán kính 71 km từ chỗ nghỉ.",6.2
4370,Eco Palms House - Sapa Retreat,Sa Pa,"Trong khuôn viên chỗ nghỉ có quầy bar và chỗ đỗ xe riêng miễn phí. Một số phòng nghỉ tại đây có sân hiên hoặc ban công. Tất cả các phòng đều đi kèm phòng tắm riêng với dép cùng đồ vệ sinh cá nhân miễn phí nhằm tạo sự thoải mái cho khách. Chỗ nghỉ có lễ tân làm việc 24 giờ, sảnh khách chung, dịch vụ trông trẻ và cửa hàng quà lưu niệm. Khách có thể chơi ném phi tiêu tại resort. Đạp xe là hoạt động được ưa thích trong khu vực. Resort còn cho thuê cả xe máy. Eco Palms House - Mountain Retreat cách trạm cáp treo Fansipan Legend 6 km và cách Núi Fansipan 7 km.",7.8
4377,Park View Hotel,Huế,"Sông Hương và các khu vực mua sắm cũng ở gần đó. Từ khách sạn đến Sân bay Quốc tế Phú Bài mất 15 phút lái xe. Park View Hotel Huế cung cấp các phòng được trang bị tiện nghi, có truyền hình cáp và phòng tắm đủ vật dụng. Hầu hết các phòng đều có ban công riêng với tầm nhìn ra thành phố và dòng sông. Trung tâm spa tại Park View chuyên cung cấp liệu pháp trị bệnh bằng thảo dược kết hợp với kỹ thuật tiên tiến và đặc trưng với mát-xa Trị liệu Chân của nơi này. Lựa chọn ăn uống gồm cả Nhà hàng Park View phục vụ các món ăn Âu, Á và Việt. Bến Thành Café được thiết kế lý tưởng để khách thư giãn trong lúc thưởng thức cocktail và chiêm ngưỡng cảnh quan Thành phố Huế và Sông Hương. Park View Hotel cách điểm Di sản Thế giới của Huế 20 phút lái xe. Khách có thể đi bộ đến Bảo tàng Phùng Thị Diễm và Ga xe lửa.",6.0
4382,Abogo Resort Villas Beachview Da Nang,Đà Nẵng,"Nằm ở thành phố Đà Nẵng, Abogo Resort Villas Beachview Da Nang có nhà hàng, lễ tân 24 giờ, quầy bar, khu vườn, hồ bơi ngoài trời mở cửa quanh năm, sân chơi cho trẻ em và tầm nhìn ra dòng sông. Biệt thự cung cấp miễn phí cả WiFi lẫn chỗ đỗ xe riêng. Mỗi căn tại đây đều có tầm nhìn ra hồ nước/hồ bơi, bếp, TV truyền hình vệ tinh màn hình phẳng và đầu đĩa Blu-ray, bàn làm việc, máy giặt cũng như phòng tắm riêng đi kèm bể sục cùng áo choàng tắm. Tất cả các căn được bố trí máy điều hòa cũng như khu vực tiếp khách và/hoặc ăn uống. Abogo Resort Villas Beachview phục vụ bữa sáng kiểu lục địa hàng ngày. Du khách có thể sử dụng trung tâm chăm sóc sức khỏe và spa, chơi bida, thu xếp các chuyến đi tại bàn đặt tour hoặc thuê xe hơi để khám phá khu vực xung quanh. Chỗ nghỉ có phòng tập thể dục và thiết bị giặt là. Du khách có thể đi trượt tuyết và đi xe đạp ở khu vực gần đó trong khi trong khuôn viên cũng có dịch vụ cho thuê thiết bị trượt tuyết, khu vực bãi biển riêng và điểm bán vé trượt tuyết. Các điểm tham quan nổi tiếng gần Abogo Resort Villas Beachview Da Nang bao gồm Bãi biển Non Nước, Bãi biển Bắc Mỹ An và Ngũ Hành Sơn. Sân bay gần nhất là sân bay quốc tế Đà Nẵng, cách biệt thự 8 km, và chỗ nghỉ cung cấp dịch vụ đưa đón sân bay miễn phí.",6.7
4389,Gaia Hotel Phu Quoc,Phú Quốc,"Với hồ bơi ngoài trời và tầm nhìn ra biển, Gaia Hotel Phu Quoc nằm ở thị trấn Dương Đông trên đảo Phú Quốc, cách Chợ Đêm Phú Quốc 900 m. Khách sạn có hồ bơi ngoài trời mở cửa quanh năm cùng tiện nghi BBQ. Quý khách có thể thưởng thức bữa ăn tại nhà hàng hoặc đồ uống tại quầy bar. Wi-Fi và chỗ đỗ xe riêng trong khuôn viên đều được cung cấp miễn phí. Các phòng có máy điều hòa, TV truyền hình cáp màn hình phẳng và ấm đun nước. Một số phòng có khu vực ghế ngồi để khách thư giãn và/hoặc có tầm nhìn ra biển. Các phòng nghỉ tại đây có ấm đun nước và phòng tắm riêng với bồn tắm, dép, đồ vệ sinh cá nhân miễn phí cùng máy sấy tóc. Khách sạn cung cấp xe đạp cho khách sử dụng miễn phí và lặn với ống thở là hoạt động phổ biến trong khu vực này. Khách sạn cũng cho thuê xe hơi. Gaia Hotel Phu Quoc cách Dinh Cậu 1 km, Bãi Sao 21 km và sân bay gần nhất là sân bay quốc tế Phú Quốc 9 km.",6.9
4398,Private Pool Villa Da Nang - 3 Bedrooms #1,Đà Nẵng,"Tọa lạc tại thành phố Đà Nẵng, gần Bãi biển Non Nước, Private Pool Villa Da Nang - 3 bedrooms p5 cung cấp chỗ nghỉ với hồ bơi ngoài trời, dịch vụ cho thuê xe hơi, khu vực bãi biển riêng, sảnh khách chung và vườn. Biệt thự này có chỗ đỗ xe riêng miễn phí và nằm trong khu vực du khách có thể tham gia các hoạt động như đi bộ đường dài cũng như lướt ván buồm. Biệt thự được bố trí 3 phòng ngủ, 4 phòng tắm, ga trải giường, khăn tắm, TV màn hình phẳng, khu vực ăn uống, bếp đầy đủ tiện nghi và sân trong nhìn ra hồ bơi. Khách nghỉ tại biệt thự có thể thưởng thức bữa sáng à la carte và bữa sáng kiểu Mỹ. Nhân viên nói tiếng Anh, tiếng Pháp, tiếng Nhật và tiếng Hàn tại lễ tân sẵn sàng hướng dẫn cho du khách suốt 24/24. Private Pool Villa Da Nang - 3 bedrooms p5 cũng có sân chơi cho trẻ em trong khi du khách còn có thể thư giãn trên sân hiên tắm nắng. Chỗ nghỉ nằm cách Bãi biển Bắc Mỹ An 2,6 km và Ngũ Hành Sơn 1,5 km. Sân bay gần nhất là sân bay quốc tế Đà Nẵng, nằm trong bán kính 9 km từ Private Pool Villa Da Nang - 3 bedrooms p5, và chỗ nghỉ cung cấp dịch vụ đưa đón sân bay với một khoản phụ phí.",7.5
4400,Homestay coco,Vũng Tàu,"Chỗ nghỉ này có các phòng gia đình và sân hiên. Chỗ nghỉ cung cấp dịch vụ lễ tân 24 giờ, dịch vụ phòng và phòng giữ hành lý cho khách. Phòng nghỉ tại Homestay coco được bố trí máy điều hòa, khu vực ghế ngồi, TV truyền hình vệ tinh màn hình phẳng, khu vực bếp ăn nhỏ, khu vực ăn uống, két an toàn, ấm đun nước và phòng tắm riêng đi kèm vòi xịt/chậu rửa vệ sinh, dép cùng máy sấy tóc. Một số phòng có ban công trong khi các phòng còn lại cho tầm nhìn ra khu vườn. Mỗi phòng đều được trang bị ga trải giường và khăn tắm. Các điểm tham quan nổi tiếng gần chỗ nghỉ bao gồm Bãi Trước, Bãi Sau và Ngọn hải đăng Vũng Tàu. Sân bay gần nhất là sân bay quốc tế Tân Sơn Nhất, nằm trong bán kính 110 km từ Homestay coco, và chỗ nghỉ cung cấp dịch vụ đưa đón sân bay với một khoản phụ phí.",7.5
4403,SeaSala Hotel,Vũng Tàu,"SeaSala Hotel cung cấp chỗ nghỉ tại thành phố Vũng Tàu, cách Bãi Sau 2 phút đi bộ. Các phòng nghỉ tại đây có TV và phòng tắm riêng với vòi sen, dép cùng đồ vệ sinh cá nhân miễn phí tạo sự thoải mái cho khách. SeaSala Hotel cung cấp Wi-Fi miễn phí trong toàn bộ khuôn viên. Tại đây cũng có lễ tân hoạt động 24 giờ. Khách sạn cách Tượng Chúa Kitô Vua 1,4 km, trung tâm mua sắm Lam Sơn Square 2 km và sân bay quốc tế Tân Sơn Nhất 72 km.",5.4
4407,Hidden Beach Pool Villas,Hội An,"Tọa lạc trong một ngôi làng yên tĩnh, Hidden Beach Pool Villas nằm trong ngôi nhà truyền thống bằng gỗ, được xây dựng bằng vật liệu gỗ có nguồn gốc bền vững. Nơi nghỉ này chỉ cách Bãi biển An Bàng nổi tiếng vài bước chân. Du khách có thể thư giãn trong khu vườn hoặc ngâm mình trong hồ bơi ngoài trời. Wi-Fi được cung cấp miễn phí tại đây. Mỗi chỗ ở lắp máy điều hòa đều có phòng khách với khu vực ghế ngồi và nhà bếp đầy đủ tiện nghi. Phòng tắm riêng đi kèm vòi sen. Dịch vụ cho thuê xe đạp được cung cấp theo yêu cầu tại Hidden Beach Pool Villas. Hội quán Triều Châu và Bảo tàng Lịch sử Hội An cách chỗ nghỉ 3,7 km. Sân bay gần nhất là sân bay quốc tế Đà Nẵng, cách đó 23 km.",8.1
4409,"InterContinental Danang Sun Peninsula Resort, an IHG Hotel",Đà Nẵng,"Du khách có thể ngắm nhìn quang cảnh biển tuyệt đẹp từ resort. Toàn bộ chỗ ở tại đây đều được bài trí sang trọng và có ban công riêng. Các biệt thự bên bờ biển của resort nằm ẩn mình giữa những tảng đá hùng vĩ tại chân núi và có hồ bơi riêng, hiên tắm nắng cùng các tiện nghi phòng tắm sang trọng. Một số phòng chọn lọc đi kèm bồn tắm spa và hiên ăn uống riêng nhìn ra quang cảnh biển tuyệt đẹp. Chỗ ở này cách Sân bay Đà Nẵng 45 phút và cách Ngũ Hành Sơn 30 phút. Bảo tàng Chăm cách đó khoảng 25 km trong khi Hoàng Thành Huế, Phố Cổ Hội An và khu di tích Mỹ Sơn nổi tiếng được UNESCO công nhận là Di sản Thế giới nằm cách khách sạn khoảng 45 km. Du khách cũng có thể ghé CLB Chơi gôn Montgomerie Links nổi tiếng thế giới hoặc thử thách bản thân tại CLB Chơi gôn Đà Nẵng. Resort có nhiều lựa chọn giải trí như đi xe đạp, câu cá và đi bộ đường dài. Ngoài ra, du khách có thể yêu cầu dịch vụ mát-xa thư giãn hay các liệu pháp chăm sóc toàn thân tại spa. Trong khuôn viên nơi này cũng có trung tâm thể dục hiện đại. Khách sẽ có dịp nếm thử các món ăn tươi ngon của Việt Nam trong các gian riêng, nằm cao hơn mực nước biển 100 m tại nhà hàng Citron Restaurant. Để có một trải nghiệm ăn uống bên bờ biển thoải mái, hãy ghé vào nhà hàng Barefoot và nếm thử các loại thịt nướng thơm ngon cũng như hải sản tươi ngon kết hợp với cocktail và rượu vang. Quán Buffalo Bar phục vụ rượu champagne truyền thống và xì gà cuốn bằng tay thơm ngon.",8.2
4410,Champa Island Nha Trang,Nha Trang,"Nằm ở thành phố Nha Trang, cách Bãi biển Nha Trang 1 km, Champa Island Nha Trang cung cấp chỗ nghỉ với nhà hàng, chỗ đỗ xe riêng miễn phí, hồ bơi ngoài trời và trung tâm thể dục. Trong số nhiều tiện nghi của resort này còn có quán bar, vườn và khu vực bãi biển riêng. Chỗ nghỉ cung cấp dịch vụ lễ tân 24 giờ, dịch vụ đưa đón sân bay, dịch vụ phòng và WiFi miễn phí. Mỗi phòng nghỉ tại Champa Island Nha Trang đều được bố trí máy điều hòa, khu vực ghế ngồi, TV truyền hình vệ tinh màn hình phẳng, két an toàn, ấm đun nước và phòng tắm riêng với vòi sen, áo choàng tắm cùng dép. Một số phòng nhìn ra hồ bơi. Các phòng được trang bị ga trải giường và khăn tắm. Champa Island Nha Trang phục vụ bữa sáng buffet và bữa sáng à la carte hàng ngày. Resort cung cấp chỗ nghỉ 5 sao với phòng xông hơi khô và sân chơi cho trẻ em. Du khách có thể chơi bi-a và thuê xe đạp tại Champa Island Nha Trang. Các điểm tham quan nổi tiếng gần chỗ nghỉ bao gồm Bãi biển Hòn Chồng, Tháp Bà Po Nagar và Chợ Đầm. Sân bay gần nhất là sân bay quốc tế Cam Ranh, nằm trong bán kính 39 km từ Champa Island Nha Trang.",7.4
4414,Bonjour Nha Trang Hotel,Nha Trang,"Tọa lạc ở thành phố Nha Trang, Bonjour Nha Trang Hotel có nhà hàng, hồ bơi ngoài trời, trung tâm thể dục và quán bar. Mỗi chỗ nghỉ tại khách sạn 4 sao này đều có tầm nhìn ra quang cảnh thành phố và WiFi miễn phí. Chỗ nghỉ cung cấp dịch vụ lễ tân 24 giờ, dịch vụ phòng và dịch vụ thu đổi ngoại tệ cho khách. Phòng nghỉ gắn máy điều hòa của khách sạn có tủ để quần áo, ấm đun nước, két an toàn, TV màn hình phẳng, ban công và phòng tắm riêng với vòi xịt/chậu rửa vệ sinh. Bonjour Nha Trang Hotel phục vụ bữa sáng kiểu lục địa hàng ngày. Các điểm tham quan nổi tiếng gần chỗ nghỉ bao gồm Bãi biển Nha Trang, Quảng trường 2/4 và Tháp Trầm Hương. Sân bay gần nhất là sân bay quốc tế Cam Ranh, cách Bonjour Nha Trang Hotel 37 km, và chỗ nghỉ cung cấp dịch vụ đưa đón sân bay với một khoản phụ phí.",7.0
4425,Cottage Village,Phú Quốc,"Bao quanh là cây cối vùng nhiệt đới, Cottage Village cung cấp chỗ nghỉ yên bình và thoải mái với Wi-Fi miễn phí trong các phòng nghỉ, quầy lễ tân làm việc 24 giờ, nhà hàng và chỗ đỗ xe miễn phí trong khuôn viên. Chỗ nghỉ này chỉ cách bãi biển công cộng Ông Lang 10 phút tản bộ, Nhà Máy Nước Mắm lẫn Trung tâm lặn Coco 6 km, Dinh Cậu 8 km và sân bay quốc tế Phú Quốc 17 km lái xe. Với tầm nhìn ra khu vườn, các phòng và bungalow lắp máy điều hòa tại đây được trang bị sàn lát gỗ/lót gạch, tủ quần áo, tủ lạnh mini và TV truyền hình cáp. Phòng tắm riêng đi kèm tiện nghi vòi sen, dép và đồ vệ sinh cá nhân miễn phí. Khách nghỉ tại Cottage Village có thể tới gặp nhân viên thân thiện để được hỗ trợ với các dịch vụ giữ hành lý, giặt thường/giặt hấp và đưa đón sân bay/bến cảng.",6.8
4426,Tran Vien Dong Hotel,Nha Trang,"Khách sạn 4 sao này có WiFi miễn phí, sảnh khách chung và vườn. Khách sạn cung cấp dịch vụ lễ tân 24 giờ, dịch vụ phòng và dịch vụ thu đổi ngoại tệ cho khách. Khách sạn phục vụ bữa sáng à la carte và bữa sáng kiểu Á hàng ngày. Tran Vien Dong Hotel có sân hiên tắm nắng. Các điểm tham quan nổi tiếng gần khách sạn gồm Tháp Trầm Hương, Quảng trường 2/4 và Trung tâm mua sắm Nha Trang Centre. Sân bay gần nhất là sân bay quốc tế Cam Ranh, cách Tran Vien Dong Hotel 37 km.",9.0
4428,Melody Boutique Villa Hoi An,Hội An,"Nằm cách Bảo tàng Lịch sử Hội An 2,9 km, Melody Boutique Villa Hoi An cung cấp chỗ nghỉ với quầy bar, sảnh khách chung và lễ tân 24 giờ để tạo thuận tiện cho khách. Chỗ ở có sân trong/ban công nhìn ra hồ nước và khu vườn, máy điều hòa, khu vực ghế ngồi, TV truyền hình vệ tinh màn hình phẳng cũng như bếp. Nơi đây còn được trang bị lò vi sóng, tủ lạnh, lò nướng và ấm đun nước. Biệt thự có sân hiên. Melody Boutique Villa Hoi An có trung tâm dịch vụ doanh nhân, WiFi miễn phí và chỗ đỗ xe riêng miễn phí. Du khách có thể bơi ở hồ bơi ngoài trời, đi bộ đường dài hoặc đi xe đạp hay thư giãn trong vườn. Chỗ nghỉ nằm cách Làng Thanh Hà 3,1 km và Hội quán Triều Châu 3,4 km. Sân bay gần nhất là sân bay quốc tế Đà Nẵng, nằm trong bán kính 21 km từ Melody Boutique Villa Hoi An, và chỗ nghỉ cung cấp dịch vụ đưa đón sân bay với một khoản phụ phí.",7.8
4429,Tomorrow Hostel Vũng Tàu - Tomorrow Homestay,Vũng Tàu,"Tọa lạc tại thành phố Vũng Tàu, cách Bãi Trước 600 m, Tomorrow Hostel Vũng Tàu cung cấp chỗ nghỉ với quầy bar, chỗ đỗ xe riêng miễn phí, sảnh khách chung và vườn. Trong số các tiện nghi của chỗ nghỉ còn có lễ tân 24 giờ, bếp chung và WiFi miễn phí trong toàn bộ khuôn viên. Hostel cung cấp các phòng gia đình. Tất cả phòng nghỉ tại hostel đều được trang bị máy điều hòa và két an toàn. Tomorrow Hostel Vũng Tàu có sân hiên tắm nắng. Các điểm tham quan nổi tiếng gần chỗ nghỉ bao gồm Bãi Sau, Bãi Dứa và Bến tàu Cánh ngầm. Sân bay gần nhất là sân bay quốc tế Tân Sơn Nhất, nằm trong bán kính 108 km từ Tomorrow Hostel Vũng Tàu.",6.7
4434,Bao Phuc Hotel,Phú Quốc,"Chỗ nghỉ này nằm trong bán kính 17 km từ công viên giải trí Vinpearl Land Phú Quốc, 800 m từ Nhà thùng Nước mắm và 1,1 km từ Chùa Sư Muôn. Chỗ nghỉ cung cấp dịch vụ lễ tân 24 giờ và dịch vụ phòng cho khách. Phòng nghỉ tại Bao Phuc Hotel được trang bị bàn làm việc, TV màn hình phẳng, phòng tắm riêng, máy điều hòa và tủ để quần áo. Chỗ nghỉ nằm gần các điểm tham quan nổi tiếng như Chợ đêm Phú Quốc, Dinh Cậu và Trung tâm Lặn biển Coco.",6.5
4442,Do River Homestay,Hội An,"Với tầm nhìn ra sông, Do River Homestay ở thành phố Hội An có chỗ nghỉ, nhà hàng, xe máy cho khách sử dụng miễn phí, quán bar, sảnh khách chung và vườn. Homestay này cung cấp miễn phí cả WiFi lẫn chỗ đỗ xe riêng. Tất cả phòng nghỉ tại đây đều được bố trí khu vực ghế ngồi, truyền hình vệ tinh màn hình phẳng cũng như phòng tắm riêng với máy sấy tóc và vòi sen. Ngoài ra, phòng còn có tủ lạnh và ấm đun nước. Do River Homestay phục vụ bữa sáng kiểu lục địa hoặc kiểu à la carte. Chỗ nghỉ cũng có sân hiên. Cả dịch vụ cho thuê xe đạp và dịch vụ cho thuê xe hơi đều có sẵn tại Do River Homestay. Du khách có thể đi xe đạp gần đó. Homestay cách Bãi biển Cửa Đại 1,5 km và Bãi biển An Bàng 1,7 km. Sân bay gần nhất là sân bay quốc tế Đà Nẵng, cách Do River Homestay 29 km. Chỗ nghỉ cung cấp dịch vụ đưa đón sân bay với một khoản phụ phí.",8.1
4446,Vy Khanh Guesthouse,TP. Hồ Chí Minh,"Vy Khanh Guesthouse nằm ở trung tâm Thành phố Hồ Chí Minh, trong bán kính 700 m đi bộ từ Chợ Bến Thành nổi tiếng. Nơi đây cung cấp Wi-Fi miễn phí và các phòng sạch sẽ với phòng tắm riêng. Nơi nghỉ hoàn toàn cấm hút thuốc này cách cả Bảo tàng Mỹ thuật lẫn Công viên Tao Đàn chỉ 700 m. Sân bay Quốc tế Tân Sơn Nhất cách đó chỉ 7 km. Các phòng máy lạnh tại đây được trang bị truyền hình vệ tinh, tủ lạnh mini và tủ quần áo. Phòng tắm riêng đi kèm tiện nghi vòi sen nước nóng/lạnh và máy sấy tóc. Vy Khanh Guesthouse cung cấp dịch vụ giặt là/ủi và dịch vụ thu đổi ngoại tệ. Nhân viên tại bàn đặt tour có thể trợ giúp khách thu xếp việc đi lại bao gồm cả dịch vụ đưa/đón sân bay.",8.0
4453,Silverland Jolie Hotel,TP. Hồ Chí Minh,"Nằm ở một góc yên tĩnh của Thành phố Hồ Chí Minh, Silverland Jolie Hotelcó tầm nhìn ra quang cảnh Sông Sài Gòn và Bến Bạch Đằng. Khách sạn này có bể sục ngoài trời, quán bar trên sân thượng cũng như nhà hàng và trung tâm spa. Silverland Jolie Hotelnằm trong bán kính 5 phút đi bộ từ Nhà thờ Đức Bà và 10 phút đi bộ từ Chợ Bến Thành. Sân bay quốc tế Tân Sơn Nhất nằm cách chỗ nghỉ 20 phút lái xe. Một số điểm tham quan khác cách đó chưa đến 10 phút đi bộ. Được trang trí theo phong cách thuộc địa với đồ nội thất màu trắng tuyệt đẹp, phòng nghỉ lắp máy điều hòa tại đây có TV màn hình phẳng và két an toàn. Nước đóng chai, cà phê và trà miễn phí được cung cấp hàng ngày. Các phòng tắm riêng được trang bị bồn tắm và vòi sen. Du khách có thể tận hưởng các dịch vụ mát-xa, làm móng tay và móng chân hoặc chăm sóc tóc tại KL Spa. Nhân viên khách sạn có thể sắp xếp các tour du lịch nội thành, dịch vụ đưa đón sân bay và dịch vụ giặt là. Trung tâm dịch vụ doanh nhân nhỏ cung cấp dịch vụ fax/photocopy và internet. Quán Jolie Café and Lounge, nơi phục vụ bữa sáng hàng ngày, có thực đơn à la carte phong phú vào bữa trưa cũng như bữa tối với một loạt món ăn Việt Nam, Châu Á và Châu Âu. Quán Rooftop Garden Bar phục vụ đủ loại cocktail giải khát cùng đồ uống có cồn khác.",6.1
4456,Nguyen Gia Hotel,Đà Nẵng,"Chỗ nghỉ này có các phòng gia đình và sân hiên. Nơi đây cung cấp dịch vụ phòng, dịch vụ tiền sảnh và dịch vụ thu đổi ngoại tệ cho khách. Phòng nghỉ gắn máy điều hòa tại khách sạn được trang bị bàn làm việc, ấm đun nước, minibar, két an toàn, TV màn hình phẳng và phòng tắm riêng với vòi xịt/chậu rửa vệ sinh. Một số phòng còn có khu vực bếp ăn đi kèm tủ lạnh và bếp nấu. Tất cả các phòng đều được trang bị tủ để quần áo. Khách nghỉ tại Nguyen Gia Hotel có thể thưởng thức bữa sáng buffet hoặc bữa sáng à la carte. Chỗ nghỉ nằm cách bãi tắm Bãi Bụt 3 km và Cầu Sông Hàn 5 km.",8.0
4459,Little House Town Villa,Hội An,"Tọa lạc tại thành phố Hội An, cách Bảo tàng Lịch sử Hội An 700 m và Chùa Cầu Nhật Bản chưa đầy 1 km, Little House Town Villa cung cấp chỗ nghỉ với WiFi miễn phí, máy điều hòa, quầy bar và vườn. Nhà nghỉ B&B này có TV màn hình phẳng và phòng tắm riêng với máy sấy tóc, đồ vệ sinh cá nhân miễn phí cùng vòi sen. Little House Town Villa phục vụ bữa sáng à la carte hàng ngày. Chỗ nghỉ có sân hiên. Các điểm tham quan nổi tiếng gần Little House Town Villa bao gồm Hội quán Quảng Đông, Hội quán Triều Châu và Đền Cẩm Phô. Sân bay gần nhất là sân bay quốc tế Đà Nẵng, nằm trong bán kính 27 km từ nhà nghỉ B&B này.",7.0
4468,Hoi An Field Boutique Resort & Spa,Hội An,"Tọa lạc tại thành phố Hội An, cách Hội quán Triều Châu trong vòng 2,5 km, Hoi An Field Boutique Resort & Spa có dịch vụ nhận phòng/trả phòng cấp tốc, phòng nghỉ không hút thuốc, nhà hàng, Wi-Fi miễn phí và xe đạp cho khách sử dụng miễn phí. Trong số nhiều tiện nghi của chỗ nghỉ này còn có vườn, quán bar và sảnh khách chung. Resort có hồ bơi ngoài trời, trung tâm thể dục và lễ tân 24 giờ. Phòng nghỉ tại resort được trang bị máy điều hòa, truyền hình vệ tinh màn hình phẳng, tủ lạnh, ấm đun nước, bồn tắm, máy sấy tóc và bàn làm việc. Phòng tắm riêng đi kèm bồn tắm và vòi sen. Các phòng cũng có tủ để quần áo. Hoi An Field Boutique Resort & Spa phục vụ bữa sáng kiểu lục địa và tự chọn hàng ngày. Chỗ nghỉ có sân hiên. Hoi An Field Boutique Resort & Spa nằm cách Bảo tàng Lịch sử Hội An 2,7 km và Chùa Cầu Nhật Bản 3,4 km. Sân bay gần nhất là sân bay quốc tế Đà Nẵng, cách đó 30 km, và resort cung cấp dịch vụ đưa đón sân bay với một khoản phụ phí.",7.4
4471,Mercure Vung Tau,Vũng Tàu,"Với khu vực bãi biển riêng, resort nằm gần một số điểm tham quan nổi tiếng, cách Bãi Dứa khoảng 100 m, Bãi Sau chưa đầy 1 km và Mũi Nghinh Phong 8 phút đi bộ. Chỗ nghỉ cung cấp dịch vụ lễ tân 24 giờ, dịch vụ đưa đón, dịch vụ phòng và Wi-Fi miễn phí trong toàn bộ khuôn viên. Phòng nghỉ tại resort có máy điều hòa, khu vực ghế ngồi, TV truyền hình vệ tinh màn hình phẳng, két an toàn cũng như phòng tắm riêng đi kèm vòi sen, áo choàng tắm và dép. Các phòng nghỉ đều được trang bị bàn làm việc và ấm đun nước. Khách nghỉ tại Mercure Vung Tau có thể thưởng thức bữa sáng kiểu lục địa hoặc bữa sáng buffet. Chỗ nghỉ nằm cách Bãi Trước 2,3 km và Bạch Dinh 4,2 km. Sân bay gần nhất là sân bay Vũng Tàu, nằm trong bán kính 7 km từ Mercure Vung Tau.",7.4
4474,"Home Away Homestay, City Center, D1",TP. Hồ Chí Minh,"Tọa lạc tại trung tâm Thành phố Hồ Chí Minh, cách Công viên Tao Đàn 800 m và Bảo tàng Mỹ thuật chưa đầy 1 km, Home Away Homestay, City Center, D1 cung cấp chỗ nghỉ với WiFi miễn phí và chỗ đỗ xe riêng miễn phí. Mỗi căn tại đây đều được bố trí phòng tắm riêng đi kèm vòi sen, máy điều hòa, TV và tủ lạnh. Một số căn có khu vực ghế ngồi và/hoặc ban công. Homestay này có sân hiên để khách thư giãn. Các điểm tham quan nổi tiếng gần Home Away Homestay, City Center, D1 bao gồm Chợ Bến Thành, Chợ ẩm thực đường phố Bến Thành và Dinh Thống Nhất. Sân bay gần nhất là sân bay quốc tế Tân Sơn Nhất, nằm trong bán kính 7 km từ chỗ nghỉ.",7.0
4478,Bluesun Hotel,Đà Nẵng,"Tọa lạc tại thành phố ven biển xinh đẹp Đà Nẵng, Bluesun Hotel cung cấp chỗ nghỉ đầy phong cách bên cạnh bãi biển. Bluesun có hồ bơi trong nhà, trung tâm thể dục và bồn tắm nước nóng cho du khách tận hưởng. Khách có thể thưởng thức tùy chọn các loại cocktail hoặc đồ uống tại quán bar trong khuôn viên hay đơn thuần là thư giãn trên sân hiên, ngắm nhìn quang cảnh biển. Wi-Fi được cung cấp miễn phí toàn khuôn viên. Mỗi phòng máy lạnh tại khách sạn đem tới bầu không khí trang nhã với nội thất màu be và đồ đạc kiểu hiện đại. Tất cả phòng được trang bị TV để giải trí và ấm đun nước để tạo sự thuận tiện cho khách. Phòng tắm riêng được trang bị vòi sen hoặc bồn tắm trong khi áo choàng tắm, dép cùng đồ dùng vệ sinh cá nhân được cung cấp sẵn. Các phòng đều có thang máy dẫn lên. Nhân viên quầy lễ tân 24 giờ luôn sẵn lòng hỗ trợ du khách với các dịch vụ như thu đổi ngoại tệ, đặt tour/đặt vé, giữ hành lý cũng như các dịch vụ trợ giúp đặc biệt khác. Du khách cũng có thể tận hưởng liệu pháp mát-xa tại nơi nghỉ hay mua sắm quà tặng/hàng tạp hóa tại các cửa hiệu trong khuôn viên. Dịch vụ đưa đón được cung cấp với một khoản phụ phí. Nhà hàng trang nhã trong khuôn viên nằm trên tầng 15 sẽ phục vụ du khách hàng loạt món ăn Việt Nam truyền thống cũng như ẩm thực quốc tế vào bữa sáng, bữa trưa cùng bữa tối. Cầu Sông Hàn nằm cách Bluesun Hotel 2 km trong khi Bảo tàng Chăm cách đó 2,5 km. Sân bay gần nhất là Sân bay Quốc tế Đà Nẵng, cách nơi nghỉ 6 km.",6.7
4484,Seaside - Bãi Trước Villa,Vũng Tàu,"Nằm cách Bãi Trước 400 m, Seaside - Bãi Trước Villa có chỗ nghỉ với sảnh khách chung, khu vườn và bếp chung để tạo thuận tiện cho khách. Biệt thự cung cấp miễn phí cả WiFi lẫn chỗ đỗ xe riêng. Một số căn tại đây có sân trong, máy điều hòa, khu vực ăn uống và khu vực ghế ngồi với TV truyền hình cáp màn hình phẳng. Một số chỗ nghỉ có ban công nhìn ra vườn, bếp đầy đủ tiện nghi và phòng tắm riêng với vòi xịt/chậu rửa vệ sinh. Seaside - Bãi Trước Villa có sân hiên tắm nắng. Chỗ nghỉ có sân chơi cho trẻ em và tiện nghi BBQ trong khi du khách có thể chơi golf ở khu vực gần đó. Các điểm tham quan nổi tiếng gần chỗ nghỉ bao gồm Bạch Dinh, Khu du lịch sinh thái và văn hóa Hồ Mây cũng như Sân vận động Lam Sơn. Sân bay gần nhất là sân bay Vũng Tàu, cách Seaside - Bãi Trước Villa 4 km.",7.4
4485,Hoi An Corner Homestay,Hội An,"Homestay này cũng cung cấp cả WiFi miễn phí lẫn chỗ đỗ xe riêng miễn phí. Phòng nghỉ tại đây được bố trí sân trong, máy điều hòa, TV màn hình phẳng cũng như phòng tắm riêng với chậu rửa vệ sinh (bidet) và máy sấy tóc. Tủ lạnh và ấm đun nước cũng được trang bị trong phòng. Hoi An Corner Homestay phục vụ bữa sáng kiểu lục địa hàng ngày. Chỗ nghỉ có sân hiên. Du khách có thể thuê xe đạp tại Hoi An Corner Homestay. Homestay nằm cách Bãi biển Hà My 450 m và Bãi biển Cửa Đại 2,3 km. Sân bay gần nhất là sân bay quốc tế Đà Nẵng, nằm trong bán kính 24 km từ Hoi An Corner Homestay, và chỗ nghỉ cung cấp dịch vụ đưa đón sân bay với một khoản phụ phí.",8.0
4488,Trang Ngan Hotel,Đà Nẵng,"Tọa lạc tại thành phố Đà Nẵng, cách Bãi biển Mỹ Khê 250 m và Bãi biển Bắc Mỹ An 1,1 km, Trang Ngan Hotel cung cấp chỗ nghỉ với sảnh khách chung và WiFi miễn phí trong toàn bộ khuôn viên cũng như chỗ đỗ xe riêng miễn phí cho khách lái xe. Khách sạn 3 sao này có bếp chung, dịch vụ phòng, lễ tân 24 giờ và chương trình giải trí buổi tối. Các căn tại đây được trang bị máy điều hòa, TV truyền hình cáp màn hình phẳng, tủ lạnh, ấm đun nước, vòi xịt/chậu rửa vệ sinh, dép đi trong phòng và bàn làm việc. Tất cả các phòng đều có phòng tắm riêng, máy sấy tóc và ga trải giường. Đi bộ đường dài và đi xe đạp là các hoạt động phổ biến trong khu vực trong khi du khách cũng có thể thuê xe hơi tại khách sạn. Trang Ngan Hotel nằm cách Cầu tàu Tình yêu 2,6 km và Bảo tàng Chăm 3,3 km. Sân bay gần nhất là sân bay quốc tế Đà Nẵng, cách đó 5 km, và chỗ nghỉ cung cấp dịch vụ đưa đón sân bay với một khoản phụ phí.",7.7
4491,Cam Nam Homestay,Hội An,"Cam Nam Homestay tọa lạc tại một vị trí yên tĩnh tại thành phố Hội An, cách Bãi biển Cửa Đại khoảng 4 km. Nơi đây có các liệu pháp spa thư giãn, nhà hàng riêng và truy cập Wi-Fi miễn phí. Chỗ ở được trang bị TV, máy lạnh và minibar. Tất cả các phòng đều có khu vực tiếp khách tiện nghi và phòng tắm riêng với vòi sen cùng máy sấy tóc. Những khách lưu trú tại Cam Nam Homestay có thể tận dụng dịch vụ cho thuê xe đạp miễn phí và tiện nghi đỗ xe miễn phí. Nơi nghỉ này còn có các tiện nghi như sảnh khách chung, dịch vụ đặt vé và bàn đặt tour. Nếu du khách muốn khám phá khu vực xung quanh, hãy ghé vào Hội quán Chi hội Phúc Kiến Trung Quốc và Hội quán Chi hội Triều Châu Trung Quốc, đều nằm trong bán kính 700 m từ nơi nghỉ này. Sân bay Quốc tế Đà Nẵng cách đó 24 km.",7.9
4494,Vedana Lagoon Resort & Spa,Huế,"Resort 5 sao này có các biệt thự sang trọng trên mặt nước, WiFi miễn phí, hồ bơi ngoài trời và các dịch vụ spa chăm sóc sức khỏe. Các biệt thự và bungalow rộng rãi tại Vedana có lối trang trí hiện đại với các điểm nhấn mang phong cách truyền thống. Chỗ nghỉ được trang bị TV truyền hình vệ tinh màn hình phẳng, hệ thống giải trí gia đình DVD và minibar. Phòng tắm riêng đi kèm tiện nghi vòi sen và đồ vệ sinh cá nhân miễn phí. Dịch vụ phòng được cung cấp 24/24. Du khách có thể tận hưởng các liệu pháp mát-xa thư giãn và dịch vụ làm đẹp tại spa. Các lớp học Thái Cực Quyền và yoga cũng được cung cấp tại đây. Resort còn có bàn đặt tour và các tiện nghi thể thao dưới nước. Nhà hàng The Horizon Restaurant phục vụ hải sản tươi ngon và có tầm nhìn tuyệt vời. Các lớp học nấu ăn và bữa tối riêng có thể được sắp xếp tại The Lantern House theo yêu cầu. Du khách cũng có thể trải nghiệm ẩm thực riêng lãng mạn dưới những vì sao tại nhà hàng The Twilight Experience. Vedana Lagoon Resort & Spa nằm cách thành phố Huế 38 km và sân bay Huế 25 km. Chùa Từ Hiếu cách đó khoảng 50 phút lái xe.",7.5
